                  * c:\users\hp\esim-workspace\opamp\opamp.cir
                  Transient Analysis  Thu Apr 04 11:15:24  2024
--------------------------------------------------------------------------------
Index   time            l1#branch       v1#branch       v2#branch       
--------------------------------------------------------------------------------
0	0.000000e+00	1.231857e-07	1.018434e-06	-1.60232e-03	
1	1.000000e-06	1.231837e-07	-8.48072e-08	-1.60177e-03	
2	2.000000e-06	1.231795e-07	-1.30293e-06	-1.60120e-03	
3	4.000000e-06	1.231667e-07	-3.80680e-06	-1.60007e-03	
4	8.000000e-06	1.231170e-07	-8.88786e-06	-1.59811e-03	
5	1.600000e-05	1.229641e-07	-1.90457e-05	-1.59530e-03	
6	3.200000e-05	1.227852e-07	-3.95060e-05	-1.59242e-03	
7	5.638649e-05	1.231108e-07	-7.11378e-05	-1.59074e-03	
8	7.993672e-05	1.233542e-07	-1.03006e-04	-1.59006e-03	
9	1.174633e-04	1.229079e-07	-1.61898e-04	-1.58955e-03	
10	1.529057e-04	1.230312e-07	-2.48859e-04	-1.58930e-03	
11	1.955632e-04	1.231836e-07	-5.16088e-04	-1.58929e-03	
12	2.419599e-04	1.223536e-07	-1.54234e-03	-1.58999e-03	
13	2.941284e-04	1.220199e-07	-4.76152e-03	-1.59198e-03	
14	3.621345e-04	1.211613e-07	-1.21746e-02	-1.59620e-03	
15	4.372507e-04	1.200712e-07	-2.24841e-02	-1.59989e-03	
16	5.059388e-04	1.178954e-07	-3.26055e-02	-1.60215e-03	
17	5.938348e-04	9.426648e-08	-4.35166e-02	-1.60416e-03	
18	6.871285e-04	2.496553e-08	-4.56094e-02	-1.60268e-03	
19	7.551946e-04	2.258370e-09	-4.58524e-02	-1.60101e-03	
20	8.193706e-04	7.642047e-09	-4.59280e-02	-1.59728e-03	
21	8.466513e-04	-2.38373e-09	-4.59362e-02	-1.59445e-03	
22	8.693891e-04	-4.51712e-09	-4.59546e-02	-1.59289e-03	
23	8.828731e-04	1.923583e-09	-4.59533e-02	-1.59236e-03	
24	8.935399e-04	6.021254e-09	-4.59663e-02	-1.59198e-03	
25	9.028000e-04	5.310593e-09	-4.59622e-02	-1.59172e-03	
26	9.111606e-04	1.348608e-09	-4.59746e-02	-1.59150e-03	
27	9.200661e-04	-3.66345e-09	-4.59697e-02	-1.59132e-03	
28	9.289246e-04	-6.29240e-09	-4.59827e-02	-1.59114e-03	
29	9.377252e-04	-4.88613e-09	-4.59774e-02	-1.59099e-03	
30	9.470907e-04	-1.16917e-10	-4.59908e-02	-1.59083e-03	
31	9.556710e-04	4.341129e-09	-4.59852e-02	-1.59070e-03	
32	9.643023e-04	5.969770e-09	-4.59982e-02	-1.59057e-03	
33	9.731331e-04	3.625419e-09	-4.59928e-02	-1.59046e-03	
34	9.821104e-04	-1.31959e-09	-4.60057e-02	-1.59034e-03	
35	9.911754e-04	-5.57703e-09	-4.60007e-02	-1.59023e-03	
36	9.994013e-04	-6.33224e-09	-4.60129e-02	-1.59013e-03	
37	1.007907e-03	-3.45780e-09	-4.60081e-02	-1.59003e-03	
38	1.016438e-03	1.372945e-09	-4.60200e-02	-1.58993e-03	
39	1.024351e-03	5.016612e-09	-4.60154e-02	-1.58984e-03	
40	1.032536e-03	5.753721e-09	-4.60265e-02	-1.58974e-03	
41	1.041902e-03	2.483259e-09	-4.60232e-02	-1.58964e-03	
42	1.050439e-03	-2.38843e-09	-4.60338e-02	-1.58954e-03	
43	1.058567e-03	-5.87976e-09	-4.60307e-02	-1.58946e-03	
44	1.067278e-03	-6.10302e-09	-4.60406e-02	-1.58936e-03	
45	1.075726e-03	-2.75085e-09	-4.60383e-02	-1.58927e-03	
46	1.084176e-03	2.089840e-09	-4.60474e-02	-1.58918e-03	
47	1.092096e-03	5.375946e-09	-4.60456e-02	-1.58909e-03	
48	1.100496e-03	5.501082e-09	-4.60540e-02	-1.58901e-03	
49	1.108896e-03	2.153181e-09	-4.60530e-02	-1.58891e-03	
50	1.117297e-03	-2.65909e-09	-4.60608e-02	-1.58883e-03	
51	1.126537e-03	-6.19539e-09	-4.60608e-02	-1.58873e-03	
52	1.134866e-03	-5.80507e-09	-4.60679e-02	-1.58864e-03	
53	1.143100e-03	-2.19611e-09	-4.60680e-02	-1.58855e-03	
54	1.151703e-03	2.697839e-09	-4.60746e-02	-1.58847e-03	

Index   time            l1#branch       v1#branch       v2#branch       
--------------------------------------------------------------------------------
55	1.160578e-03	5.770762e-09	-4.60757e-02	-1.58837e-03	
56	1.168855e-03	5.037024e-09	-4.60816e-02	-1.58829e-03	
57	1.176997e-03	1.269135e-09	-4.60828e-02	-1.58820e-03	
58	1.185748e-03	-3.64639e-09	-4.60884e-02	-1.58811e-03	
59	1.194420e-03	-6.38158e-09	-4.60903e-02	-1.58802e-03	
60	1.203311e-03	-5.17478e-09	-4.60955e-02	-1.58793e-03	
61	1.212769e-03	-4.33643e-10	-4.60982e-02	-1.58783e-03	
62	1.221286e-03	4.101604e-09	-4.61028e-02	-1.58774e-03	
63	1.230070e-03	5.957440e-09	-4.61056e-02	-1.58765e-03	
64	1.238735e-03	3.841809e-09	-4.61099e-02	-1.58757e-03	
65	1.247781e-03	-1.05924e-09	-4.61131e-02	-1.58747e-03	
66	1.256699e-03	-5.37485e-09	-4.61172e-02	-1.58738e-03	
67	1.264995e-03	-6.35950e-09	-4.61204e-02	-1.58729e-03	
68	1.273620e-03	-3.61156e-09	-4.61241e-02	-1.58721e-03	
69	1.282276e-03	1.262303e-09	-4.61276e-02	-1.58711e-03	
70	1.290266e-03	5.003152e-09	-4.61309e-02	-1.58704e-03	
71	1.298452e-03	5.833907e-09	-4.61344e-02	-1.58695e-03	
72	1.307809e-03	2.650825e-09	-4.61380e-02	-1.58686e-03	
73	1.316343e-03	-2.21106e-09	-4.61418e-02	-1.58677e-03	
74	1.324420e-03	-5.75211e-09	-4.61448e-02	-1.58669e-03	
75	1.333075e-03	-6.10794e-09	-4.61488e-02	-1.58660e-03	
76	1.341568e-03	-2.83858e-09	-4.61517e-02	-1.58652e-03	
77	1.350072e-03	2.024703e-09	-4.61558e-02	-1.58642e-03	
78	1.357961e-03	5.369236e-09	-4.61584e-02	-1.58635e-03	
79	1.366389e-03	5.602449e-09	-4.61625e-02	-1.58626e-03	
80	1.374805e-03	2.320060e-09	-4.61653e-02	-1.58618e-03	
81	1.383227e-03	-2.50234e-09	-4.61694e-02	-1.58609e-03	
82	1.391455e-03	-5.91714e-09	-4.61720e-02	-1.58601e-03	
83	1.400090e-03	-5.96084e-09	-4.61762e-02	-1.58592e-03	
84	1.408503e-03	-2.51304e-09	-4.61789e-02	-1.58584e-03	
85	1.416994e-03	2.344799e-09	-4.61831e-02	-1.58575e-03	
86	1.425063e-03	5.551056e-09	-4.61856e-02	-1.58568e-03	
87	1.433526e-03	5.438153e-09	-4.61897e-02	-1.58559e-03	
88	1.441860e-03	1.947312e-09	-4.61924e-02	-1.58551e-03	
89	1.450384e-03	-2.92153e-09	-4.61965e-02	-1.58542e-03	
90	1.459438e-03	-6.21298e-09	-4.61995e-02	-1.58533e-03	
91	1.467904e-03	-5.59267e-09	-4.62036e-02	-1.58524e-03	
92	1.476102e-03	-1.84741e-09	-4.62062e-02	-1.58517e-03	
93	1.484837e-03	3.075438e-09	-4.62103e-02	-1.58508e-03	
94	1.493589e-03	5.886085e-09	-4.62133e-02	-1.58499e-03	
95	1.502072e-03	4.852551e-09	-4.62172e-02	-1.58491e-03	
96	1.510411e-03	7.998863e-10	-4.62200e-02	-1.58483e-03	
97	1.519238e-03	-4.06231e-09	-4.62240e-02	-1.58474e-03	
98	1.527834e-03	-6.40881e-09	-4.62270e-02	-1.58466e-03	
99	1.536879e-03	-4.73765e-09	-4.62310e-02	-1.58456e-03	
100	1.546100e-03	9.353159e-11	-4.62342e-02	-1.58448e-03	
101	1.554879e-03	4.563646e-09	-4.62381e-02	-1.58439e-03	
102	1.563410e-03	5.960669e-09	-4.62411e-02	-1.58431e-03	
103	1.572431e-03	3.348532e-09	-4.62450e-02	-1.58421e-03	
104	1.581257e-03	-1.57481e-09	-4.62482e-02	-1.58413e-03	
105	1.589406e-03	-5.42579e-09	-4.62517e-02	-1.58405e-03	
106	1.597920e-03	-6.26751e-09	-4.62547e-02	-1.58397e-03	
107	1.607437e-03	-2.93819e-09	-4.62587e-02	-1.58387e-03	
108	1.616029e-03	1.964325e-09	-4.62619e-02	-1.58380e-03	
109	1.623861e-03	5.340573e-09	-4.62652e-02	-1.58371e-03	
110	1.632338e-03	5.660612e-09	-4.62682e-02	-1.58364e-03	
111	1.640795e-03	2.413940e-09	-4.62717e-02	-1.58355e-03	
112	1.649262e-03	-2.42889e-09	-4.62749e-02	-1.58347e-03	

Index   time            l1#branch       v1#branch       v2#branch       
--------------------------------------------------------------------------------
113	1.657440e-03	-5.86029e-09	-4.62782e-02	-1.58339e-03	
114	1.666073e-03	-5.96667e-09	-4.62814e-02	-1.58331e-03	
115	1.674490e-03	-2.56067e-09	-4.62848e-02	-1.58323e-03	
116	1.682959e-03	2.287542e-09	-4.62880e-02	-1.58315e-03	
117	1.691006e-03	5.537140e-09	-4.62912e-02	-1.58307e-03	
118	1.699464e-03	5.503535e-09	-4.62943e-02	-1.58299e-03	
119	1.707830e-03	2.051861e-09	-4.62976e-02	-1.58291e-03	
120	1.716312e-03	-2.79974e-09	-4.63008e-02	-1.58283e-03	
121	1.725423e-03	-6.16789e-09	-4.63044e-02	-1.58274e-03	
122	1.733817e-03	-5.62770e-09	-4.63076e-02	-1.58267e-03	
123	1.742016e-03	-1.93694e-09	-4.63107e-02	-1.58258e-03	
124	1.750704e-03	2.977486e-09	-4.63140e-02	-1.58251e-03	
125	1.759492e-03	5.884878e-09	-4.63174e-02	-1.58242e-03	
126	1.767932e-03	4.957598e-09	-4.63206e-02	-1.58234e-03	
127	1.776211e-03	9.960580e-10	-4.63237e-02	-1.58226e-03	
128	1.785015e-03	-3.88992e-09	-4.63271e-02	-1.58218e-03	
129	1.793643e-03	-6.36836e-09	-4.63304e-02	-1.58210e-03	
130	1.802608e-03	-4.85970e-09	-4.63337e-02	-1.58202e-03	
131	1.811920e-03	-5.18168e-11	-4.63372e-02	-1.58193e-03	
132	1.820597e-03	4.441285e-09	-4.63405e-02	-1.58185e-03	
133	1.829213e-03	5.999622e-09	-4.63437e-02	-1.58176e-03	
134	1.838130e-03	3.555615e-09	-4.63471e-02	-1.58169e-03	
135	1.847017e-03	-1.35981e-09	-4.63504e-02	-1.58160e-03	
136	1.855169e-03	-5.29513e-09	-4.63535e-02	-1.58153e-03	
137	1.863625e-03	-6.29364e-09	-4.63566e-02	-1.58145e-03	
138	1.873082e-03	-3.14562e-09	-4.63601e-02	-1.58136e-03	
139	1.881725e-03	1.767662e-09	-4.63634e-02	-1.58128e-03	
140	1.889610e-03	5.267663e-09	-4.63663e-02	-1.58121e-03	
141	1.898031e-03	5.753292e-09	-4.63694e-02	-1.58113e-03	
142	1.906508e-03	2.633485e-09	-4.63725e-02	-1.58106e-03	
143	1.914998e-03	-2.21223e-09	-4.63757e-02	-1.58097e-03	
144	1.923056e-03	-5.72077e-09	-4.63786e-02	-1.58090e-03	
145	1.931668e-03	-6.04708e-09	-4.63818e-02	-1.58082e-03	
146	1.940151e-03	-2.76870e-09	-4.63849e-02	-1.58075e-03	
147	1.948643e-03	2.088755e-09	-4.63880e-02	-1.58067e-03	
148	1.956577e-03	5.436809e-09	-4.63909e-02	-1.58060e-03	
149	1.965029e-03	5.635900e-09	-4.63940e-02	-1.58052e-03	
150	1.973437e-03	2.328661e-09	-4.63971e-02	-1.58045e-03	
151	1.981849e-03	-2.48997e-09	-4.64001e-02	-1.58037e-03	
152	1.990065e-03	-5.88106e-09	-4.64031e-02	-1.58030e-03	
153	1.998677e-03	-5.90258e-09	-4.64062e-02	-1.58022e-03	
154	2.007083e-03	-2.44655e-09	-4.64092e-02	-1.58014e-03	
155	2.015578e-03	2.412323e-09	-4.64123e-02	-1.58006e-03	
156	2.023692e-03	5.616024e-09	-4.64152e-02	-1.58000e-03	
157	2.032181e-03	5.462346e-09	-4.64183e-02	-1.57992e-03	
158	2.040506e-03	1.945152e-09	-4.64213e-02	-1.57985e-03	
159	2.049055e-03	-2.93345e-09	-4.64243e-02	-1.57977e-03	
160	2.058083e-03	-6.17951e-09	-4.64275e-02	-1.57969e-03	
161	2.066547e-03	-5.51863e-09	-4.64306e-02	-1.57961e-03	
162	2.074734e-03	-1.75530e-09	-4.64335e-02	-1.57954e-03	
163	2.083488e-03	3.169858e-09	-4.64366e-02	-1.57946e-03	
164	2.092217e-03	5.940817e-09	-4.64397e-02	-1.57939e-03	
165	2.100761e-03	4.854433e-09	-4.64427e-02	-1.57931e-03	
166	2.109140e-03	7.495547e-10	-4.64456e-02	-1.57924e-03	
167	2.117983e-03	-4.09911e-09	-4.64488e-02	-1.57916e-03	
168	2.126569e-03	-6.37150e-09	-4.64517e-02	-1.57909e-03	
169	2.135614e-03	-4.62225e-09	-4.64549e-02	-1.57901e-03	
170	2.144799e-03	2.209608e-10	-4.64581e-02	-1.57893e-03	

Index   time            l1#branch       v1#branch       v2#branch       
--------------------------------------------------------------------------------
171	2.153618e-03	4.674002e-09	-4.64612e-02	-1.57885e-03	
172	2.162109e-03	5.995862e-09	-4.64641e-02	-1.57878e-03	
173	2.171219e-03	3.287470e-09	-4.64673e-02	-1.57870e-03	
174	2.180009e-03	-1.63679e-09	-4.64703e-02	-1.57863e-03	
175	2.188121e-03	-5.42975e-09	-4.64732e-02	-1.57855e-03	
176	2.196636e-03	-6.20235e-09	-4.64761e-02	-1.57849e-03	
177	2.206150e-03	-2.81430e-09	-4.64794e-02	-1.57840e-03	
178	2.214722e-03	2.081189e-09	-4.64823e-02	-1.57833e-03	
179	2.222582e-03	5.425408e-09	-4.64850e-02	-1.57826e-03	
180	2.231098e-03	5.665600e-09	-4.64879e-02	-1.57819e-03	
181	2.239542e-03	2.360060e-09	-4.64908e-02	-1.57812e-03	
182	2.247992e-03	-2.47706e-09	-4.64936e-02	-1.57805e-03	
183	2.256195e-03	-5.86268e-09	-4.64964e-02	-1.57798e-03	
184	2.264810e-03	-5.88490e-09	-4.64993e-02	-1.57791e-03	
185	2.273203e-03	-2.43548e-09	-4.65022e-02	-1.57783e-03	
186	2.281703e-03	2.426226e-09	-4.65050e-02	-1.57777e-03	
187	2.289832e-03	5.634797e-09	-4.65078e-02	-1.57769e-03	
188	2.298328e-03	5.476609e-09	-4.65106e-02	-1.57763e-03	
189	2.306667e-03	1.948644e-09	-4.65134e-02	-1.57755e-03	
190	2.315215e-03	-2.92877e-09	-4.65162e-02	-1.57749e-03	
191	2.324245e-03	-6.16604e-09	-4.65193e-02	-1.57741e-03	
192	2.332699e-03	-5.49623e-09	-4.65220e-02	-1.57734e-03	
193	2.340868e-03	-1.73752e-09	-4.65248e-02	-1.57727e-03	
194	2.349630e-03	3.190897e-09	-4.65276e-02	-1.57720e-03	
195	2.358349e-03	5.957936e-09	-4.65305e-02	-1.57713e-03	
196	2.366914e-03	4.865705e-09	-4.65333e-02	-1.57706e-03	
197	2.375306e-03	7.496417e-10	-4.65361e-02	-1.57699e-03	
198	2.384150e-03	-4.09590e-09	-4.65390e-02	-1.57692e-03	
199	2.392738e-03	-6.35589e-09	-4.65418e-02	-1.57685e-03	
200	2.401774e-03	-4.59540e-09	-4.65447e-02	-1.57678e-03	
201	2.410968e-03	2.566650e-10	-4.65477e-02	-1.57670e-03	
202	2.419785e-03	4.701866e-09	-4.65505e-02	-1.57663e-03	
203	2.428272e-03	6.010707e-09	-4.65533e-02	-1.57656e-03	
204	2.437401e-03	3.283547e-09	-4.65562e-02	-1.57649e-03	
205	2.446171e-03	-1.63445e-09	-4.65591e-02	-1.57642e-03	
206	2.454264e-03	-5.41552e-09	-4.65616e-02	-1.57636e-03	
207	2.462771e-03	-6.18547e-09	-4.65644e-02	-1.57629e-03	
208	2.472278e-03	-2.80015e-09	-4.65674e-02	-1.57622e-03	
209	2.480862e-03	2.100497e-09	-4.65701e-02	-1.57614e-03	
210	2.488737e-03	5.446976e-09	-4.65726e-02	-1.57609e-03	
211	2.497264e-03	5.676264e-09	-4.65753e-02	-1.57601e-03	
212	2.505694e-03	2.367946e-09	-4.65779e-02	-1.57595e-03	
213	2.514129e-03	-2.46231e-09	-4.65806e-02	-1.57588e-03	
214	2.522321e-03	-5.84469e-09	-4.65831e-02	-1.57582e-03	
215	2.530925e-03	-5.87229e-09	-4.65858e-02	-1.57575e-03	
216	2.539331e-03	-2.42184e-09	-4.65884e-02	-1.57569e-03	
217	2.547821e-03	2.435160e-09	-4.65911e-02	-1.57562e-03	
218	2.555954e-03	5.649089e-09	-4.65936e-02	-1.57556e-03	
219	2.564457e-03	5.493982e-09	-4.65962e-02	-1.57549e-03	
220	2.572784e-03	1.972886e-09	-4.65988e-02	-1.57543e-03	
221	2.581337e-03	-2.90716e-09	-4.66014e-02	-1.57536e-03	
222	2.590366e-03	-6.14814e-09	-4.66042e-02	-1.57530e-03	
223	2.598809e-03	-5.48645e-09	-4.66068e-02	-1.57523e-03	
224	2.606991e-03	-1.72640e-09	-4.66092e-02	-1.57517e-03	
225	2.615742e-03	3.197638e-09	-4.66119e-02	-1.57510e-03	
226	2.624468e-03	5.972653e-09	-4.66145e-02	-1.57504e-03	
227	2.633036e-03	4.885181e-09	-4.66171e-02	-1.57497e-03	
228	2.641420e-03	7.754485e-10	-4.66197e-02	-1.57491e-03	

Index   time            l1#branch       v1#branch       v2#branch       
--------------------------------------------------------------------------------
229	2.650267e-03	-4.07309e-09	-4.66223e-02	-1.57484e-03	
230	2.658854e-03	-6.33933e-09	-4.66249e-02	-1.57478e-03	
231	2.667878e-03	-4.59019e-09	-4.66276e-02	-1.57471e-03	
232	2.677064e-03	2.528320e-10	-4.66303e-02	-1.57465e-03	
233	2.685878e-03	4.704690e-09	-4.66329e-02	-1.57458e-03	
234	2.694368e-03	6.028967e-09	-4.66354e-02	-1.57452e-03	
235	2.703502e-03	3.313006e-09	-4.66381e-02	-1.57445e-03	
236	2.712290e-03	-1.61189e-09	-4.66407e-02	-1.57439e-03	
237	2.720380e-03	-5.39499e-09	-4.66431e-02	-1.57433e-03	
238	2.728879e-03	-6.17289e-09	-4.66455e-02	-1.57427e-03	
239	2.738372e-03	-2.80282e-09	-4.66483e-02	-1.57420e-03	
240	2.746944e-03	2.091670e-09	-4.66508e-02	-1.57414e-03	
241	2.754823e-03	5.451938e-09	-4.66531e-02	-1.57408e-03	
242	2.763351e-03	5.700225e-09	-4.66555e-02	-1.57402e-03	
243	2.771798e-03	2.397189e-09	-4.66579e-02	-1.57396e-03	
244	2.780251e-03	-2.44157e-09	-4.66603e-02	-1.57390e-03	
245	2.788430e-03	-5.82399e-09	-4.66627e-02	-1.57384e-03	
246	2.797030e-03	-5.86245e-09	-4.66651e-02	-1.57378e-03	
247	2.805425e-03	-2.42506e-09	-4.66675e-02	-1.57372e-03	
248	2.813915e-03	2.431931e-09	-4.66699e-02	-1.57366e-03	
249	2.822053e-03	5.658002e-09	-4.66722e-02	-1.57360e-03	
250	2.830559e-03	5.516088e-09	-4.66746e-02	-1.57355e-03	
251	2.838903e-03	1.995236e-09	-4.66769e-02	-1.57348e-03	
252	2.847446e-03	-2.88060e-09	-4.66793e-02	-1.57343e-03	
253	2.856487e-03	-6.13121e-09	-4.66818e-02	-1.57336e-03	
254	2.864910e-03	-5.47971e-09	-4.66841e-02	-1.57331e-03	
255	2.873080e-03	-1.73358e-09	-4.66864e-02	-1.57325e-03	
256	2.881826e-03	3.191377e-09	-4.66888e-02	-1.57319e-03	
257	2.890554e-03	5.983377e-09	-4.66912e-02	-1.57313e-03	
258	2.899125e-03	4.913988e-09	-4.66935e-02	-1.57307e-03	
259	2.907506e-03	8.149871e-10	-4.66958e-02	-1.57301e-03	
260	2.916349e-03	-4.03726e-09	-4.66982e-02	-1.57296e-03	
261	2.924944e-03	-6.32239e-09	-4.67005e-02	-1.57289e-03	
262	2.933946e-03	-4.59861e-09	-4.67029e-02	-1.57284e-03	
263	2.943156e-03	2.465316e-10	-4.67054e-02	-1.57277e-03	
264	2.951948e-03	4.698861e-09	-4.67077e-02	-1.57272e-03	
265	2.960452e-03	6.047258e-09	-4.67100e-02	-1.57266e-03	
266	2.969576e-03	3.353886e-09	-4.67124e-02	-1.57260e-03	
267	2.978363e-03	-1.56599e-09	-4.67148e-02	-1.57254e-03	
268	2.986438e-03	-5.35882e-09	-4.67169e-02	-1.57249e-03	
269	2.994921e-03	-6.16910e-09	-4.67191e-02	-1.57243e-03	
270	3.004395e-03	-2.83950e-09	-4.67216e-02	-1.57237e-03	
271	3.012985e-03	2.061723e-09	-4.67238e-02	-1.57231e-03	
272	3.020877e-03	5.448941e-09	-4.67258e-02	-1.57227e-03	
273	3.029403e-03	5.729530e-09	-4.67281e-02	-1.57221e-03	
274	3.037846e-03	2.452199e-09	-4.67302e-02	-1.57216e-03	
275	3.046297e-03	-2.38458e-09	-4.67324e-02	-1.57210e-03	
276	3.054439e-03	-5.78288e-09	-4.67345e-02	-1.57205e-03	
277	3.063029e-03	-5.87424e-09	-4.67367e-02	-1.57199e-03	
278	3.071447e-03	-2.46369e-09	-4.67388e-02	-1.57194e-03	
279	3.079908e-03	2.379910e-09	-4.67409e-02	-1.57189e-03	
280	3.088019e-03	5.640443e-09	-4.67430e-02	-1.57184e-03	
281	3.096519e-03	5.568387e-09	-4.67451e-02	-1.57178e-03	
282	3.104868e-03	2.092234e-09	-4.67472e-02	-1.57173e-03	
283	3.113383e-03	-2.77319e-09	-4.67493e-02	-1.57168e-03	
284	3.122467e-03	-6.09487e-09	-4.67515e-02	-1.57162e-03	
285	3.130833e-03	-5.52029e-09	-4.67536e-02	-1.57157e-03	
286	3.139029e-03	-1.81209e-09	-4.67556e-02	-1.57152e-03	

Index   time            l1#branch       v1#branch       v2#branch       
--------------------------------------------------------------------------------
287	3.147723e-03	3.100358e-09	-4.67577e-02	-1.57147e-03	
288	3.156492e-03	5.978515e-09	-4.67599e-02	-1.57142e-03	
289	3.165013e-03	5.002837e-09	-4.67619e-02	-1.57136e-03	
290	3.173331e-03	9.900288e-10	-4.67639e-02	-1.57131e-03	
291	3.182156e-03	-3.88761e-09	-4.67661e-02	-1.57126e-03	
292	3.190775e-03	-6.29319e-09	-4.67681e-02	-1.57121e-03	
293	3.199712e-03	-4.71572e-09	-4.67702e-02	-1.57115e-03	
294	3.208977e-03	9.714421e-11	-4.67724e-02	-1.57110e-03	
295	3.217688e-03	4.580573e-09	-4.67745e-02	-1.57105e-03	
296	3.226264e-03	6.080038e-09	-4.67765e-02	-1.57100e-03	
297	3.235293e-03	3.546764e-09	-4.67786e-02	-1.57094e-03	
298	3.244159e-03	-1.37890e-09	-4.67807e-02	-1.57090e-03	
299	3.252279e-03	-5.26049e-09	-4.67826e-02	-1.57084e-03	
300	3.260706e-03	-6.19410e-09	-4.67845e-02	-1.57080e-03	
301	3.270142e-03	-3.00515e-09	-4.67867e-02	-1.57074e-03	
302	3.278747e-03	1.893835e-09	-4.67887e-02	-1.57070e-03	
303	3.286637e-03	5.374209e-09	-4.67905e-02	-1.57065e-03	
304	3.295126e-03	5.813157e-09	-4.67924e-02	-1.57060e-03	
305	3.303614e-03	2.639080e-09	-4.67943e-02	-1.57055e-03	
306	3.312115e-03	-2.21622e-09	-4.67962e-02	-1.57051e-03	
307	3.320157e-03	-5.67518e-09	-4.67980e-02	-1.57046e-03	
308	3.328741e-03	-5.93949e-09	-4.67999e-02	-1.57042e-03	
309	3.337191e-03	-2.63688e-09	-4.68018e-02	-1.57036e-03	
310	3.345647e-03	2.204090e-09	-4.68037e-02	-1.57032e-03	
311	3.353660e-03	5.552299e-09	-4.68054e-02	-1.57027e-03	
312	3.362148e-03	5.684956e-09	-4.68073e-02	-1.57023e-03	
313	3.370557e-03	2.323601e-09	-4.68091e-02	-1.57018e-03	
314	3.378974e-03	-2.49844e-09	-4.68109e-02	-1.57014e-03	
315	3.387190e-03	-5.83695e-09	-4.68127e-02	-1.57009e-03	
316	3.395769e-03	-5.78754e-09	-4.68145e-02	-1.57005e-03	
317	3.404139e-03	-2.30599e-09	-4.68163e-02	-1.57000e-03	
318	3.412661e-03	2.564370e-09	-4.68181e-02	-1.56996e-03	
319	3.421767e-03	5.886843e-09	-4.68201e-02	-1.56991e-03	
320	3.429982e-03	5.340131e-09	-4.68218e-02	-1.56987e-03	
321	3.438162e-03	1.671064e-09	-4.68235e-02	-1.56982e-03	
322	3.446809e-03	-3.22686e-09	-4.68253e-02	-1.56978e-03	
323	3.455582e-03	-6.16762e-09	-4.68271e-02	-1.56973e-03	
324	3.464216e-03	-5.23110e-09	-4.68289e-02	-1.56969e-03	
325	3.472541e-03	-1.22815e-09	-4.68306e-02	-1.56964e-03	
326	3.481379e-03	3.661500e-09	-4.68324e-02	-1.56960e-03	
327	3.490022e-03	6.086837e-09	-4.68341e-02	-1.56955e-03	
328	3.498798e-03	4.575779e-09	-4.68359e-02	-1.56951e-03	
329	3.508096e-03	-2.20859e-10	-4.68378e-02	-1.56946e-03	
330	3.516740e-03	-4.70688e-09	-4.68395e-02	-1.56942e-03	
331	3.525345e-03	-6.28982e-09	-4.68412e-02	-1.56938e-03	
332	3.534465e-03	-3.78914e-09	-4.68430e-02	-1.56934e-03	
333	3.543358e-03	1.142113e-09	-4.68448e-02	-1.56929e-03	
334	3.551501e-03	5.047253e-09	-4.68463e-02	-1.56925e-03	
335	3.559760e-03	6.018790e-09	-4.68479e-02	-1.56921e-03	
336	3.569121e-03	2.942828e-09	-4.68498e-02	-1.56917e-03	
337	3.577710e-03	-1.93570e-09	-4.68514e-02	-1.56912e-03	
338	3.585704e-03	-5.51813e-09	-4.68529e-02	-1.56909e-03	
339	3.594256e-03	-6.02882e-09	-4.68545e-02	-1.56904e-03	
340	3.602773e-03	-2.88306e-09	-4.68562e-02	-1.56901e-03	
341	3.611306e-03	1.986411e-09	-4.68577e-02	-1.56896e-03	
342	3.619208e-03	5.431893e-09	-4.68592e-02	-1.56893e-03	
343	3.627696e-03	5.804363e-09	-4.68608e-02	-1.56889e-03	
344	3.636157e-03	2.593087e-09	-4.68624e-02	-1.56885e-03	

Index   time            l1#branch       v1#branch       v2#branch       
--------------------------------------------------------------------------------
345	3.644629e-03	-2.25072e-09	-4.68639e-02	-1.56881e-03	
346	3.652691e-03	-5.68637e-09	-4.68654e-02	-1.56878e-03	
347	3.661262e-03	-5.90103e-09	-4.68669e-02	-1.56873e-03	
348	3.669707e-03	-2.56744e-09	-4.68685e-02	-1.56870e-03	
349	3.678155e-03	2.270287e-09	-4.68700e-02	-1.56866e-03	
350	3.686211e-03	5.600817e-09	-4.68714e-02	-1.56863e-03	
351	3.694708e-03	5.672738e-09	-4.68729e-02	-1.56858e-03	
352	3.703095e-03	2.277967e-09	-4.68744e-02	-1.56855e-03	
353	3.711545e-03	-2.55970e-09	-4.68758e-02	-1.56851e-03	
354	3.719794e-03	-5.85836e-09	-4.68773e-02	-1.56848e-03	
355	3.728379e-03	-5.72595e-09	-4.68788e-02	-1.56844e-03	
356	3.736736e-03	-2.19438e-09	-4.68802e-02	-1.56840e-03	
357	3.745294e-03	2.688577e-09	-4.68816e-02	-1.56836e-03	
358	3.754347e-03	5.928577e-09	-4.68832e-02	-1.56833e-03	
359	3.762628e-03	5.295275e-09	-4.68846e-02	-1.56829e-03	
360	3.770784e-03	1.579609e-09	-4.68859e-02	-1.56826e-03	
361	3.779490e-03	-3.33318e-09	-4.68874e-02	-1.56822e-03	
362	3.788216e-03	-6.17460e-09	-4.68888e-02	-1.56819e-03	
363	3.796906e-03	-5.12762e-09	-4.68902e-02	-1.56815e-03	
364	3.805304e-03	-1.02519e-09	-4.68916e-02	-1.56812e-03	
365	3.814162e-03	3.835576e-09	-4.68930e-02	-1.56808e-03	
366	3.822777e-03	6.121177e-09	-4.68944e-02	-1.56805e-03	
367	3.831628e-03	4.443208e-09	-4.68958e-02	-1.56801e-03	
368	3.840855e-03	-3.89565e-10	-4.68973e-02	-1.56798e-03	
369	3.849595e-03	-4.84455e-09	-4.68986e-02	-1.56794e-03	
370	3.858116e-03	-6.25425e-09	-4.69000e-02	-1.56791e-03	
371	3.867348e-03	-3.56796e-09	-4.69014e-02	-1.56787e-03	
372	3.876154e-03	1.359593e-09	-4.69027e-02	-1.56784e-03	
373	3.884219e-03	5.154958e-09	-4.69040e-02	-1.56780e-03	
374	3.892556e-03	5.995327e-09	-4.69052e-02	-1.56778e-03	
375	3.901946e-03	2.767315e-09	-4.69066e-02	-1.56774e-03	
376	3.910517e-03	-2.11737e-09	-4.69079e-02	-1.56771e-03	
377	3.918512e-03	-5.59999e-09	-4.69091e-02	-1.56767e-03	
378	3.927101e-03	-5.93941e-09	-4.69104e-02	-1.56765e-03	
379	3.935572e-03	-2.68042e-09	-4.69116e-02	-1.56761e-03	
380	3.944053e-03	2.170976e-09	-4.69128e-02	-1.56759e-03	
381	3.952049e-03	5.550652e-09	-4.69139e-02	-1.56755e-03	
382	3.960553e-03	5.741926e-09	-4.69152e-02	-1.56753e-03	
383	3.968979e-03	2.411774e-09	-4.69163e-02	-1.56749e-03	
384	3.977408e-03	-2.41574e-09	-4.69175e-02	-1.56747e-03	
385	3.985568e-03	-5.77212e-09	-4.69186e-02	-1.56743e-03	
386	3.994133e-03	-5.79255e-09	-4.69198e-02	-1.56741e-03	
387	4.002519e-03	-2.35192e-09	-4.69210e-02	-1.56738e-03	
388	4.011008e-03	2.504070e-09	-4.69221e-02	-1.56735e-03	
389	4.019197e-03	5.735405e-09	-4.69232e-02	-1.56732e-03	
390	4.027734e-03	5.558773e-09	-4.69244e-02	-1.56729e-03	
391	4.036070e-03	2.014556e-09	-4.69254e-02	-1.56726e-03	
392	4.044637e-03	-2.87001e-09	-4.69266e-02	-1.56724e-03	
393	4.053656e-03	-6.07946e-09	-4.69277e-02	-1.56720e-03	
394	4.062062e-03	-5.39485e-09	-4.69288e-02	-1.56718e-03	
395	4.070222e-03	-1.63579e-09	-4.69299e-02	-1.56715e-03	
396	4.078979e-03	3.289785e-09	-4.69310e-02	-1.56713e-03	
397	4.087688e-03	6.053115e-09	-4.69321e-02	-1.56710e-03	
398	4.096325e-03	4.939574e-09	-4.69331e-02	-1.56707e-03	
399	4.104744e-03	7.951723e-10	-4.69342e-02	-1.56704e-03	
400	4.113602e-03	-4.04503e-09	-4.69353e-02	-1.56702e-03	
401	4.122190e-03	-6.26465e-09	-4.69363e-02	-1.56699e-03	
402	4.131174e-03	-4.47867e-09	-4.69374e-02	-1.56697e-03	

Index   time            l1#branch       v1#branch       v2#branch       
--------------------------------------------------------------------------------
403	4.140352e-03	3.742155e-10	-4.69384e-02	-1.56694e-03	
404	4.149174e-03	4.812489e-09	-4.69395e-02	-1.56691e-03	
405	4.157645e-03	6.103395e-09	-4.69404e-02	-1.56689e-03	
406	4.166862e-03	3.326194e-09	-4.69415e-02	-1.56686e-03	
407	4.175623e-03	-1.59549e-09	-4.69425e-02	-1.56683e-03	
408	4.183651e-03	-5.33272e-09	-4.69434e-02	-1.56682e-03	
409	4.192122e-03	-6.09005e-09	-4.69443e-02	-1.56679e-03	
410	4.201576e-03	-2.72706e-09	-4.69454e-02	-1.56677e-03	
411	4.210146e-03	2.166315e-09	-4.69463e-02	-1.56674e-03	
412	4.218075e-03	5.540729e-09	-4.69472e-02	-1.56672e-03	
413	4.226642e-03	5.763723e-09	-4.69480e-02	-1.56669e-03	
414	4.235080e-03	2.440245e-09	-4.69490e-02	-1.56668e-03	
415	4.243524e-03	-2.39421e-09	-4.69498e-02	-1.56665e-03	
416	4.251666e-03	-5.75114e-09	-4.69507e-02	-1.56663e-03	
417	4.260229e-03	-5.78605e-09	-4.69515e-02	-1.56661e-03	
418	4.268625e-03	-2.35087e-09	-4.69524e-02	-1.56659e-03	
419	4.277105e-03	2.501074e-09	-4.69532e-02	-1.56656e-03	
420	4.285293e-03	5.742449e-09	-4.69540e-02	-1.56655e-03	
421	4.293833e-03	5.579954e-09	-4.69548e-02	-1.56652e-03	
422	4.302167e-03	2.045723e-09	-4.69557e-02	-1.56651e-03	
423	4.310730e-03	-2.83819e-09	-4.69565e-02	-1.56648e-03	
424	4.319758e-03	-6.06149e-09	-4.69573e-02	-1.56646e-03	
425	4.328146e-03	-5.39413e-09	-4.69581e-02	-1.56644e-03	
426	4.336315e-03	-1.64218e-09	-4.69588e-02	-1.56643e-03	
427	4.345057e-03	3.279632e-09	-4.69596e-02	-1.56640e-03	
428	4.353776e-03	6.062745e-09	-4.69604e-02	-1.56639e-03	
429	4.362408e-03	4.968709e-09	-4.69611e-02	-1.56636e-03	
430	4.370813e-03	8.419090e-10	-4.69619e-02	-1.56635e-03	
431	4.379669e-03	-4.00479e-09	-4.69626e-02	-1.56632e-03	
432	4.388261e-03	-6.24871e-09	-4.69634e-02	-1.56631e-03	
433	4.397226e-03	-4.49451e-09	-4.69641e-02	-1.56629e-03	
434	4.406411e-03	3.497600e-10	-4.69649e-02	-1.56627e-03	
435	4.415216e-03	4.796821e-09	-4.69656e-02	-1.56625e-03	
436	4.423701e-03	6.122301e-09	-4.69663e-02	-1.56624e-03	
437	4.432906e-03	3.378775e-09	-4.69670e-02	-1.56621e-03	
438	4.441687e-03	-1.54694e-09	-4.69677e-02	-1.56620e-03	
439	4.449724e-03	-5.30280e-09	-4.69682e-02	-1.56618e-03	
440	4.458177e-03	-6.08586e-09	-4.69689e-02	-1.56617e-03	
441	4.467617e-03	-2.75568e-09	-4.69696e-02	-1.56615e-03	
442	4.476186e-03	2.135261e-09	-4.69702e-02	-1.56614e-03	
443	4.484119e-03	5.534445e-09	-4.69707e-02	-1.56612e-03	
444	4.492682e-03	5.794259e-09	-4.69714e-02	-1.56611e-03	
445	4.501134e-03	2.491156e-09	-4.69719e-02	-1.56609e-03	
446	4.509593e-03	-2.35037e-09	-4.69725e-02	-1.56608e-03	
447	4.517707e-03	-5.71831e-09	-4.69730e-02	-1.56606e-03	
448	4.526265e-03	-5.79130e-09	-4.69736e-02	-1.56605e-03	
449	4.534665e-03	-2.38172e-09	-4.69741e-02	-1.56603e-03	
450	4.543128e-03	2.463333e-09	-4.69747e-02	-1.56602e-03	
451	4.551302e-03	5.732570e-09	-4.69752e-02	-1.56601e-03	
452	4.559838e-03	5.621518e-09	-4.69757e-02	-1.56600e-03	
453	4.568191e-03	2.112699e-09	-4.69762e-02	-1.56598e-03	
454	4.576728e-03	-2.76157e-09	-4.69767e-02	-1.56597e-03	
455	4.585791e-03	-6.03422e-09	-4.69772e-02	-1.56595e-03	
456	4.594134e-03	-5.41860e-09	-4.69777e-02	-1.56595e-03	
457	4.602307e-03	-1.69950e-09	-4.69781e-02	-1.56593e-03	
458	4.611017e-03	3.216635e-09	-4.69786e-02	-1.56592e-03	
459	4.619760e-03	6.061850e-09	-4.69790e-02	-1.56591e-03	
460	4.628362e-03	5.037144e-09	-4.69795e-02	-1.56590e-03	

Index   time            l1#branch       v1#branch       v2#branch       
--------------------------------------------------------------------------------
461	4.636727e-03	9.687399e-10	-4.69799e-02	-1.56589e-03	
462	4.645570e-03	-3.89646e-09	-4.69803e-02	-1.56588e-03	
463	4.654182e-03	-6.22624e-09	-4.69807e-02	-1.56586e-03	
464	4.663096e-03	-4.57561e-09	-4.69812e-02	-1.56586e-03	
465	4.672335e-03	2.536141e-10	-4.69816e-02	-1.56584e-03	
466	4.681074e-03	4.719028e-09	-4.69820e-02	-1.56584e-03	
467	4.689612e-03	6.149481e-09	-4.69823e-02	-1.56582e-03	
468	4.698748e-03	3.518085e-09	-4.69827e-02	-1.56582e-03	
469	4.707570e-03	-1.40673e-09	-4.69830e-02	-1.56580e-03	
470	4.715653e-03	-5.23168e-09	-4.69834e-02	-1.56580e-03	
471	4.724052e-03	-6.10220e-09	-4.69837e-02	-1.56579e-03	
472	4.733473e-03	-2.87091e-09	-4.69840e-02	-1.56578e-03	
473	4.742062e-03	2.023623e-09	-4.69843e-02	-1.56577e-03	
474	4.750001e-03	5.489330e-09	-4.69846e-02	-1.56577e-03	
475	4.758541e-03	5.855390e-09	-4.69849e-02	-1.56576e-03	
476	4.767012e-03	2.624914e-09	-4.69852e-02	-1.56575e-03	
477	4.775494e-03	-2.22476e-09	-4.69854e-02	-1.56574e-03	
478	4.783533e-03	-5.63726e-09	-4.69857e-02	-1.56574e-03	
479	4.792081e-03	-5.83836e-09	-4.69859e-02	-1.56573e-03	
480	4.800516e-03	-2.50366e-09	-4.69861e-02	-1.56573e-03	
481	4.808953e-03	2.329068e-09	-4.69863e-02	-1.56572e-03	
482	4.817051e-03	5.668677e-09	-4.69866e-02	-1.56572e-03	
483	4.825575e-03	5.717978e-09	-4.69867e-02	-1.56571e-03	
484	4.833963e-03	2.302881e-09	-4.69870e-02	-1.56571e-03	
485	4.842428e-03	-2.54173e-09	-4.69871e-02	-1.56570e-03	
486	4.850655e-03	-5.81158e-09	-4.69873e-02	-1.56570e-03	
487	4.859222e-03	-5.65739e-09	-4.69874e-02	-1.56569e-03	
488	4.867567e-03	-2.11938e-09	-4.69876e-02	-1.56569e-03	
489	4.876131e-03	2.765821e-09	-4.69877e-02	-1.56568e-03	
490	4.885168e-03	5.990520e-09	-4.69879e-02	-1.56568e-03	
491	4.893503e-03	5.333655e-09	-4.69880e-02	-1.56567e-03	
492	4.901662e-03	1.597613e-09	-4.69881e-02	-1.56568e-03	
493	4.910390e-03	-3.31992e-09	-4.69882e-02	-1.56567e-03	
494	4.919107e-03	-6.12525e-09	-4.69883e-02	-1.56567e-03	
495	4.927778e-03	-5.04612e-09	-4.69884e-02	-1.56566e-03	
496	4.936186e-03	-9.22715e-10	-4.69885e-02	-1.56567e-03	
497	4.945045e-03	3.929170e-09	-4.69885e-02	-1.56566e-03	
498	4.953648e-03	6.182761e-09	-4.69886e-02	-1.56566e-03	
499	4.962558e-03	4.454254e-09	-4.69886e-02	-1.56566e-03	
500	4.971759e-03	-3.86622e-10	-4.69887e-02	-1.56566e-03	
501	4.980538e-03	-4.83411e-09	-4.69886e-02	-1.56566e-03	
502	4.989034e-03	-6.18833e-09	-4.69887e-02	-1.56566e-03	
503	4.998263e-03	-3.45807e-09	-4.69886e-02	-1.56565e-03	
504	5.007049e-03	1.468478e-09	-4.69887e-02	-1.56566e-03	
505	5.015095e-03	5.235849e-09	-4.69886e-02	-1.56565e-03	
506	5.023495e-03	6.037491e-09	-4.69886e-02	-1.56566e-03	
507	5.032913e-03	2.747072e-09	-4.69885e-02	-1.56566e-03	
508	5.041481e-03	-2.14065e-09	-4.69885e-02	-1.56566e-03	
509	5.049445e-03	-5.57316e-09	-4.69884e-02	-1.56566e-03	
510	5.058023e-03	-5.85897e-09	-4.69884e-02	-1.56566e-03	
511	5.066482e-03	-2.56895e-09	-4.69882e-02	-1.56566e-03	
512	5.074947e-03	2.276318e-09	-4.69882e-02	-1.56567e-03	
513	5.083012e-03	5.645987e-09	-4.69881e-02	-1.56567e-03	
514	5.091545e-03	5.763509e-09	-4.69880e-02	-1.56567e-03	
515	5.099955e-03	2.384110e-09	-4.69878e-02	-1.56567e-03	
516	5.108392e-03	-2.44737e-09	-4.69877e-02	-1.56568e-03	
517	5.116566e-03	-5.75449e-09	-4.69875e-02	-1.56568e-03	
518	5.125111e-03	-5.69620e-09	-4.69874e-02	-1.56569e-03	

Index   time            l1#branch       v1#branch       v2#branch       
--------------------------------------------------------------------------------
519	5.133476e-03	-2.21529e-09	-4.69872e-02	-1.56568e-03	
520	5.141994e-03	2.652480e-09	-4.69871e-02	-1.56569e-03	
521	5.151092e-03	5.975463e-09	-4.69869e-02	-1.56569e-03	
522	5.159370e-03	5.416883e-09	-4.69867e-02	-1.56570e-03	
523	5.167554e-03	1.733447e-09	-4.69865e-02	-1.56570e-03	
524	5.176221e-03	-3.17115e-09	-4.69863e-02	-1.56571e-03	
525	5.184991e-03	-6.08554e-09	-4.69860e-02	-1.56571e-03	
526	5.193577e-03	-5.13335e-09	-4.69858e-02	-1.56572e-03	
527	5.201901e-03	-1.12589e-09	-4.69855e-02	-1.56572e-03	
528	5.210732e-03	3.758975e-09	-4.69853e-02	-1.56574e-03	
529	5.219366e-03	6.177424e-09	-4.69850e-02	-1.56574e-03	
530	5.228212e-03	4.638914e-09	-4.69848e-02	-1.56575e-03	
531	5.237501e-03	-1.66627e-10	-4.69844e-02	-1.56575e-03	
532	5.246171e-03	-4.64989e-09	-4.69841e-02	-1.56576e-03	
533	5.254764e-03	-6.19618e-09	-4.69838e-02	-1.56577e-03	
534	5.263842e-03	-3.68160e-09	-4.69835e-02	-1.56578e-03	
535	5.272719e-03	1.245563e-09	-4.69831e-02	-1.56578e-03	
536	5.280852e-03	5.142050e-09	-4.69828e-02	-1.56579e-03	
537	5.289186e-03	6.099835e-09	-4.69825e-02	-1.56580e-03	
538	5.298581e-03	2.975692e-09	-4.69821e-02	-1.56581e-03	
539	5.307182e-03	-1.91404e-09	-4.69817e-02	-1.56582e-03	
540	5.315130e-03	-5.45083e-09	-4.69814e-02	-1.56583e-03	
541	5.323652e-03	-5.92947e-09	-4.69809e-02	-1.56584e-03	
542	5.332153e-03	-2.77313e-09	-4.69806e-02	-1.56585e-03	
543	5.340667e-03	2.088270e-09	-4.69801e-02	-1.56585e-03	
544	5.348624e-03	5.540984e-09	-4.69798e-02	-1.56587e-03	
545	5.357159e-03	5.872577e-09	-4.69793e-02	-1.56587e-03	
546	5.365622e-03	2.621548e-09	-4.69789e-02	-1.56589e-03	
547	5.374094e-03	-2.22436e-09	-4.69784e-02	-1.56590e-03	
548	5.382130e-03	-5.61974e-09	-4.69780e-02	-1.56591e-03	
549	5.390662e-03	-5.79907e-09	-4.69775e-02	-1.56592e-03	
550	5.399087e-03	-2.45601e-09	-4.69771e-02	-1.56593e-03	
551	5.407515e-03	2.371695e-09	-4.69766e-02	-1.56594e-03	
552	5.415642e-03	5.710972e-09	-4.69761e-02	-1.56596e-03	
553	5.424178e-03	5.735486e-09	-4.69756e-02	-1.56597e-03	
554	5.432564e-03	2.302555e-09	-4.69751e-02	-1.56598e-03	
555	5.441042e-03	-2.54795e-09	-4.69745e-02	-1.56599e-03	
556	5.449266e-03	-5.79464e-09	-4.69741e-02	-1.56601e-03	
557	5.457825e-03	-5.61137e-09	-4.69735e-02	-1.56602e-03	
558	5.466161e-03	-2.06024e-09	-4.69730e-02	-1.56603e-03	
559	5.474737e-03	2.829093e-09	-4.69724e-02	-1.56604e-03	
560	5.483754e-03	6.028102e-09	-4.69718e-02	-1.56606e-03	
561	5.492129e-03	5.340592e-09	-4.69712e-02	-1.56607e-03	
562	5.500286e-03	1.584016e-09	-4.69706e-02	-1.56609e-03	
563	5.509036e-03	-3.33788e-09	-4.69700e-02	-1.56610e-03	
564	5.517740e-03	-6.10356e-09	-4.69694e-02	-1.56612e-03	
565	5.526414e-03	-4.98396e-09	-4.69687e-02	-1.56613e-03	
566	5.534843e-03	-8.28896e-10	-4.69681e-02	-1.56615e-03	
567	5.543708e-03	4.011242e-09	-4.69674e-02	-1.56617e-03	
568	5.552298e-03	6.217730e-09	-4.69668e-02	-1.56619e-03	
569	5.561252e-03	4.427299e-09	-4.69660e-02	-1.56620e-03	
570	5.570425e-03	-4.23258e-10	-4.69653e-02	-1.56622e-03	
571	5.579244e-03	-4.85891e-09	-4.69646e-02	-1.56623e-03	
572	5.587710e-03	-6.14810e-09	-4.69639e-02	-1.56626e-03	
573	5.596964e-03	-3.35490e-09	-4.69631e-02	-1.56627e-03	
574	5.605725e-03	1.570148e-09	-4.69624e-02	-1.56629e-03	
575	5.613745e-03	5.298281e-09	-4.69617e-02	-1.56631e-03	
576	5.622192e-03	6.048812e-09	-4.69610e-02	-1.56633e-03	

Index   time            l1#branch       v1#branch       v2#branch       
--------------------------------------------------------------------------------
577	5.631631e-03	2.693043e-09	-4.69601e-02	-1.56634e-03	
578	5.640191e-03	-2.19453e-09	-4.69594e-02	-1.56637e-03	
579	5.648141e-03	-5.57850e-09	-4.69586e-02	-1.56638e-03	
580	5.656723e-03	-5.79851e-09	-4.69579e-02	-1.56640e-03	
581	5.665167e-03	-2.46740e-09	-4.69571e-02	-1.56642e-03	
582	5.673615e-03	2.370550e-09	-4.69563e-02	-1.56644e-03	
583	5.681740e-03	5.717799e-09	-4.69555e-02	-1.56646e-03	
584	5.690289e-03	5.753722e-09	-4.69547e-02	-1.56648e-03	
585	5.698679e-03	2.324403e-09	-4.69538e-02	-1.56650e-03	
586	5.707156e-03	-2.52536e-09	-4.69530e-02	-1.56652e-03	
587	5.715364e-03	-5.77441e-09	-4.69522e-02	-1.56654e-03	
588	5.723916e-03	-5.60670e-09	-4.69514e-02	-1.56656e-03	
589	5.732255e-03	-2.06526e-09	-4.69505e-02	-1.56658e-03	
590	5.740822e-03	2.821012e-09	-4.69496e-02	-1.56661e-03	
591	5.749849e-03	6.037027e-09	-4.69487e-02	-1.56663e-03	
592	5.758222e-03	5.365010e-09	-4.69478e-02	-1.56665e-03	
593	5.766383e-03	1.615508e-09	-4.69469e-02	-1.56667e-03	
594	5.775126e-03	-3.30529e-09	-4.69460e-02	-1.56670e-03	
595	5.783839e-03	-6.08645e-09	-4.69450e-02	-1.56672e-03	
596	5.792491e-03	-4.98706e-09	-4.69441e-02	-1.56674e-03	
597	5.800905e-03	-8.51251e-10	-4.69431e-02	-1.56676e-03	
598	5.809765e-03	3.994800e-09	-4.69422e-02	-1.56679e-03	
599	5.818359e-03	6.229258e-09	-4.69411e-02	-1.56681e-03	
600	5.827311e-03	4.468146e-09	-4.69402e-02	-1.56684e-03	
601	5.836497e-03	-3.78121e-10	-4.69390e-02	-1.56686e-03	
602	5.845301e-03	-4.82042e-09	-4.69381e-02	-1.56689e-03	
603	5.853782e-03	-6.13824e-09	-4.69370e-02	-1.56691e-03	
604	5.863004e-03	-3.38134e-09	-4.69359e-02	-1.56694e-03	
605	5.871778e-03	1.543844e-09	-4.69348e-02	-1.56697e-03	
606	5.879811e-03	5.294069e-09	-4.69339e-02	-1.56699e-03	
607	5.888256e-03	6.071236e-09	-4.69328e-02	-1.56702e-03	
608	5.897694e-03	2.739075e-09	-4.69317e-02	-1.56705e-03	
609	5.906262e-03	-2.15104e-09	-4.69306e-02	-1.56707e-03	
610	5.914203e-03	-5.54873e-09	-4.69296e-02	-1.56710e-03	
611	5.922772e-03	-5.79975e-09	-4.69285e-02	-1.56712e-03	
612	5.931220e-03	-2.49091e-09	-4.69274e-02	-1.56715e-03	
613	5.939675e-03	2.349514e-09	-4.69263e-02	-1.56718e-03	
614	5.947788e-03	5.714130e-09	-4.69253e-02	-1.56721e-03	
615	5.956342e-03	5.783292e-09	-4.69241e-02	-1.56723e-03	
616	5.964743e-03	2.371183e-09	-4.69230e-02	-1.56726e-03	
617	5.973206e-03	-2.47252e-09	-4.69218e-02	-1.56729e-03	
618	5.981384e-03	-5.73891e-09	-4.69208e-02	-1.56732e-03	
619	5.989922e-03	-5.62050e-09	-4.69196e-02	-1.56734e-03	
620	5.998271e-03	-2.10847e-09	-4.69185e-02	-1.56738e-03	
621	6.006813e-03	2.768965e-09	-4.69172e-02	-1.56740e-03	
622	6.015871e-03	6.036130e-09	-4.69160e-02	-1.56744e-03	
623	6.024220e-03	5.414763e-09	-4.69148e-02	-1.56746e-03	
624	6.032394e-03	1.691092e-09	-4.69137e-02	-1.56749e-03	
625	6.041107e-03	-3.22390e-09	-4.69124e-02	-1.56752e-03	
626	6.049846e-03	-6.06016e-09	-4.69111e-02	-1.56756e-03	
627	6.058451e-03	-5.02614e-09	-4.69098e-02	-1.56758e-03	
628	6.066820e-03	-9.50077e-10	-4.69087e-02	-1.56762e-03	
629	6.075665e-03	3.914243e-09	-4.69073e-02	-1.56765e-03	
630	6.084275e-03	6.234654e-09	-4.69061e-02	-1.56768e-03	
631	6.093199e-03	4.570945e-09	-4.69047e-02	-1.56771e-03	
632	6.102429e-03	-2.58413e-10	-4.69033e-02	-1.56775e-03	
633	6.111178e-03	-4.72113e-09	-4.69019e-02	-1.56778e-03	
634	6.119707e-03	-6.13695e-09	-4.69007e-02	-1.56781e-03	

Index   time            l1#branch       v1#branch       v2#branch       
--------------------------------------------------------------------------------
635	6.128846e-03	-3.49284e-09	-4.68992e-02	-1.56785e-03	
636	6.137666e-03	1.433931e-09	-4.68979e-02	-1.56788e-03	
637	6.145744e-03	5.252230e-09	-4.68966e-02	-1.56791e-03	
638	6.154159e-03	6.112264e-09	-4.68953e-02	-1.56795e-03	
639	6.163587e-03	2.864610e-09	-4.68937e-02	-1.56798e-03	
640	6.172172e-03	-2.02850e-09	-4.68924e-02	-1.56802e-03	
641	6.180101e-03	-5.47981e-09	-4.68911e-02	-1.56805e-03	
642	6.188637e-03	-5.83245e-09	-4.68897e-02	-1.56809e-03	
643	6.197107e-03	-2.59292e-09	-4.68883e-02	-1.56812e-03	
644	6.205588e-03	2.257454e-09	-4.68869e-02	-1.56815e-03	
645	6.213648e-03	5.668919e-09	-4.68856e-02	-1.56818e-03	
646	6.222208e-03	5.848960e-09	-4.68842e-02	-1.56822e-03	
647	6.230635e-03	2.501008e-09	-4.68827e-02	-1.56825e-03	
648	6.239065e-03	-2.32715e-09	-4.68813e-02	-1.56829e-03	
649	6.247159e-03	-5.65283e-09	-4.68799e-02	-1.56832e-03	
650	6.255671e-03	-5.68707e-09	-4.68785e-02	-1.56836e-03	
651	6.264056e-03	-2.26424e-09	-4.68770e-02	-1.56840e-03	
652	6.272524e-03	2.582470e-09	-4.68756e-02	-1.56844e-03	
653	6.281685e-03	6.003825e-09	-4.68739e-02	-1.56847e-03	
654	6.289938e-03	5.535336e-09	-4.68725e-02	-1.56851e-03	
655	6.298142e-03	1.900160e-09	-4.68710e-02	-1.56854e-03	
656	6.306763e-03	-2.99336e-09	-4.68695e-02	-1.56859e-03	
657	6.315583e-03	-6.00225e-09	-4.68679e-02	-1.56862e-03	
658	6.324063e-03	-5.16644e-09	-4.68664e-02	-1.56866e-03	
659	6.332303e-03	-1.27313e-09	-4.68649e-02	-1.56869e-03	
660	6.341102e-03	3.634687e-09	-4.68633e-02	-1.56874e-03	
661	6.349764e-03	6.210673e-09	-4.68617e-02	-1.56877e-03	
662	6.358579e-03	4.847089e-09	-4.68601e-02	-1.56882e-03	
663	6.367958e-03	7.562546e-11	-4.68583e-02	-1.56886e-03	
664	6.376534e-03	-4.43303e-09	-4.68567e-02	-1.56890e-03	
665	6.385224e-03	-6.14965e-09	-4.68551e-02	-1.56894e-03	
666	6.394133e-03	-3.83546e-09	-4.68534e-02	-1.56898e-03	
667	6.403094e-03	1.083293e-09	-4.68517e-02	-1.56902e-03	
668	6.412169e-03	5.347380e-09	-4.68500e-02	-1.56907e-03	
669	6.420384e-03	6.116414e-09	-4.68483e-02	-1.56910e-03	
670	6.428933e-03	3.237041e-09	-4.68467e-02	-1.56915e-03	
671	6.437507e-03	-1.61840e-09	-4.68450e-02	-1.56919e-03	
672	6.445430e-03	-5.26173e-09	-4.68435e-02	-1.56923e-03	
673	6.453817e-03	-5.96078e-09	-4.68418e-02	-1.56927e-03	
674	6.463269e-03	-2.56827e-09	-4.68400e-02	-1.56932e-03	
675	6.471802e-03	2.308105e-09	-4.68382e-02	-1.56935e-03	
676	6.479791e-03	5.683528e-09	-4.68367e-02	-1.56940e-03	
677	6.488422e-03	5.849314e-09	-4.68349e-02	-1.56944e-03	
678	6.496862e-03	2.474008e-09	-4.68332e-02	-1.56948e-03	
679	6.505304e-03	-2.36031e-09	-4.68315e-02	-1.56952e-03	
680	6.513412e-03	-5.66176e-09	-4.68299e-02	-1.56957e-03	
681	6.521925e-03	-5.64953e-09	-4.68281e-02	-1.56960e-03	
682	6.530296e-03	-2.20160e-09	-4.68264e-02	-1.56965e-03	
683	6.538786e-03	2.654861e-09	-4.68246e-02	-1.56969e-03	
684	6.547914e-03	6.031434e-09	-4.68227e-02	-1.56974e-03	
685	6.556208e-03	5.516997e-09	-4.68209e-02	-1.56978e-03	
686	6.564408e-03	1.851021e-09	-4.68193e-02	-1.56983e-03	
687	6.573058e-03	-3.04989e-09	-4.68174e-02	-1.56987e-03	
688	6.581856e-03	-6.00325e-09	-4.68155e-02	-1.56992e-03	
689	6.590360e-03	-5.10658e-09	-4.68137e-02	-1.56996e-03	
690	6.598636e-03	-1.15922e-09	-4.68119e-02	-1.57001e-03	
691	6.607448e-03	3.737171e-09	-4.68100e-02	-1.57005e-03	
692	6.616092e-03	6.238065e-09	-4.68082e-02	-1.57010e-03	

Index   time            l1#branch       v1#branch       v2#branch       
--------------------------------------------------------------------------------
693	6.624954e-03	4.781962e-09	-4.68062e-02	-1.57015e-03	
694	6.634282e-03	-7.46625e-12	-4.68042e-02	-1.57020e-03	
695	6.642915e-03	-4.50574e-09	-4.68022e-02	-1.57024e-03	
696	6.651553e-03	-6.12882e-09	-4.68004e-02	-1.57030e-03	
697	6.660521e-03	-3.71860e-09	-4.67983e-02	-1.57034e-03	
698	6.669440e-03	1.204973e-09	-4.67964e-02	-1.57039e-03	
699	6.677614e-03	5.162215e-09	-4.67945e-02	-1.57044e-03	
700	6.685969e-03	6.189119e-09	-4.67927e-02	-1.57049e-03	
701	6.695380e-03	3.115657e-09	-4.67905e-02	-1.57053e-03	
702	6.704004e-03	-1.77985e-09	-4.67886e-02	-1.57059e-03	
703	6.711912e-03	-5.33567e-09	-4.67867e-02	-1.57063e-03	
704	6.720380e-03	-5.88846e-09	-4.67848e-02	-1.57068e-03	
705	6.729835e-03	-2.35358e-09	-4.67826e-02	-1.57073e-03	
706	6.738347e-03	2.515606e-09	-4.67807e-02	-1.57078e-03	
707	6.746428e-03	5.802997e-09	-4.67787e-02	-1.57083e-03	
708	6.755081e-03	5.760152e-09	-4.67767e-02	-1.57088e-03	
709	6.763468e-03	2.264559e-09	-4.67747e-02	-1.57092e-03	
710	6.772007e-03	-2.61192e-09	-4.67728e-02	-1.57098e-03	
711	6.781121e-03	-5.91567e-09	-4.67706e-02	-1.57103e-03	
712	6.789357e-03	-5.33696e-09	-4.67686e-02	-1.57108e-03	
713	6.797529e-03	-1.64987e-09	-4.67666e-02	-1.57112e-03	
714	6.806197e-03	3.254265e-09	-4.67646e-02	-1.57118e-03	
715	6.814954e-03	6.160636e-09	-4.67625e-02	-1.57123e-03	
716	6.823600e-03	5.187663e-09	-4.67604e-02	-1.57128e-03	
717	6.831948e-03	1.153244e-09	-4.67583e-02	-1.57133e-03	
718	6.840791e-03	-3.72612e-09	-4.67562e-02	-1.57139e-03	
719	6.849423e-03	-6.10511e-09	-4.67541e-02	-1.57144e-03	
720	6.858229e-03	-4.53769e-09	-4.67519e-02	-1.57149e-03	
721	6.867502e-03	2.718618e-10	-4.67496e-02	-1.57155e-03	
722	6.876180e-03	4.750208e-09	-4.67475e-02	-1.57160e-03	
723	6.884757e-03	6.275943e-09	-4.67453e-02	-1.57165e-03	
724	6.893912e-03	3.714769e-09	-4.67431e-02	-1.57171e-03	
725	6.902777e-03	-1.21538e-09	-4.67408e-02	-1.57176e-03	
726	6.910893e-03	-5.08305e-09	-4.67388e-02	-1.57182e-03	
727	6.919178e-03	-6.01066e-09	-4.67366e-02	-1.57187e-03	
728	6.928547e-03	-2.88376e-09	-4.67343e-02	-1.57193e-03	
729	6.937129e-03	1.997823e-09	-4.67321e-02	-1.57198e-03	
730	6.945126e-03	5.549734e-09	-4.67301e-02	-1.57204e-03	
731	6.953691e-03	6.004746e-09	-4.67278e-02	-1.57209e-03	
732	6.962195e-03	2.820868e-09	-4.67257e-02	-1.57214e-03	
733	6.970712e-03	-2.04295e-09	-4.67234e-02	-1.57220e-03	
734	6.978631e-03	-5.46192e-09	-4.67214e-02	-1.57225e-03	
735	6.987124e-03	-5.77792e-09	-4.67191e-02	-1.57230e-03	
736	6.995574e-03	-2.52886e-09	-4.67170e-02	-1.57236e-03	
737	7.004032e-03	2.311172e-09	-4.67147e-02	-1.57241e-03	
738	7.012130e-03	5.725788e-09	-4.67126e-02	-1.57247e-03	
739	7.020705e-03	5.878212e-09	-4.67103e-02	-1.57252e-03	
740	7.029133e-03	2.508170e-09	-4.67081e-02	-1.57258e-03	
741	7.037564e-03	-2.32044e-09	-4.67058e-02	-1.57263e-03	
742	7.045650e-03	-5.62333e-09	-4.67037e-02	-1.57269e-03	
743	7.054143e-03	-5.63326e-09	-4.67013e-02	-1.57274e-03	
744	7.062515e-03	-2.20300e-09	-4.66991e-02	-1.57280e-03	
745	7.070991e-03	2.647393e-09	-4.66968e-02	-1.57285e-03	
746	7.080132e-03	6.051405e-09	-4.66943e-02	-1.57292e-03	
747	7.088429e-03	5.561789e-09	-4.66920e-02	-1.57297e-03	
748	7.096638e-03	1.906536e-09	-4.66898e-02	-1.57303e-03	
749	7.105277e-03	-2.99166e-09	-4.66874e-02	-1.57309e-03	
750	7.114089e-03	-5.96819e-09	-4.66850e-02	-1.57315e-03	

Index   time            l1#branch       v1#branch       v2#branch       
--------------------------------------------------------------------------------
751	7.122556e-03	-5.10186e-09	-4.66826e-02	-1.57320e-03	
752	7.130807e-03	-1.18679e-09	-4.66804e-02	-1.57326e-03	
753	7.139609e-03	3.715356e-09	-4.66779e-02	-1.57332e-03	
754	7.148259e-03	6.259998e-09	-4.66755e-02	-1.57338e-03	
755	7.157123e-03	4.850318e-09	-4.66730e-02	-1.57344e-03	
756	7.166473e-03	7.085104e-11	-4.66704e-02	-1.57351e-03	
757	7.175083e-03	-4.43508e-09	-4.66679e-02	-1.57357e-03	
758	7.183747e-03	-6.10223e-09	-4.66655e-02	-1.57363e-03	
759	7.192661e-03	-3.74761e-09	-4.66630e-02	-1.57369e-03	
760	7.201605e-03	1.173958e-09	-4.66605e-02	-1.57376e-03	
761	7.210705e-03	5.423263e-09	-4.66578e-02	-1.57382e-03	
762	7.218903e-03	6.149151e-09	-4.66555e-02	-1.57388e-03	
763	7.227430e-03	3.247212e-09	-4.66530e-02	-1.57394e-03	
764	7.235982e-03	-1.60113e-09	-4.66506e-02	-1.57400e-03	
765	7.243893e-03	-5.22840e-09	-4.66482e-02	-1.57405e-03	
766	7.252251e-03	-5.91472e-09	-4.66459e-02	-1.57412e-03	
767	7.261693e-03	-2.52278e-09	-4.66431e-02	-1.57418e-03	
768	7.270223e-03	2.351944e-09	-4.66406e-02	-1.57425e-03	
769	7.278238e-03	5.733799e-09	-4.66382e-02	-1.57430e-03	
770	7.286891e-03	5.884806e-09	-4.66357e-02	-1.57437e-03	
771	7.295326e-03	2.498291e-09	-4.66332e-02	-1.57443e-03	
772	7.303781e-03	-2.34215e-09	-4.66307e-02	-1.57449e-03	
773	7.311871e-03	-5.62449e-09	-4.66283e-02	-1.57455e-03	
774	7.320368e-03	-5.60031e-09	-4.66258e-02	-1.57462e-03	
775	7.328739e-03	-2.14632e-09	-4.66232e-02	-1.57467e-03	
776	7.337229e-03	2.709704e-09	-4.66207e-02	-1.57474e-03	
777	7.346349e-03	6.078369e-09	-4.66180e-02	-1.57480e-03	
778	7.354680e-03	5.549361e-09	-4.66155e-02	-1.57487e-03	
779	7.362875e-03	1.873319e-09	-4.66130e-02	-1.57493e-03	
780	7.371542e-03	-3.03305e-09	-4.66104e-02	-1.57500e-03	
781	7.380332e-03	-5.96425e-09	-4.66077e-02	-1.57506e-03	
782	7.388819e-03	-5.05043e-09	-4.66051e-02	-1.57513e-03	
783	7.397102e-03	-1.09103e-09	-4.66025e-02	-1.57519e-03	
784	7.405913e-03	3.800703e-09	-4.65999e-02	-1.57526e-03	
785	7.414550e-03	6.285710e-09	-4.65972e-02	-1.57532e-03	
786	7.423452e-03	4.801111e-09	-4.65945e-02	-1.57539e-03	
787	7.432772e-03	1.911654e-12	-4.65915e-02	-1.57546e-03	
788	7.441425e-03	-4.49157e-09	-4.65889e-02	-1.57553e-03	
789	7.450050e-03	-6.08033e-09	-4.65862e-02	-1.57559e-03	
790	7.459006e-03	-3.64652e-09	-4.65834e-02	-1.57566e-03	
791	7.467906e-03	1.273476e-09	-4.65806e-02	-1.57573e-03	
792	7.476067e-03	5.217358e-09	-4.65781e-02	-1.57580e-03	
793	7.484463e-03	6.227853e-09	-4.65754e-02	-1.57586e-03	
794	7.493894e-03	3.119298e-09	-4.65725e-02	-1.57593e-03	
795	7.502526e-03	-1.78397e-09	-4.65697e-02	-1.57600e-03	
796	7.510422e-03	-5.31245e-09	-4.65672e-02	-1.57606e-03	
797	7.518875e-03	-5.83157e-09	-4.65645e-02	-1.57613e-03	
798	7.527370e-03	-2.72270e-09	-4.65618e-02	-1.57620e-03	
799	7.535879e-03	2.132240e-09	-4.65590e-02	-1.57626e-03	
800	7.543902e-03	5.640453e-09	-4.65565e-02	-1.57633e-03	
801	7.552479e-03	6.000310e-09	-4.65537e-02	-1.57639e-03	
802	7.560962e-03	2.753445e-09	-4.65510e-02	-1.57646e-03	
803	7.569454e-03	-2.10189e-09	-4.65482e-02	-1.57653e-03	
804	7.577403e-03	-5.47845e-09	-4.65457e-02	-1.57660e-03	
805	7.585881e-03	-5.70581e-09	-4.65429e-02	-1.57666e-03	
806	7.594304e-03	-2.40731e-09	-4.65402e-02	-1.57673e-03	
807	7.602732e-03	2.419942e-09	-4.65374e-02	-1.57680e-03	
808	7.610900e-03	5.809201e-09	-4.65348e-02	-1.57687e-03	

Index   time            l1#branch       v1#branch       v2#branch       
--------------------------------------------------------------------------------
809	7.619489e-03	5.867503e-09	-4.65319e-02	-1.57693e-03	
810	7.627897e-03	2.439264e-09	-4.65292e-02	-1.57700e-03	
811	7.636371e-03	-2.40948e-09	-4.65263e-02	-1.57707e-03	
812	7.644496e-03	-5.64730e-09	-4.65237e-02	-1.57714e-03	
813	7.652997e-03	-5.53320e-09	-4.65208e-02	-1.57721e-03	
814	7.661337e-03	-2.03285e-09	-4.65181e-02	-1.57728e-03	
815	7.669871e-03	2.841188e-09	-4.65152e-02	-1.57734e-03	
816	7.678929e-03	6.123517e-09	-4.65123e-02	-1.57742e-03	
817	7.687334e-03	5.505446e-09	-4.65094e-02	-1.57749e-03	
818	7.695522e-03	1.772230e-09	-4.65067e-02	-1.57756e-03	
819	7.704244e-03	-3.14526e-09	-4.65037e-02	-1.57763e-03	
820	7.712990e-03	-5.97019e-09	-4.65008e-02	-1.57771e-03	
821	7.721531e-03	-4.93874e-09	-4.64979e-02	-1.57777e-03	
822	7.729883e-03	-8.76626e-10	-4.64951e-02	-1.57785e-03	
823	7.738718e-03	3.988337e-09	-4.64921e-02	-1.57792e-03	
824	7.747323e-03	6.326661e-09	-4.64892e-02	-1.57799e-03	
825	7.756309e-03	4.663228e-09	-4.64861e-02	-1.57806e-03	
826	7.765536e-03	-1.65529e-10	-4.64830e-02	-1.57815e-03	
827	7.774298e-03	-4.63196e-09	-4.64799e-02	-1.57822e-03	
828	7.782830e-03	-6.04091e-09	-4.64770e-02	-1.57829e-03	
829	7.791901e-03	-3.41809e-09	-4.64738e-02	-1.57837e-03	
830	7.800726e-03	1.507680e-09	-4.64709e-02	-1.57845e-03	
831	7.808823e-03	5.340814e-09	-4.64680e-02	-1.57851e-03	
832	7.817301e-03	6.203138e-09	-4.64651e-02	-1.57859e-03	
833	7.826767e-03	2.924219e-09	-4.64618e-02	-1.57866e-03	
834	7.835360e-03	-1.97484e-09	-4.64588e-02	-1.57874e-03	
835	7.843234e-03	-5.39089e-09	-4.64560e-02	-1.57881e-03	
836	7.851731e-03	-5.73834e-09	-4.64531e-02	-1.57888e-03	
837	7.860197e-03	-2.50408e-09	-4.64501e-02	-1.57895e-03	
838	7.868673e-03	2.343825e-09	-4.64472e-02	-1.57903e-03	
839	7.876795e-03	5.774716e-09	-4.64442e-02	-1.57910e-03	
840	7.885399e-03	5.928740e-09	-4.64413e-02	-1.57918e-03	
841	7.893824e-03	2.556444e-09	-4.64382e-02	-1.57925e-03	
842	7.902264e-03	-2.27670e-09	-4.64353e-02	-1.57932e-03	
843	7.910318e-03	-5.56741e-09	-4.64324e-02	-1.57939e-03	
844	7.918789e-03	-5.58744e-09	-4.64294e-02	-1.57947e-03	
845	7.927167e-03	-2.16427e-09	-4.64264e-02	-1.57954e-03	
846	7.935630e-03	2.680339e-09	-4.64234e-02	-1.57962e-03	
847	7.944779e-03	6.099674e-09	-4.64201e-02	-1.57969e-03	
848	7.953102e-03	5.617637e-09	-4.64172e-02	-1.57977e-03	
849	7.961310e-03	1.965574e-09	-4.64142e-02	-1.57984e-03	
850	7.969954e-03	-2.93548e-09	-4.64111e-02	-1.57992e-03	
851	7.978770e-03	-5.91410e-09	-4.64079e-02	-1.58000e-03	
852	7.987198e-03	-5.05946e-09	-4.64049e-02	-1.58008e-03	
853	7.995437e-03	-1.15976e-09	-4.64018e-02	-1.58015e-03	
854	8.004230e-03	3.743090e-09	-4.63987e-02	-1.58023e-03	
855	8.012881e-03	6.310052e-09	-4.63955e-02	-1.58030e-03	
856	8.021772e-03	4.916071e-09	-4.63923e-02	-1.58039e-03	
857	8.031138e-03	1.346484e-10	-4.63888e-02	-1.58047e-03	
858	8.039744e-03	-4.37217e-09	-4.63857e-02	-1.58055e-03	
859	8.048419e-03	-6.04769e-09	-4.63825e-02	-1.58062e-03	
860	8.057282e-03	-3.71768e-09	-4.63793e-02	-1.58071e-03	
861	8.066226e-03	1.197486e-09	-4.63759e-02	-1.58078e-03	
862	8.075309e-03	5.457202e-09	-4.63726e-02	-1.58087e-03	
863	8.083514e-03	6.213110e-09	-4.63696e-02	-1.58094e-03	
864	8.092060e-03	3.326643e-09	-4.63664e-02	-1.58102e-03	
865	8.100630e-03	-1.52839e-09	-4.63632e-02	-1.58110e-03	
866	8.108550e-03	-5.16592e-09	-4.63603e-02	-1.58118e-03	

Index   time            l1#branch       v1#branch       v2#branch       
--------------------------------------------------------------------------------
867	8.116861e-03	-5.86819e-09	-4.63572e-02	-1.58125e-03	
868	8.126276e-03	-2.51337e-09	-4.63537e-02	-1.58134e-03	
869	8.134793e-03	2.353816e-09	-4.63505e-02	-1.58141e-03	
870	8.142834e-03	5.771083e-09	-4.63475e-02	-1.58149e-03	
871	8.151501e-03	5.955026e-09	-4.63442e-02	-1.58157e-03	
872	8.159955e-03	2.579912e-09	-4.63411e-02	-1.58165e-03	
873	8.168412e-03	-2.26122e-09	-4.63379e-02	-1.58172e-03	
874	8.176449e-03	-5.54619e-09	-4.63349e-02	-1.58180e-03	
875	8.184916e-03	-5.57069e-09	-4.63316e-02	-1.58188e-03	
876	8.193285e-03	-2.15584e-09	-4.63285e-02	-1.58196e-03	
877	8.201750e-03	2.689710e-09	-4.63253e-02	-1.58204e-03	
878	8.210899e-03	6.115993e-09	-4.63218e-02	-1.58213e-03	
879	8.219233e-03	5.639689e-09	-4.63186e-02	-1.58220e-03	
880	8.227454e-03	1.983297e-09	-4.63155e-02	-1.58228e-03	
881	8.236094e-03	-2.91550e-09	-4.63122e-02	-1.58236e-03	
882	8.244917e-03	-5.89499e-09	-4.63089e-02	-1.58245e-03	
883	8.253326e-03	-5.04295e-09	-4.63056e-02	-1.58252e-03	
884	8.261555e-03	-1.15111e-09	-4.63025e-02	-1.58260e-03	
885	8.270347e-03	3.753099e-09	-4.62991e-02	-1.58268e-03	
886	8.278996e-03	6.328353e-09	-4.62958e-02	-1.58277e-03	
887	8.287899e-03	4.940864e-09	-4.62923e-02	-1.58285e-03	
888	8.297257e-03	1.664279e-10	-4.62887e-02	-1.58294e-03	
889	8.305867e-03	-4.34534e-09	-4.62854e-02	-1.58302e-03	
890	8.314543e-03	-6.02770e-09	-4.62820e-02	-1.58311e-03	
891	8.323390e-03	-3.71051e-09	-4.62786e-02	-1.58319e-03	
892	8.332349e-03	1.208883e-09	-4.62751e-02	-1.58328e-03	
893	8.341418e-03	5.469233e-09	-4.62715e-02	-1.58336e-03	
894	8.349629e-03	6.236988e-09	-4.62684e-02	-1.58344e-03	
895	8.358169e-03	3.361860e-09	-4.62650e-02	-1.58352e-03	
896	8.366734e-03	-1.48859e-09	-4.62617e-02	-1.58361e-03	
897	8.374657e-03	-5.13557e-09	-4.62585e-02	-1.58368e-03	
898	8.382941e-03	-5.85448e-09	-4.62553e-02	-1.58377e-03	
899	8.392348e-03	-2.52436e-09	-4.62516e-02	-1.58385e-03	
900	8.400876e-03	2.346900e-09	-4.62483e-02	-1.58394e-03	
901	8.408932e-03	5.783148e-09	-4.62451e-02	-1.58401e-03	
902	8.417604e-03	5.983719e-09	-4.62417e-02	-1.58410e-03	
903	8.426052e-03	2.622478e-09	-4.62383e-02	-1.58418e-03	
904	8.434504e-03	-2.21598e-09	-4.62350e-02	-1.58427e-03	
905	8.442511e-03	-5.50794e-09	-4.62318e-02	-1.58434e-03	
906	8.450965e-03	-5.56706e-09	-4.62285e-02	-1.58443e-03	
907	8.459351e-03	-2.16995e-09	-4.62251e-02	-1.58451e-03	
908	8.467792e-03	2.664944e-09	-4.62218e-02	-1.58459e-03	
909	8.476968e-03	6.127434e-09	-4.62181e-02	-1.58468e-03	
910	8.485291e-03	5.682797e-09	-4.62148e-02	-1.58476e-03	
911	8.493509e-03	2.049192e-09	-4.62114e-02	-1.58484e-03	
912	8.502136e-03	-2.84758e-09	-4.62080e-02	-1.58493e-03	
913	8.510974e-03	-5.86225e-09	-4.62044e-02	-1.58501e-03	
914	8.519346e-03	-5.05443e-09	-4.62011e-02	-1.58510e-03	
915	8.527548e-03	-1.20418e-09	-4.61978e-02	-1.58518e-03	
916	8.536326e-03	3.706119e-09	-4.61943e-02	-1.58527e-03	
917	8.544986e-03	6.340144e-09	-4.61908e-02	-1.58535e-03	
918	8.553878e-03	5.018928e-09	-4.61872e-02	-1.58544e-03	
919	8.563281e-03	2.524820e-10	-4.61834e-02	-1.58553e-03	
920	8.571851e-03	-4.26402e-09	-4.61799e-02	-1.58562e-03	
921	8.580567e-03	-6.00737e-09	-4.61764e-02	-1.58571e-03	
922	8.589349e-03	-3.76125e-09	-4.61728e-02	-1.58580e-03	
923	8.598329e-03	1.148739e-09	-4.61691e-02	-1.58588e-03	
924	8.607348e-03	5.434400e-09	-4.61655e-02	-1.58598e-03	

Index   time            l1#branch       v1#branch       v2#branch       
--------------------------------------------------------------------------------
925	8.615589e-03	6.282124e-09	-4.61621e-02	-1.58606e-03	
926	8.624168e-03	3.450424e-09	-4.61587e-02	-1.58615e-03	
927	8.632775e-03	-1.41294e-09	-4.61551e-02	-1.58623e-03	
928	8.640721e-03	-5.08988e-09	-4.61519e-02	-1.58631e-03	
929	8.648973e-03	-5.84314e-09	-4.61484e-02	-1.58639e-03	
930	8.658359e-03	-2.56064e-09	-4.61446e-02	-1.58649e-03	
931	8.666879e-03	2.304079e-09	-4.61411e-02	-1.58658e-03	
932	8.674942e-03	5.778039e-09	-4.61378e-02	-1.58666e-03	
933	8.683610e-03	6.034016e-09	-4.61342e-02	-1.58674e-03	
934	8.692083e-03	2.700484e-09	-4.61308e-02	-1.58683e-03	
935	8.700562e-03	-2.15102e-09	-4.61272e-02	-1.58692e-03	
936	8.708528e-03	-5.45621e-09	-4.61240e-02	-1.58700e-03	
937	8.716972e-03	-5.56808e-09	-4.61204e-02	-1.58708e-03	
938	8.725357e-03	-2.21008e-09	-4.61170e-02	-1.58717e-03	
939	8.733778e-03	2.614742e-09	-4.61135e-02	-1.58726e-03	
940	8.742996e-03	6.134394e-09	-4.61097e-02	-1.58735e-03	
941	8.751298e-03	5.741069e-09	-4.61062e-02	-1.58743e-03	
942	8.759541e-03	2.129912e-09	-4.61028e-02	-1.58752e-03	
943	8.768134e-03	-2.75617e-09	-4.60992e-02	-1.58761e-03	
944	8.777006e-03	-5.82370e-09	-4.60955e-02	-1.58770e-03	
945	8.785321e-03	-5.07634e-09	-4.60920e-02	-1.58778e-03	
946	8.793473e-03	-1.29100e-09	-4.60886e-02	-1.58787e-03	
947	8.802235e-03	3.628892e-09	-4.60849e-02	-1.58796e-03	
948	8.810908e-03	6.346807e-09	-4.60813e-02	-1.58805e-03	
949	8.819780e-03	5.124194e-09	-4.60776e-02	-1.58814e-03	
950	8.829219e-03	3.881905e-10	-4.60736e-02	-1.58824e-03	
951	8.837742e-03	-4.14223e-09	-4.60700e-02	-1.58833e-03	
952	8.846510e-03	-5.98236e-09	-4.60664e-02	-1.58842e-03	
953	8.855206e-03	-3.84454e-09	-4.60626e-02	-1.58851e-03	
954	8.864252e-03	1.068125e-09	-4.60589e-02	-1.58860e-03	
955	8.873187e-03	5.385530e-09	-4.60551e-02	-1.58869e-03	
956	8.881482e-03	6.353543e-09	-4.60516e-02	-1.58878e-03	
957	8.890090e-03	3.601896e-09	-4.60479e-02	-1.58887e-03	
958	8.898729e-03	-1.25436e-09	-4.60443e-02	-1.58896e-03	
959	8.906700e-03	-4.97136e-09	-4.60409e-02	-1.58904e-03	
960	8.914862e-03	-5.78656e-09	-4.60375e-02	-1.58913e-03	
961	8.924194e-03	-2.60077e-09	-4.60334e-02	-1.58922e-03	
962	8.932734e-03	2.283743e-09	-4.60298e-02	-1.58932e-03	
963	8.940881e-03	5.872616e-09	-4.60263e-02	-1.58940e-03	
964	8.949588e-03	6.228203e-09	-4.60227e-02	-1.58949e-03	
965	8.958077e-03	2.957627e-09	-4.60190e-02	-1.58958e-03	
966	8.966573e-03	-1.88243e-09	-4.60154e-02	-1.58967e-03	
967	8.974349e-03	-5.16452e-09	-4.60120e-02	-1.58975e-03	
968	8.982677e-03	-5.41923e-09	-4.60085e-02	-1.58984e-03	
969	8.991092e-03	-2.17169e-09	-4.60048e-02	-1.58993e-03	
970	8.999514e-03	2.653033e-09	-4.60012e-02	-1.59002e-03	
971	9.007856e-03	6.133741e-09	-4.59976e-02	-1.59010e-03	
972	9.016591e-03	6.172271e-09	-4.59939e-02	-1.59020e-03	
973	9.025003e-03	2.713453e-09	-4.59901e-02	-1.59028e-03	
974	9.033519e-03	-2.13872e-09	-4.59865e-02	-1.59038e-03	
975	9.041413e-03	-5.26036e-09	-4.59830e-02	-1.59046e-03	
976	9.049750e-03	-5.17793e-09	-4.59794e-02	-1.59055e-03	
977	9.058092e-03	-1.70753e-09	-4.59756e-02	-1.59063e-03	
978	9.066586e-03	3.185927e-09	-4.59719e-02	-1.59073e-03	
979	9.075699e-03	6.604741e-09	-4.59678e-02	-1.59082e-03	
980	9.084387e-03	6.042579e-09	-4.59639e-02	-1.59091e-03	
981	9.092601e-03	2.330266e-09	-4.59601e-02	-1.59100e-03	
982	9.101335e-03	-2.51821e-09	-4.59562e-02	-1.59109e-03	

Index   time            l1#branch       v1#branch       v2#branch       
--------------------------------------------------------------------------------
983	9.110053e-03	-5.21870e-09	-4.59521e-02	-1.59118e-03	
984	9.118056e-03	-4.22502e-09	-4.59483e-02	-1.59127e-03	
985	9.126331e-03	-1.98339e-10	-4.59443e-02	-1.59135e-03	
986	9.135118e-03	4.827478e-09	-4.59400e-02	-1.59144e-03	
987	9.143825e-03	7.531872e-09	-4.59356e-02	-1.59162e-03	
988	9.153517e-03	6.019023e-09	-4.59311e-02	-1.59308e-03	
989	9.162777e-03	1.367982e-09	-4.59263e-02	-1.59441e-03	
990	9.171470e-03	-2.77315e-09	-4.59217e-02	-1.59526e-03	
991	9.178764e-03	-3.91036e-09	-4.59174e-02	-1.59615e-03	
992	9.186581e-03	-1.87768e-09	-4.59128e-02	-1.59720e-03	
993	9.195286e-03	3.101379e-09	-4.59069e-02	-1.59850e-03	
994	9.204565e-03	8.329178e-09	-4.58994e-02	-1.59957e-03	
995	9.214589e-03	1.023181e-08	-4.58896e-02	-1.60031e-03	
996	9.223499e-03	7.839319e-09	-4.58792e-02	-1.60061e-03	
997	9.232466e-03	3.611866e-09	-4.58671e-02	-1.60068e-03	
998	9.239626e-03	1.178805e-09	-4.58563e-02	-1.60086e-03	
999	9.244975e-03	9.797788e-10	-4.58471e-02	-1.60100e-03	
1000	9.249956e-03	2.356275e-09	-4.58380e-02	-1.60115e-03	
1001	9.258987e-03	7.779298e-09	-4.58189e-02	-1.60138e-03	
1002	9.267882e-03	1.439190e-08	-4.57968e-02	-1.60162e-03	
1003	9.282120e-03	2.017884e-08	-4.57519e-02	-1.60196e-03	
1004	9.291892e-03	1.935883e-08	-4.57130e-02	-1.60220e-03	
1005	9.298846e-03	1.754901e-08	-4.56799e-02	-1.60235e-03	
1006	9.305768e-03	1.673111e-08	-4.56422e-02	-1.60252e-03	
1007	9.315198e-03	1.965807e-08	-4.55808e-02	-1.60272e-03	
1008	9.325844e-03	2.880614e-08	-4.54955e-02	-1.60296e-03	
1009	9.336572e-03	4.078312e-08	-4.53875e-02	-1.60317e-03	
1010	9.349678e-03	5.192596e-08	-4.52179e-02	-1.60343e-03	
1011	9.359464e-03	5.592790e-08	-4.50561e-02	-1.60360e-03	
1012	9.366149e-03	5.749972e-08	-4.49245e-02	-1.60372e-03	
1013	9.372831e-03	5.987252e-08	-4.47725e-02	-1.60382e-03	
1014	9.383730e-03	6.842382e-08	-4.44725e-02	-1.60398e-03	
1015	9.395663e-03	8.409569e-08	-4.40445e-02	-1.60409e-03	
1016	9.407966e-03	1.012568e-07	-4.34557e-02	-1.60417e-03	
1017	9.423433e-03	1.134503e-07	-4.23999e-02	-1.60413e-03	
1018	9.434484e-03	1.144135e-07	-4.13545e-02	-1.60400e-03	
1019	9.443697e-03	1.132391e-07	-4.02765e-02	-1.60381e-03	
1020	9.451994e-03	1.134468e-07	-3.91754e-02	-1.60360e-03	
1021	9.460118e-03	1.158563e-07	-3.80157e-02	-1.60334e-03	
1022	9.468520e-03	1.198362e-07	-3.67719e-02	-1.60308e-03	
1023	9.477851e-03	1.236311e-07	-3.53672e-02	-1.60277e-03	
1024	9.488095e-03	1.244938e-07	-3.38175e-02	-1.60243e-03	
1025	9.497244e-03	1.220490e-07	-3.24350e-02	-1.60212e-03	
1026	9.506385e-03	1.184907e-07	-3.10589e-02	-1.60182e-03	
1027	9.515729e-03	1.164958e-07	-2.96595e-02	-1.60151e-03	
1028	9.525387e-03	1.178793e-07	-2.82216e-02	-1.60119e-03	
1029	9.534193e-03	1.215800e-07	-2.69185e-02	-1.60090e-03	
1030	9.543482e-03	1.255083e-07	-2.55529e-02	-1.60060e-03	
1031	9.556567e-03	1.266988e-07	-2.36470e-02	-1.60017e-03	
1032	9.566251e-03	1.238592e-07	-2.22516e-02	-1.59986e-03	
1033	9.575960e-03	1.201576e-07	-2.08672e-02	-1.59953e-03	
1034	9.585458e-03	1.186393e-07	-1.95285e-02	-1.59923e-03	
1035	9.595099e-03	1.205995e-07	-1.81871e-02	-1.59889e-03	
1036	9.604728e-03	1.248000e-07	-1.68672e-02	-1.59852e-03	
1037	9.613776e-03	1.281684e-07	-1.56518e-02	-1.59806e-03	
1038	9.623973e-03	1.286644e-07	-1.43021e-02	-1.59737e-03	
1039	9.628134e-03	1.276627e-07	-1.37464e-02	-1.59706e-03	
1040	9.632385e-03	1.260824e-07	-1.31891e-02	-1.59675e-03	

Index   time            l1#branch       v1#branch       v2#branch       
--------------------------------------------------------------------------------
1041	9.637598e-03	1.237968e-07	-1.25119e-02	-1.59637e-03	
1042	9.648023e-03	1.203438e-07	-1.11907e-02	-1.59563e-03	
1043	9.657769e-03	1.202432e-07	-9.99626e-03	-1.59496e-03	
1044	9.666642e-03	1.230040e-07	-8.94979e-03	-1.59437e-03	
1045	9.675500e-03	1.266535e-07	-7.94613e-03	-1.59380e-03	
1046	9.685645e-03	1.288521e-07	-6.85611e-03	-1.59318e-03	
1047	9.695556e-03	1.273862e-07	-5.85829e-03	-1.59261e-03	
1048	9.704201e-03	1.239254e-07	-5.05045e-03	-1.59214e-03	
1049	9.713459e-03	1.204856e-07	-4.25423e-03	-1.59167e-03	
1050	9.724108e-03	1.197462e-07	-3.43626e-03	-1.59118e-03	
1051	9.733338e-03	1.223210e-07	-2.81516e-03	-1.59080e-03	
1052	9.742579e-03	1.260494e-07	-2.27920e-03	-1.59047e-03	
1053	9.751970e-03	1.282548e-07	-1.81943e-03	-1.59017e-03	
1054	9.761679e-03	1.271495e-07	-1.43184e-03	-1.58991e-03	
1055	9.770241e-03	1.238503e-07	-1.15563e-03	-1.58972e-03	
1056	9.779417e-03	1.202372e-07	-9.21123e-04	-1.58955e-03	
1057	9.791921e-03	1.191693e-07	-6.82647e-04	-1.58939e-03	
1058	9.801643e-03	1.220004e-07	-5.49591e-04	-1.58931e-03	
1059	9.811402e-03	1.259265e-07	-4.48431e-04	-1.58926e-03	
1060	9.820834e-03	1.278824e-07	-3.75771e-04	-1.58925e-03	
1061	9.830552e-03	1.264586e-07	-3.17763e-04	-1.58925e-03	
1062	9.839225e-03	1.230286e-07	-2.78480e-04	-1.58927e-03	
1063	9.848418e-03	1.196452e-07	-2.44095e-04	-1.58931e-03	
1064	9.859130e-03	1.189476e-07	-2.13207e-04	-1.58937e-03	
1065	9.868382e-03	1.215983e-07	-1.90209e-04	-1.58943e-03	
1066	9.877651e-03	1.254283e-07	-1.71504e-04	-1.58950e-03	
1067	9.887099e-03	1.277376e-07	-1.53504e-04	-1.58959e-03	
1068	9.896812e-03	1.267131e-07	-1.37922e-04	-1.58969e-03	
1069	9.905284e-03	1.235190e-07	-1.24208e-04	-1.58980e-03	
1070	9.914408e-03	1.199872e-07	-1.11430e-04	-1.58995e-03	
1071	9.926784e-03	1.189525e-07	-9.35492e-05	-1.59020e-03	
1072	9.936522e-03	1.217976e-07	-8.10110e-05	-1.59048e-03	
1073	9.946296e-03	1.257880e-07	-6.75169e-05	-1.59085e-03	
1074	9.955719e-03	1.278377e-07	-5.58463e-05	-1.59135e-03	
1075	9.965480e-03	1.265052e-07	-4.27080e-05	-1.59213e-03	
1076	9.974091e-03	1.231544e-07	-3.22904e-05	-1.59317e-03	
1077	9.983275e-03	1.197888e-07	-2.00709e-05	-1.59503e-03	
1078	9.994154e-03	1.190918e-07	-6.87324e-06	-1.59886e-03	
1079	1.000338e-02	1.217633e-07	5.332144e-06	-1.60454e-03	
1080	1.001264e-02	1.256024e-07	1.651672e-05	-1.61224e-03	
1081	1.002201e-02	1.278856e-07	2.888454e-05	-1.62188e-03	
1082	1.003162e-02	1.268483e-07	4.050303e-05	-1.63232e-03	
1083	1.004010e-02	1.236020e-07	5.170512e-05	-1.64227e-03	
1084	1.004919e-02	1.200019e-07	6.264716e-05	-1.65279e-03	
1085	1.006158e-02	1.188807e-07	7.874477e-05	-1.66782e-03	
1086	1.007142e-02	1.217569e-07	9.061222e-05	-1.67953e-03	
1087	1.008130e-02	1.258172e-07	1.035374e-04	-1.69175e-03	
1088	1.009067e-02	1.278529e-07	1.148157e-04	-1.70302e-03	
1089	1.010051e-02	1.264484e-07	1.276921e-04	-1.71528e-03	
1090	1.010914e-02	1.230046e-07	1.380292e-04	-1.72569e-03	
1091	1.011837e-02	1.195650e-07	1.501387e-04	-1.73725e-03	
1092	1.012910e-02	1.188531e-07	1.630958e-04	-1.75026e-03	
1093	1.013821e-02	1.214874e-07	1.750493e-04	-1.76171e-03	
1094	1.014735e-02	1.253299e-07	1.859972e-04	-1.77276e-03	
1095	1.015674e-02	1.277461e-07	1.983159e-04	-1.78459e-03	
1096	1.016629e-02	1.268614e-07	2.097778e-04	-1.79617e-03	
1097	1.017487e-02	1.236489e-07	2.210785e-04	-1.80702e-03	
1098	1.018385e-02	1.200577e-07	2.318237e-04	-1.81790e-03	

Index   time            l1#branch       v1#branch       v2#branch       
--------------------------------------------------------------------------------
1099	1.019593e-02	1.187581e-07	2.474986e-04	-1.83307e-03	
1100	1.020584e-02	1.214964e-07	2.593978e-04	-1.84510e-03	
1101	1.021580e-02	1.256098e-07	2.724157e-04	-1.85765e-03	
1102	1.022491e-02	1.277819e-07	2.833114e-04	-1.86870e-03	
1103	1.023477e-02	1.266322e-07	2.962107e-04	-1.88115e-03	
1104	1.024331e-02	1.233216e-07	3.063648e-04	-1.89147e-03	
1105	1.025252e-02	1.197664e-07	3.184438e-04	-1.90312e-03	
1106	1.026519e-02	1.189515e-07	3.337675e-04	-1.91855e-03	
1107	1.027461e-02	1.218895e-07	3.461020e-04	-1.93045e-03	
1108	1.028407e-02	1.258045e-07	3.574044e-04	-1.94191e-03	
1109	1.029371e-02	1.278328e-07	3.700162e-04	-1.95409e-03	
1110	1.030323e-02	1.264119e-07	3.813903e-04	-1.96563e-03	
1111	1.031285e-02	1.225917e-07	3.939706e-04	-1.97778e-03	
1112	1.032153e-02	1.194375e-07	4.042761e-04	-1.98826e-03	
1113	1.033185e-02	1.188427e-07	4.177205e-04	-2.00127e-03	
1114	1.034121e-02	1.215862e-07	4.288681e-04	-2.01259e-03	
1115	1.035056e-02	1.254967e-07	4.410975e-04	-2.02439e-03	
1116	1.036016e-02	1.277852e-07	4.525297e-04	-2.03599e-03	
1117	1.037015e-02	1.265522e-07	4.655611e-04	-2.04860e-03	
1118	1.037866e-02	1.232155e-07	4.756336e-04	-2.05886e-03	
1119	1.038791e-02	1.196855e-07	4.877247e-04	-2.07053e-03	
1120	1.039921e-02	1.188223e-07	5.012544e-04	-2.08421e-03	
1121	1.040838e-02	1.214638e-07	5.132378e-04	-2.09578e-03	
1122	1.041760e-02	1.253360e-07	5.241693e-04	-2.10689e-03	
1123	1.042690e-02	1.277286e-07	5.363175e-04	-2.11863e-03	
1124	1.043634e-02	1.268753e-07	5.475224e-04	-2.13001e-03	
1125	1.044500e-02	1.236520e-07	5.588565e-04	-2.14094e-03	
1126	1.045392e-02	1.200759e-07	5.693994e-04	-2.15166e-03	
1127	1.046600e-02	1.187364e-07	5.849678e-04	-2.16679e-03	
1128	1.047601e-02	1.214811e-07	5.968503e-04	-2.17884e-03	
1129	1.048606e-02	1.256253e-07	6.098908e-04	-2.19146e-03	
1130	1.049515e-02	1.277765e-07	6.206239e-04	-2.20238e-03	
1131	1.050508e-02	1.265926e-07	6.335141e-04	-2.21486e-03	
1132	1.051361e-02	1.232691e-07	6.435371e-04	-2.22507e-03	
1133	1.052285e-02	1.197226e-07	6.555515e-04	-2.23668e-03	
1134	1.053429e-02	1.188179e-07	6.691672e-04	-2.25045e-03	
1135	1.054347e-02	1.214552e-07	6.810877e-04	-2.26196e-03	
1136	1.055269e-02	1.253306e-07	6.919506e-04	-2.27301e-03	
1137	1.056197e-02	1.277240e-07	7.039947e-04	-2.28465e-03	
1138	1.057137e-02	1.268926e-07	7.150646e-04	-2.29590e-03	
1139	1.058006e-02	1.236677e-07	7.263728e-04	-2.30681e-03	
1140	1.058895e-02	1.200964e-07	7.367960e-04	-2.31742e-03	
1141	1.060101e-02	1.187265e-07	7.522365e-04	-2.33243e-03	
1142	1.061106e-02	1.214616e-07	7.640778e-04	-2.34444e-03	
1143	1.062012e-02	1.252803e-07	7.758086e-04	-2.35578e-03	
1144	1.062952e-02	1.277210e-07	7.868329e-04	-2.36698e-03	
1145	1.063953e-02	1.267558e-07	7.997310e-04	-2.37947e-03	
1146	1.064794e-02	1.235587e-07	8.095333e-04	-2.38947e-03	
1147	1.065717e-02	1.199234e-07	8.214443e-04	-2.40098e-03	
1148	1.066915e-02	1.187844e-07	8.356101e-04	-2.41530e-03	
1149	1.067848e-02	1.214073e-07	8.476243e-04	-2.42691e-03	
1150	1.068787e-02	1.253421e-07	8.586001e-04	-2.43807e-03	
1151	1.069700e-02	1.277133e-07	8.703615e-04	-2.44944e-03	
1152	1.070634e-02	1.269329e-07	8.812586e-04	-2.46052e-03	
1153	1.071508e-02	1.237174e-07	8.925297e-04	-2.47140e-03	
1154	1.072392e-02	1.201466e-07	9.027999e-04	-2.48186e-03	
1155	1.073589e-02	1.187033e-07	9.180026e-04	-2.49663e-03	
1156	1.074599e-02	1.213872e-07	9.297852e-04	-2.50859e-03	

Index   time            l1#branch       v1#branch       v2#branch       
--------------------------------------------------------------------------------
1157	1.075496e-02	1.251756e-07	9.413013e-04	-2.51972e-03	
1158	1.076431e-02	1.276891e-07	9.521655e-04	-2.53077e-03	
1159	1.077435e-02	1.268326e-07	9.649838e-04	-2.54318e-03	
1160	1.078273e-02	1.236965e-07	9.746332e-04	-2.55303e-03	
1161	1.079195e-02	1.200235e-07	9.864302e-04	-2.56443e-03	
1162	1.080360e-02	1.187172e-07	1.000052e-03	-2.57821e-03	
1163	1.081291e-02	1.211714e-07	1.011929e-03	-2.58969e-03	
1164	1.082230e-02	1.251082e-07	1.022786e-03	-2.60073e-03	
1165	1.083123e-02	1.276232e-07	1.034195e-03	-2.61175e-03	
1166	1.084054e-02	1.271304e-07	1.044927e-03	-2.62267e-03	
1167	1.084942e-02	1.240074e-07	1.056265e-03	-2.63362e-03	
1168	1.085827e-02	1.203722e-07	1.066422e-03	-2.64397e-03	
1169	1.086962e-02	1.186149e-07	1.080720e-03	-2.65785e-03	
1170	1.087978e-02	1.209548e-07	1.092446e-03	-2.66975e-03	
1171	1.088842e-02	1.246087e-07	1.103446e-03	-2.68037e-03	
1172	1.089785e-02	1.275064e-07	1.114273e-03	-2.69138e-03	
1173	1.090803e-02	1.271395e-07	1.127117e-03	-2.70382e-03	
1174	1.091639e-02	1.242229e-07	1.136645e-03	-2.71355e-03	
1175	1.092551e-02	1.204648e-07	1.148181e-03	-2.72470e-03	
1176	1.093610e-02	1.185844e-07	1.160364e-03	-2.73705e-03	
1177	1.094544e-02	1.203767e-07	1.172144e-03	-2.74844e-03	
1178	1.095493e-02	1.242562e-07	1.182986e-03	-2.75947e-03	
1179	1.096369e-02	1.272359e-07	1.194059e-03	-2.77016e-03	
1180	1.097314e-02	1.275375e-07	1.204833e-03	-2.78112e-03	
1181	1.098239e-02	1.247533e-07	1.216475e-03	-2.79237e-03	
1182	1.099160e-02	1.208949e-07	1.226941e-03	-2.80303e-03	
1183	1.100151e-02	1.186186e-07	1.239340e-03	-2.81503e-03	
1184	1.101173e-02	1.200467e-07	1.250988e-03	-2.82686e-03	
1185	1.102025e-02	1.234544e-07	1.261706e-03	-2.83719e-03	
1186	1.102959e-02	1.269134e-07	1.272281e-03	-2.84796e-03	
1187	1.104059e-02	1.275442e-07	1.285948e-03	-2.86122e-03	
1188	1.104947e-02	1.249055e-07	1.295948e-03	-2.87141e-03	
1189	1.105837e-02	1.211421e-07	1.307090e-03	-2.88217e-03	
1190	1.106787e-02	1.186940e-07	1.317802e-03	-2.89307e-03	
1191	1.107718e-02	1.195278e-07	1.329399e-03	-2.90428e-03	
1192	1.108597e-02	1.227863e-07	1.339250e-03	-2.91432e-03	
1193	1.109479e-02	1.263307e-07	1.350253e-03	-2.92494e-03	
1194	1.110696e-02	1.276863e-07	1.364084e-03	-2.93894e-03	
1195	1.111714e-02	1.248783e-07	1.376668e-03	-2.95112e-03	
1196	1.112627e-02	1.210397e-07	1.386876e-03	-2.96152e-03	
1197	1.113574e-02	1.186721e-07	1.398594e-03	-2.97285e-03	
1198	1.114588e-02	1.197948e-07	1.409958e-03	-2.98440e-03	
1199	1.115432e-02	1.230686e-07	1.420443e-03	-2.99450e-03	
1200	1.116361e-02	1.266554e-07	1.430789e-03	-3.00504e-03	
1201	1.117605e-02	1.275130e-07	1.445941e-03	-3.01977e-03	
1202	1.118521e-02	1.247195e-07	1.456117e-03	-3.03015e-03	
1203	1.119443e-02	1.208632e-07	1.467457e-03	-3.04110e-03	
1204	1.120393e-02	1.186356e-07	1.477995e-03	-3.05183e-03	
1205	1.121320e-02	1.197210e-07	1.489371e-03	-3.06282e-03	
1206	1.122272e-02	1.233700e-07	1.499905e-03	-3.07354e-03	
1207	1.123142e-02	1.267063e-07	1.510597e-03	-3.08385e-03	
1208	1.124346e-02	1.275339e-07	1.524051e-03	-3.09747e-03	
1209	1.125344e-02	1.244802e-07	1.536201e-03	-3.10923e-03	
1210	1.126342e-02	1.204169e-07	1.547214e-03	-3.12043e-03	
1211	1.127312e-02	1.185837e-07	1.559000e-03	-3.13183e-03	
1212	1.128331e-02	1.204200e-07	1.570228e-03	-3.14324e-03	
1213	1.129200e-02	1.240074e-07	1.580825e-03	-3.15346e-03	
1214	1.130138e-02	1.272285e-07	1.591090e-03	-3.16392e-03	

Index   time            l1#branch       v1#branch       v2#branch       
--------------------------------------------------------------------------------
1215	1.131187e-02	1.273952e-07	1.603733e-03	-3.17616e-03	
1216	1.132042e-02	1.246641e-07	1.613019e-03	-3.18565e-03	
1217	1.132939e-02	1.208929e-07	1.623891e-03	-3.19614e-03	
1218	1.133926e-02	1.186218e-07	1.634658e-03	-3.20710e-03	
1219	1.134860e-02	1.198083e-07	1.645913e-03	-3.21797e-03	
1220	1.135813e-02	1.235069e-07	1.656269e-03	-3.22852e-03	
1221	1.136682e-02	1.267913e-07	1.666759e-03	-3.23863e-03	
1222	1.137844e-02	1.275398e-07	1.679475e-03	-3.25152e-03	
1223	1.138834e-02	1.245245e-07	1.691316e-03	-3.26297e-03	
1224	1.139823e-02	1.204808e-07	1.702012e-03	-3.27386e-03	
1225	1.140794e-02	1.185865e-07	1.713607e-03	-3.28507e-03	
1226	1.141817e-02	1.203738e-07	1.724653e-03	-3.29630e-03	
1227	1.142683e-02	1.239376e-07	1.735022e-03	-3.30629e-03	
1228	1.143621e-02	1.271943e-07	1.745088e-03	-3.31655e-03	
1229	1.144678e-02	1.274134e-07	1.757583e-03	-3.32865e-03	
1230	1.145534e-02	1.247017e-07	1.766686e-03	-3.33796e-03	
1231	1.146432e-02	1.209249e-07	1.777363e-03	-3.34826e-03	
1232	1.147412e-02	1.186310e-07	1.787829e-03	-3.35892e-03	
1233	1.148341e-02	1.197564e-07	1.798821e-03	-3.36953e-03	
1234	1.149293e-02	1.234236e-07	1.808941e-03	-3.37984e-03	
1235	1.150166e-02	1.267492e-07	1.819279e-03	-3.38980e-03	
1236	1.151358e-02	1.275275e-07	1.832061e-03	-3.40276e-03	
1237	1.152357e-02	1.244565e-07	1.843774e-03	-3.41409e-03	
1238	1.153356e-02	1.203960e-07	1.854345e-03	-3.42485e-03	
1239	1.154330e-02	1.185848e-07	1.865742e-03	-3.43586e-03	
1240	1.155356e-02	1.204772e-07	1.876573e-03	-3.44688e-03	
1241	1.156225e-02	1.240777e-07	1.886769e-03	-3.45670e-03	
1242	1.157165e-02	1.272687e-07	1.896628e-03	-3.46676e-03	
1243	1.158215e-02	1.273599e-07	1.908795e-03	-3.47853e-03	
1244	1.159062e-02	1.246164e-07	1.917590e-03	-3.48754e-03	
1245	1.159966e-02	1.208301e-07	1.928102e-03	-3.49767e-03	
1246	1.160957e-02	1.186125e-07	1.938456e-03	-3.50822e-03	
1247	1.161887e-02	1.198622e-07	1.949215e-03	-3.51860e-03	
1248	1.162833e-02	1.235565e-07	1.959033e-03	-3.52862e-03	
1249	1.163703e-02	1.268266e-07	1.969116e-03	-3.53833e-03	
1250	1.164850e-02	1.275409e-07	1.981105e-03	-3.55050e-03	
1251	1.165841e-02	1.245216e-07	1.992468e-03	-3.56148e-03	
1252	1.166830e-02	1.204773e-07	2.002686e-03	-3.57189e-03	
1253	1.167804e-02	1.185877e-07	2.013826e-03	-3.58265e-03	
1254	1.168832e-02	1.204049e-07	2.024426e-03	-3.59344e-03	
1255	1.169698e-02	1.239732e-07	2.034352e-03	-3.60299e-03	
1256	1.170638e-02	1.272173e-07	2.043969e-03	-3.61281e-03	
1257	1.171697e-02	1.273925e-07	2.055958e-03	-3.62441e-03	
1258	1.172547e-02	1.246779e-07	2.064555e-03	-3.63322e-03	
1259	1.173450e-02	1.208871e-07	2.074822e-03	-3.64311e-03	
1260	1.174431e-02	1.186258e-07	2.084801e-03	-3.65328e-03	
1261	1.175355e-02	1.197791e-07	2.095255e-03	-3.66336e-03	
1262	1.176308e-02	1.234611e-07	2.104895e-03	-3.67320e-03	
1263	1.177185e-02	1.267817e-07	2.114808e-03	-3.68274e-03	
1264	1.178369e-02	1.275213e-07	2.126880e-03	-3.69500e-03	
1265	1.179370e-02	1.244302e-07	2.138084e-03	-3.70582e-03	
1266	1.180370e-02	1.203700e-07	2.148144e-03	-3.71607e-03	
1267	1.181349e-02	1.185863e-07	2.159065e-03	-3.72662e-03	
1268	1.182381e-02	1.205383e-07	2.169408e-03	-3.73715e-03	
1269	1.183250e-02	1.241523e-07	2.179135e-03	-3.74651e-03	
1270	1.184193e-02	1.273098e-07	2.188510e-03	-3.75609e-03	
1271	1.185244e-02	1.273205e-07	2.200119e-03	-3.76731e-03	
1272	1.186083e-02	1.245632e-07	2.208366e-03	-3.77577e-03	

Index   time            l1#branch       v1#branch       v2#branch       
--------------------------------------------------------------------------------
1273	1.186993e-02	1.207621e-07	2.218443e-03	-3.78548e-03	
1274	1.187990e-02	1.186041e-07	2.228310e-03	-3.79554e-03	
1275	1.188912e-02	1.199138e-07	2.238463e-03	-3.80532e-03	
1276	1.189851e-02	1.236034e-07	2.247681e-03	-3.81474e-03	
1277	1.190721e-02	1.268578e-07	2.257279e-03	-3.82397e-03	
1278	1.191854e-02	1.275438e-07	2.268468e-03	-3.83535e-03	
1279	1.192845e-02	1.245238e-07	2.279276e-03	-3.84578e-03	
1280	1.193835e-02	1.204779e-07	2.288938e-03	-3.85564e-03	
1281	1.194811e-02	1.185892e-07	2.299536e-03	-3.86586e-03	
1282	1.195845e-02	1.204288e-07	2.309601e-03	-3.87612e-03	
1283	1.196709e-02	1.239992e-07	2.319014e-03	-3.88517e-03	
1284	1.197652e-02	1.272348e-07	2.328107e-03	-3.89447e-03	
1285	1.198714e-02	1.273745e-07	2.339509e-03	-3.90549e-03	
1286	1.199557e-02	1.246596e-07	2.347550e-03	-3.91374e-03	
1287	1.200465e-02	1.208555e-07	2.357328e-03	-3.92315e-03	
1288	1.201447e-02	1.186223e-07	2.366735e-03	-3.93276e-03	
1289	1.202366e-02	1.197955e-07	2.376586e-03	-3.94224e-03	
1290	1.203322e-02	1.234939e-07	2.385685e-03	-3.95155e-03	
1291	1.204202e-02	1.268113e-07	2.395103e-03	-3.96060e-03	
1292	1.205380e-02	1.275139e-07	2.406404e-03	-3.97209e-03	
1293	1.206384e-02	1.244003e-07	2.417023e-03	-3.98233e-03	
1294	1.207385e-02	1.203406e-07	2.426494e-03	-3.99200e-03	
1295	1.208369e-02	1.185885e-07	2.436862e-03	-4.00200e-03	
1296	1.209406e-02	1.206039e-07	2.446631e-03	-4.01196e-03	
1297	1.210276e-02	1.242318e-07	2.455823e-03	-4.02079e-03	
1298	1.211221e-02	1.273519e-07	2.464640e-03	-4.02982e-03	
1299	1.212275e-02	1.272757e-07	2.475617e-03	-4.04042e-03	
1300	1.213106e-02	1.245025e-07	2.483260e-03	-4.04828e-03	
1301	1.214023e-02	1.206867e-07	2.492832e-03	-4.05748e-03	
1302	1.215027e-02	1.185971e-07	2.502141e-03	-4.06699e-03	
1303	1.215939e-02	1.199740e-07	2.511622e-03	-4.07611e-03	
1304	1.216873e-02	1.236685e-07	2.520198e-03	-4.08489e-03	
1305	1.217744e-02	1.268984e-07	2.529239e-03	-4.09357e-03	
1306	1.218856e-02	1.275477e-07	2.539510e-03	-4.10404e-03	
1307	1.219847e-02	1.245346e-07	2.549672e-03	-4.11383e-03	
1308	1.220836e-02	1.204907e-07	2.558687e-03	-4.12305e-03	
1309	1.221814e-02	1.185910e-07	2.568671e-03	-4.13266e-03	
1310	1.222853e-02	1.204404e-07	2.578116e-03	-4.14231e-03	
1311	1.223716e-02	1.240080e-07	2.586949e-03	-4.15078e-03	
1312	1.224660e-02	1.272432e-07	2.595445e-03	-4.15949e-03	
1313	1.225727e-02	1.273625e-07	2.606187e-03	-4.16986e-03	
1314	1.226565e-02	1.246515e-07	2.613625e-03	-4.17751e-03	
1315	1.227477e-02	1.208347e-07	2.622839e-03	-4.18636e-03	
1316	1.228458e-02	1.186212e-07	2.631587e-03	-4.19532e-03	
1317	1.229372e-02	1.197991e-07	2.640773e-03	-4.20414e-03	
1318	1.230332e-02	1.235137e-07	2.649273e-03	-4.21285e-03	
1319	1.231215e-02	1.268336e-07	2.658133e-03	-4.22135e-03	
1320	1.232392e-02	1.275042e-07	2.668630e-03	-4.23204e-03	
1321	1.233399e-02	1.243613e-07	2.678597e-03	-4.24164e-03	
1322	1.234404e-02	1.203014e-07	2.687416e-03	-4.25067e-03	
1323	1.235393e-02	1.185916e-07	2.697156e-03	-4.26004e-03	
1324	1.236436e-02	1.206814e-07	2.706268e-03	-4.26935e-03	
1325	1.237307e-02	1.243256e-07	2.714866e-03	-4.27759e-03	
1326	1.238254e-02	1.273989e-07	2.723054e-03	-4.28599e-03	
1327	1.239311e-02	1.272213e-07	2.733322e-03	-4.29589e-03	
1328	1.240132e-02	1.244289e-07	2.740308e-03	-4.30310e-03	
1329	1.241056e-02	1.205990e-07	2.749308e-03	-4.31174e-03	
1330	1.242070e-02	1.185921e-07	2.757999e-03	-4.32064e-03	

Index   time            l1#branch       v1#branch       v2#branch       
--------------------------------------------------------------------------------
1331	1.242974e-02	1.200546e-07	2.766761e-03	-4.32904e-03	
1332	1.243902e-02	1.237576e-07	2.774630e-03	-4.33712e-03	
1333	1.244775e-02	1.269578e-07	2.783073e-03	-4.34521e-03	
1334	1.245859e-02	1.275510e-07	2.792296e-03	-4.35464e-03	
1335	1.246846e-02	1.245528e-07	2.801722e-03	-4.36370e-03	
1336	1.247831e-02	1.205179e-07	2.810000e-03	-4.37219e-03	
1337	1.248812e-02	1.185932e-07	2.819306e-03	-4.38113e-03	
1338	1.249857e-02	1.204413e-07	2.828055e-03	-4.39009e-03	
1339	1.250718e-02	1.240015e-07	2.836247e-03	-4.39793e-03	
1340	1.251664e-02	1.272436e-07	2.844077e-03	-4.40597e-03	
1341	1.252736e-02	1.273561e-07	2.854087e-03	-4.41561e-03	
1342	1.253570e-02	1.246526e-07	2.860879e-03	-4.42263e-03	
1343	1.254485e-02	1.208237e-07	2.869456e-03	-4.43085e-03	
1344	1.255464e-02	1.186219e-07	2.877469e-03	-4.43908e-03	
1345	1.256373e-02	1.197912e-07	2.885934e-03	-4.44719e-03	
1346	1.257338e-02	1.235217e-07	2.893776e-03	-4.45524e-03	
1347	1.258226e-02	1.268493e-07	2.902017e-03	-4.46313e-03	
1348	1.259406e-02	1.274922e-07	2.911670e-03	-4.47298e-03	
1349	1.260418e-02	1.243142e-07	2.920920e-03	-4.48187e-03	
1350	1.261426e-02	1.202537e-07	2.929022e-03	-4.49019e-03	
1351	1.262421e-02	1.185962e-07	2.938064e-03	-4.49887e-03	
1352	1.263468e-02	1.207701e-07	2.946440e-03	-4.50745e-03	
1353	1.264341e-02	1.244319e-07	2.954388e-03	-4.51505e-03	
1354	1.265290e-02	1.274491e-07	2.961881e-03	-4.52276e-03	
1355	1.266349e-02	1.271581e-07	2.971361e-03	-4.53188e-03	
1356	1.267161e-02	1.243458e-07	2.977643e-03	-4.53839e-03	
1357	1.268094e-02	1.205030e-07	2.986004e-03	-4.54640e-03	
1358	1.269119e-02	1.185913e-07	2.994014e-03	-4.55462e-03	
1359	1.270015e-02	1.201532e-07	3.002017e-03	-4.56227e-03	
1360	1.270936e-02	1.238608e-07	3.009111e-03	-4.56958e-03	
1361	1.271814e-02	1.270293e-07	3.016916e-03	-4.57704e-03	
1362	1.272862e-02	1.275540e-07	3.025013e-03	-4.58535e-03	
1363	1.273845e-02	1.245767e-07	3.033628e-03	-4.59361e-03	
1364	1.274824e-02	1.205559e-07	3.041095e-03	-4.60129e-03	
1365	1.275809e-02	1.185957e-07	3.049665e-03	-4.60951e-03	
1366	1.276859e-02	1.204344e-07	3.057644e-03	-4.61770e-03	
1367	1.277718e-02	1.239840e-07	3.065138e-03	-4.62485e-03	
1368	1.278665e-02	1.272384e-07	3.072240e-03	-4.63217e-03	
1369	1.279743e-02	1.273536e-07	3.081446e-03	-4.64102e-03	
1370	1.280573e-02	1.246601e-07	3.087551e-03	-4.64735e-03	
1371	1.281492e-02	1.208195e-07	3.095426e-03	-4.65488e-03	
1372	1.282468e-02	1.186238e-07	3.102637e-03	-4.66231e-03	
1373	1.283372e-02	1.197751e-07	3.110332e-03	-4.66965e-03	
1374	1.284343e-02	1.235211e-07	3.117455e-03	-4.67700e-03	
1375	1.285235e-02	1.268600e-07	3.125016e-03	-4.68421e-03	
1376	1.286422e-02	1.274786e-07	3.133772e-03	-4.69317e-03	
1377	1.287438e-02	1.242615e-07	3.142240e-03	-4.70129e-03	
1378	1.288451e-02	1.202005e-07	3.149562e-03	-4.70883e-03	
1379	1.289451e-02	1.186028e-07	3.157838e-03	-4.71675e-03	
1380	1.290504e-02	1.208667e-07	3.165404e-03	-4.72453e-03	
1381	1.291378e-02	1.245458e-07	3.172648e-03	-4.73143e-03	
1382	1.292330e-02	1.274999e-07	3.179385e-03	-4.73839e-03	
1383	1.293391e-02	1.270875e-07	3.188006e-03	-4.74666e-03	
1384	1.294204e-02	1.242114e-07	3.193635e-03	-4.75252e-03	
1385	1.295140e-02	1.203835e-07	3.201247e-03	-4.75979e-03	
1386	1.296187e-02	1.185991e-07	3.208579e-03	-4.76734e-03	
1387	1.297077e-02	1.203116e-07	3.215785e-03	-4.77420e-03	
1388	1.297986e-02	1.240201e-07	3.222027e-03	-4.78067e-03	

Index   time            l1#branch       v1#branch       v2#branch       
--------------------------------------------------------------------------------
1389	1.298872e-02	1.271363e-07	3.229160e-03	-4.78746e-03	
1390	1.299862e-02	1.275620e-07	3.235957e-03	-4.79448e-03	
1391	1.300834e-02	1.246344e-07	3.243671e-03	-4.80185e-03	
1392	1.301802e-02	1.206415e-07	3.250236e-03	-4.80864e-03	
1393	1.302792e-02	1.186011e-07	3.258012e-03	-4.81606e-03	
1394	1.303848e-02	1.203859e-07	3.265156e-03	-4.82343e-03	
1395	1.304703e-02	1.239079e-07	3.271894e-03	-4.82983e-03	
1396	1.305652e-02	1.272026e-07	3.278207e-03	-4.83637e-03	
1397	1.306740e-02	1.273711e-07	3.286570e-03	-4.84438e-03	
1398	1.307569e-02	1.246995e-07	3.291966e-03	-4.85001e-03	
1399	1.308490e-02	1.208482e-07	3.299071e-03	-4.85677e-03	
1400	1.309458e-02	1.186325e-07	3.305397e-03	-4.86332e-03	
1401	1.310355e-02	1.197190e-07	3.312272e-03	-4.86986e-03	
1402	1.311339e-02	1.234801e-07	3.318650e-03	-4.87646e-03	
1403	1.312237e-02	1.268498e-07	3.325486e-03	-4.88296e-03	
1404	1.313447e-02	1.274556e-07	3.333381e-03	-4.89107e-03	
1405	1.314471e-02	1.241740e-07	3.341026e-03	-4.89837e-03	
1406	1.315492e-02	1.201116e-07	3.347529e-03	-4.90509e-03	
1407	1.316500e-02	1.186161e-07	3.354984e-03	-4.91220e-03	
1408	1.317555e-02	1.210040e-07	3.361654e-03	-4.91910e-03	
1409	1.318431e-02	1.247054e-07	3.368151e-03	-4.92526e-03	
1410	1.319386e-02	1.275645e-07	3.374073e-03	-4.93141e-03	
1411	1.320447e-02	1.269878e-07	3.381767e-03	-4.93876e-03	
1412	1.321265e-02	1.240198e-07	3.386716e-03	-4.94395e-03	
1413	1.322203e-02	1.202254e-07	3.393517e-03	-4.95041e-03	
1414	1.323288e-02	1.186309e-07	3.400178e-03	-4.95729e-03	
1415	1.324172e-02	1.205664e-07	3.406555e-03	-4.96333e-03	
1416	1.325072e-02	1.242976e-07	3.411934e-03	-4.96895e-03	
1417	1.325967e-02	1.272979e-07	3.418338e-03	-4.97501e-03	
1418	1.326896e-02	1.275314e-07	3.423857e-03	-4.98077e-03	
1419	1.327854e-02	1.246039e-07	3.430609e-03	-4.98718e-03	
1420	1.328805e-02	1.206650e-07	3.436213e-03	-4.99302e-03	
1421	1.329817e-02	1.185992e-07	3.443240e-03	-4.99970e-03	
1422	1.330883e-02	1.204575e-07	3.449506e-03	-5.00620e-03	
1423	1.331737e-02	1.239908e-07	3.455465e-03	-5.01182e-03	
1424	1.332689e-02	1.272512e-07	3.460949e-03	-5.01754e-03	
1425	1.333775e-02	1.273315e-07	3.468318e-03	-5.02457e-03	
1426	1.334595e-02	1.246477e-07	3.472915e-03	-5.02941e-03	
1427	1.335522e-02	1.207834e-07	3.479221e-03	-5.03538e-03	
1428	1.336496e-02	1.186215e-07	3.484710e-03	-5.04110e-03	
1429	1.337389e-02	1.197747e-07	3.490743e-03	-5.04680e-03	
1430	1.338368e-02	1.235490e-07	3.496206e-03	-5.05249e-03	
1431	1.339268e-02	1.268937e-07	3.502225e-03	-5.05818e-03	
1432	1.340454e-02	1.274593e-07	3.508881e-03	-5.06506e-03	
1433	1.341477e-02	1.241893e-07	3.515577e-03	-5.07142e-03	
1434	1.342495e-02	1.201300e-07	3.521134e-03	-5.07721e-03	
1435	1.343505e-02	1.186154e-07	3.527675e-03	-5.08341e-03	
1436	1.344566e-02	1.210084e-07	3.533411e-03	-5.08938e-03	
1437	1.345441e-02	1.247038e-07	3.539090e-03	-5.09473e-03	
1438	1.346396e-02	1.275665e-07	3.544145e-03	-5.10002e-03	
1439	1.347462e-02	1.269771e-07	3.550880e-03	-5.10642e-03	
1440	1.348280e-02	1.240026e-07	3.555073e-03	-5.11086e-03	
1441	1.349220e-02	1.202077e-07	3.561012e-03	-5.11647e-03	
1442	1.350314e-02	1.186395e-07	3.566723e-03	-5.12241e-03	
1443	1.351194e-02	1.206035e-07	3.572254e-03	-5.12761e-03	
1444	1.352090e-02	1.243263e-07	3.576775e-03	-5.13237e-03	
1445	1.352987e-02	1.273155e-07	3.582353e-03	-5.13762e-03	
1446	1.353914e-02	1.275211e-07	3.586996e-03	-5.14251e-03	

Index   time            l1#branch       v1#branch       v2#branch       
--------------------------------------------------------------------------------
1447	1.354874e-02	1.245678e-07	3.592863e-03	-5.14805e-03	
1448	1.355828e-02	1.206272e-07	3.597588e-03	-5.15301e-03	
1449	1.356845e-02	1.185971e-07	3.603695e-03	-5.15878e-03	
1450	1.357917e-02	1.205281e-07	3.608989e-03	-5.16431e-03	
1451	1.358771e-02	1.240789e-07	3.614144e-03	-5.16914e-03	
1452	1.359725e-02	1.272987e-07	3.618744e-03	-5.17398e-03	
1453	1.360810e-02	1.272880e-07	3.625077e-03	-5.17998e-03	
1454	1.361623e-02	1.245913e-07	3.628855e-03	-5.18401e-03	
1455	1.362555e-02	1.207140e-07	3.634311e-03	-5.18914e-03	
1456	1.363536e-02	1.186116e-07	3.638913e-03	-5.19398e-03	
1457	1.364421e-02	1.198276e-07	3.644053e-03	-5.19880e-03	
1458	1.365397e-02	1.236140e-07	3.648567e-03	-5.20355e-03	
1459	1.366296e-02	1.269331e-07	3.653725e-03	-5.20839e-03	
1460	1.367461e-02	1.274640e-07	3.659139e-03	-5.21403e-03	
1461	1.368482e-02	1.242065e-07	3.664846e-03	-5.21941e-03	
1462	1.369498e-02	1.201492e-07	3.669419e-03	-5.22423e-03	
1463	1.370509e-02	1.186142e-07	3.674998e-03	-5.22948e-03	
1464	1.371576e-02	1.210105e-07	3.679745e-03	-5.23446e-03	
1465	1.372449e-02	1.247000e-07	3.684571e-03	-5.23897e-03	
1466	1.373407e-02	1.275674e-07	3.688716e-03	-5.24336e-03	
1467	1.374476e-02	1.269677e-07	3.694440e-03	-5.24875e-03	
1468	1.375294e-02	1.239878e-07	3.697843e-03	-5.25241e-03	
1469	1.376235e-02	1.201921e-07	3.702877e-03	-5.25712e-03	
1470	1.377339e-02	1.186477e-07	3.707572e-03	-5.26205e-03	
1471	1.378215e-02	1.206357e-07	3.712229e-03	-5.26639e-03	
1472	1.379107e-02	1.243491e-07	3.715863e-03	-5.27027e-03	
1473	1.380006e-02	1.273299e-07	3.720574e-03	-5.27466e-03	
1474	1.380932e-02	1.275113e-07	3.724312e-03	-5.27865e-03	
1475	1.381895e-02	1.245334e-07	3.729251e-03	-5.28327e-03	
1476	1.382851e-02	1.205903e-07	3.733057e-03	-5.28732e-03	
1477	1.383873e-02	1.185958e-07	3.738190e-03	-5.29213e-03	
1478	1.384950e-02	1.205965e-07	3.742458e-03	-5.29664e-03	
1479	1.385805e-02	1.241627e-07	3.746775e-03	-5.30064e-03	
1480	1.386761e-02	1.273423e-07	3.750448e-03	-5.30456e-03	
1481	1.387846e-02	1.272423e-07	3.755713e-03	-5.30950e-03	
1482	1.388650e-02	1.245330e-07	3.758657e-03	-5.31270e-03	
1483	1.389590e-02	1.206426e-07	3.763218e-03	-5.31694e-03	
1484	1.390577e-02	1.186037e-07	3.766884e-03	-5.32086e-03	
1485	1.391455e-02	1.198864e-07	3.771117e-03	-5.32477e-03	
1486	1.392427e-02	1.236837e-07	3.774650e-03	-5.32855e-03	
1487	1.393326e-02	1.269741e-07	3.778914e-03	-5.33250e-03	
1488	1.394467e-02	1.274692e-07	3.783079e-03	-5.33691e-03	
1489	1.395486e-02	1.242268e-07	3.787761e-03	-5.34128e-03	
1490	1.396500e-02	1.201722e-07	3.791316e-03	-5.34508e-03	
1491	1.397513e-02	1.186124e-07	3.795892e-03	-5.34934e-03	
1492	1.398585e-02	1.210055e-07	3.799598e-03	-5.35329e-03	
1493	1.399456e-02	1.246876e-07	3.803544e-03	-5.35692e-03	
1494	1.400415e-02	1.275648e-07	3.806741e-03	-5.36037e-03	
1495	1.401489e-02	1.269634e-07	3.811409e-03	-5.36472e-03	
1496	1.402306e-02	1.239829e-07	3.813994e-03	-5.36756e-03	
1497	1.403249e-02	1.201841e-07	3.818087e-03	-5.37134e-03	
1498	1.404358e-02	1.186530e-07	3.821700e-03	-5.37520e-03	
1499	1.405231e-02	1.206511e-07	3.825460e-03	-5.37865e-03	
1500	1.406125e-02	1.243761e-07	3.828210e-03	-5.38166e-03	
1501	1.407023e-02	1.273398e-07	3.832006e-03	-5.38514e-03	
1502	1.407950e-02	1.275006e-07	3.834820e-03	-5.38821e-03	
1503	1.408916e-02	1.244950e-07	3.838797e-03	-5.39188e-03	
1504	1.409875e-02	1.205486e-07	3.841650e-03	-5.39498e-03	

Index   time            l1#branch       v1#branch       v2#branch       
--------------------------------------------------------------------------------
1505	1.410903e-02	1.185952e-07	3.845765e-03	-5.39878e-03	
1506	1.411984e-02	1.206695e-07	3.848963e-03	-5.40223e-03	
1507	1.412840e-02	1.242511e-07	3.852413e-03	-5.40537e-03	
1508	1.413798e-02	1.273862e-07	3.855126e-03	-5.40834e-03	
1509	1.414885e-02	1.271900e-07	3.859290e-03	-5.41219e-03	
1510	1.415689e-02	1.244319e-07	3.861421e-03	-5.41458e-03	
1511	1.416631e-02	1.205477e-07	3.865032e-03	-5.41789e-03	
1512	1.417635e-02	1.185965e-07	3.867743e-03	-5.42085e-03	
1513	1.418507e-02	1.199920e-07	3.871060e-03	-5.42386e-03	
1514	1.419469e-02	1.237975e-07	3.873574e-03	-5.42663e-03	
1515	1.420366e-02	1.270350e-07	3.876910e-03	-5.42966e-03	
1516	1.421467e-02	1.274830e-07	3.879788e-03	-5.43279e-03	
1517	1.422480e-02	1.242828e-07	3.883408e-03	-5.43611e-03	
1518	1.423487e-02	1.202341e-07	3.885910e-03	-5.43886e-03	
1519	1.424500e-02	1.186063e-07	3.889448e-03	-5.44209e-03	
1520	1.425576e-02	1.209485e-07	3.892071e-03	-5.44497e-03	
1521	1.426444e-02	1.246122e-07	3.895110e-03	-5.44771e-03	
1522	1.427404e-02	1.275380e-07	3.897329e-03	-5.45018e-03	
1523	1.428483e-02	1.269956e-07	3.900907e-03	-5.45346e-03	
1524	1.429298e-02	1.240468e-07	3.902648e-03	-5.45546e-03	
1525	1.430242e-02	1.202299e-07	3.905772e-03	-5.45828e-03	
1526	1.431339e-02	1.186379e-07	3.908213e-03	-5.46098e-03	
1527	1.432209e-02	1.205549e-07	3.911063e-03	-5.46352e-03	
1528	1.433117e-02	1.243151e-07	3.912930e-03	-5.46565e-03	
1529	1.434005e-02	1.272933e-07	3.915773e-03	-5.46819e-03	
1530	1.434956e-02	1.275050e-07	3.917691e-03	-5.47037e-03	
1531	1.435931e-02	1.244718e-07	3.920691e-03	-5.47307e-03	
1532	1.436900e-02	1.204992e-07	3.922578e-03	-5.47522e-03	
1533	1.437924e-02	1.185952e-07	3.925615e-03	-5.47795e-03	
1534	1.439007e-02	1.207142e-07	3.927699e-03	-5.48029e-03	
1535	1.439864e-02	1.243069e-07	3.930262e-03	-5.48256e-03	
1536	1.440824e-02	1.274129e-07	3.931984e-03	-5.48454e-03	
1537	1.441912e-02	1.271526e-07	3.935023e-03	-5.48728e-03	
1538	1.442718e-02	1.243574e-07	3.936322e-03	-5.48885e-03	
1539	1.443662e-02	1.204800e-07	3.938955e-03	-5.49118e-03	
1540	1.444685e-02	1.185953e-07	3.940667e-03	-5.49315e-03	
1541	1.445554e-02	1.200952e-07	3.943063e-03	-5.49525e-03	
1542	1.446510e-02	1.239138e-07	3.944561e-03	-5.49701e-03	
1543	1.447404e-02	1.270963e-07	3.946955e-03	-5.49911e-03	
1544	1.448467e-02	1.274938e-07	3.948607e-03	-5.50102e-03	
1545	1.449473e-02	1.243320e-07	3.951155e-03	-5.50328e-03	
1546	1.450474e-02	1.202917e-07	3.952596e-03	-5.50498e-03	
1547	1.451489e-02	1.186019e-07	3.955075e-03	-5.50716e-03	
1548	1.452569e-02	1.209013e-07	3.956583e-03	-5.50893e-03	
1549	1.453433e-02	1.245478e-07	3.958707e-03	-5.51076e-03	
1550	1.454395e-02	1.275144e-07	3.959926e-03	-5.51225e-03	
1551	1.455479e-02	1.270204e-07	3.962380e-03	-5.51440e-03	
1552	1.456292e-02	1.240975e-07	3.963266e-03	-5.51556e-03	
1553	1.457237e-02	1.202658e-07	3.965400e-03	-5.51740e-03	
1554	1.458326e-02	1.186279e-07	3.966679e-03	-5.51894e-03	
1555	1.459192e-02	1.204810e-07	3.968608e-03	-5.52058e-03	
1556	1.460112e-02	1.242709e-07	3.969543e-03	-5.52178e-03	
1557	1.460993e-02	1.272565e-07	3.971439e-03	-5.52338e-03	
1558	1.461962e-02	1.275060e-07	3.972388e-03	-5.52460e-03	
1559	1.462946e-02	1.244450e-07	3.974371e-03	-5.52629e-03	
1560	1.463923e-02	1.204513e-07	3.975253e-03	-5.52744e-03	
1561	1.464945e-02	1.185955e-07	3.977206e-03	-5.52910e-03	
1562	1.466031e-02	1.207652e-07	3.978153e-03	-5.53032e-03	

Index   time            l1#branch       v1#branch       v2#branch       
--------------------------------------------------------------------------------
1563	1.466888e-02	1.243692e-07	3.979811e-03	-5.53169e-03	
1564	1.467850e-02	1.274418e-07	3.980525e-03	-5.53267e-03	
1565	1.468941e-02	1.271103e-07	3.982414e-03	-5.53427e-03	
1566	1.469748e-02	1.242749e-07	3.982866e-03	-5.53499e-03	
1567	1.470694e-02	1.204071e-07	3.984501e-03	-5.53634e-03	
1568	1.471741e-02	1.186001e-07	3.985160e-03	-5.53726e-03	
1569	1.472606e-02	1.202179e-07	3.986630e-03	-5.53845e-03	
1570	1.473554e-02	1.240465e-07	3.987111e-03	-5.53920e-03	
1571	1.474446e-02	1.271625e-07	3.988552e-03	-5.54035e-03	
1572	1.475463e-02	1.275086e-07	3.989037e-03	-5.54111e-03	
1573	1.476462e-02	1.243969e-07	3.990511e-03	-5.54230e-03	
1574	1.477455e-02	1.203671e-07	3.990888e-03	-5.54294e-03	
1575	1.478470e-02	1.185974e-07	3.992292e-03	-5.54406e-03	
1576	1.479556e-02	1.208335e-07	3.992662e-03	-5.54470e-03	
1577	1.480416e-02	1.244575e-07	3.993865e-03	-5.54562e-03	
1578	1.481378e-02	1.274794e-07	3.994068e-03	-5.54610e-03	
1579	1.482469e-02	1.270586e-07	3.995375e-03	-5.54712e-03	
1580	1.483279e-02	1.241747e-07	3.995400e-03	-5.54742e-03	
1581	1.484225e-02	1.203233e-07	3.996530e-03	-5.54826e-03	
1582	1.485299e-02	1.186140e-07	3.996648e-03	-5.54865e-03	
1583	1.486161e-02	1.203681e-07	3.997654e-03	-5.54938e-03	
1584	1.487097e-02	1.241907e-07	3.997624e-03	-5.54962e-03	
1585	1.487984e-02	1.272264e-07	3.998585e-03	-5.55030e-03	
1586	1.488969e-02	1.275048e-07	3.998514e-03	-5.55050e-03	
1587	1.489961e-02	1.244140e-07	3.999453e-03	-5.55116e-03	
1588	1.490946e-02	1.204029e-07	3.999300e-03	-5.55128e-03	
1589	1.491968e-02	1.185964e-07	4.000164e-03	-5.55187e-03	
1590	1.493057e-02	1.208234e-07	3.999959e-03	-5.55194e-03	
1591	1.493915e-02	1.244389e-07	4.000702e-03	-5.55240e-03	
1592	1.494878e-02	1.274729e-07	4.000395e-03	-5.55237e-03	
1593	1.495971e-02	1.270623e-07	4.001119e-03	-5.55281e-03	
1594	1.496780e-02	1.241835e-07	4.000714e-03	-5.55269e-03	
1595	1.497728e-02	1.203283e-07	4.001339e-03	-5.55303e-03	
1596	1.498801e-02	1.186130e-07	4.000886e-03	-5.55286e-03	
1597	1.499662e-02	1.203570e-07	4.001431e-03	-5.55312e-03	
1598	1.500601e-02	1.241900e-07	4.000903e-03	-5.55287e-03	
1599	1.501490e-02	1.272302e-07	4.001391e-03	-5.55308e-03	
1600	1.502477e-02	1.274994e-07	4.000795e-03	-5.55277e-03	
1601	1.503471e-02	1.243947e-07	4.001204e-03	-5.55290e-03	
1602	1.504457e-02	1.203826e-07	4.000527e-03	-5.55250e-03	
1603	1.505481e-02	1.185972e-07	4.000844e-03	-5.55254e-03	
1604	1.506572e-02	1.208595e-07	4.000059e-03	-5.55203e-03	
1605	1.507431e-02	1.244805e-07	4.000343e-03	-5.55204e-03	
1606	1.508395e-02	1.274910e-07	3.999522e-03	-5.55150e-03	
1607	1.509489e-02	1.270335e-07	3.999663e-03	-5.55137e-03	
1608	1.510299e-02	1.241297e-07	3.998826e-03	-5.55081e-03	
1609	1.511247e-02	1.202831e-07	3.998944e-03	-5.55066e-03	
1610	1.512336e-02	1.186243e-07	3.997912e-03	-5.54991e-03	
1611	1.513195e-02	1.204404e-07	3.997997e-03	-5.54972e-03	
1612	1.514129e-02	1.242721e-07	3.996971e-03	-5.54897e-03	
1613	1.515015e-02	1.272669e-07	3.996985e-03	-5.54872e-03	
1614	1.515991e-02	1.274855e-07	3.995871e-03	-5.54788e-03	
1615	1.516983e-02	1.243695e-07	3.995750e-03	-5.54749e-03	
1616	1.517967e-02	1.203693e-07	3.994549e-03	-5.54657e-03	
1617	1.518997e-02	1.185985e-07	3.994315e-03	-5.54607e-03	
1618	1.520093e-02	1.209074e-07	3.992946e-03	-5.54498e-03	
1619	1.520951e-02	1.245333e-07	3.992771e-03	-5.54454e-03	
1620	1.521917e-02	1.275136e-07	3.991437e-03	-5.54349e-03	

Index   time            l1#branch       v1#branch       v2#branch       
--------------------------------------------------------------------------------
1621	1.523011e-02	1.269973e-07	3.990992e-03	-5.54277e-03	
1622	1.523823e-02	1.240625e-07	3.989724e-03	-5.54179e-03	
1623	1.524772e-02	1.202279e-07	3.989334e-03	-5.54113e-03	
1624	1.525880e-02	1.186418e-07	3.987703e-03	-5.53978e-03	
1625	1.526737e-02	1.205459e-07	3.987331e-03	-5.53914e-03	
1626	1.527663e-02	1.243716e-07	3.985816e-03	-5.53791e-03	
1627	1.528546e-02	1.273091e-07	3.985361e-03	-5.53719e-03	
1628	1.529509e-02	1.274690e-07	3.983742e-03	-5.53586e-03	
1629	1.530497e-02	1.243411e-07	3.983097e-03	-5.53495e-03	
1630	1.531478e-02	1.203556e-07	3.981378e-03	-5.53351e-03	
1631	1.532517e-02	1.186005e-07	3.980584e-03	-5.53245e-03	
1632	1.533617e-02	1.209618e-07	3.978627e-03	-5.53079e-03	
1633	1.534475e-02	1.245923e-07	3.977995e-03	-5.52989e-03	
1634	1.535442e-02	1.275380e-07	3.976146e-03	-5.52833e-03	
1635	1.536536e-02	1.269563e-07	3.975118e-03	-5.52704e-03	
1636	1.537350e-02	1.239875e-07	3.973417e-03	-5.52562e-03	
1637	1.538300e-02	1.201677e-07	3.972520e-03	-5.52446e-03	
1638	1.539429e-02	1.186663e-07	3.970268e-03	-5.52250e-03	
1639	1.540284e-02	1.206659e-07	3.969443e-03	-5.52141e-03	
1640	1.541202e-02	1.244809e-07	3.967451e-03	-5.51970e-03	
1641	1.542085e-02	1.273619e-07	3.966524e-03	-5.51852e-03	
1642	1.543031e-02	1.274477e-07	3.964424e-03	-5.51671e-03	
1643	1.544015e-02	1.243066e-07	3.963261e-03	-5.51528e-03	
1644	1.544991e-02	1.203411e-07	3.961032e-03	-5.51334e-03	
1645	1.546042e-02	1.186036e-07	3.959666e-03	-5.51172e-03	
1646	1.547144e-02	1.210218e-07	3.957123e-03	-5.50946e-03	
1647	1.548001e-02	1.246544e-07	3.956037e-03	-5.50812e-03	
1648	1.548970e-02	1.275626e-07	3.953675e-03	-5.50605e-03	
1649	1.550065e-02	1.269127e-07	3.952066e-03	-5.50418e-03	
1650	1.550880e-02	1.239091e-07	3.949931e-03	-5.50234e-03	
1651	1.551831e-02	1.201060e-07	3.948530e-03	-5.50068e-03	
1652	1.552983e-02	1.186973e-07	3.945633e-03	-5.49807e-03	
1653	1.553836e-02	1.207941e-07	3.944360e-03	-5.49654e-03	
1654	1.554745e-02	1.245941e-07	3.941902e-03	-5.49437e-03	
1655	1.555634e-02	1.274232e-07	3.940494e-03	-5.49271e-03	
1656	1.556559e-02	1.274213e-07	3.937943e-03	-5.49045e-03	
1657	1.557537e-02	1.242653e-07	3.936272e-03	-5.48852e-03	
1658	1.558508e-02	1.203250e-07	3.933543e-03	-5.48609e-03	
1659	1.559572e-02	1.186085e-07	3.931590e-03	-5.48388e-03	
1660	1.560674e-02	1.210819e-07	3.928469e-03	-5.48106e-03	
1661	1.561535e-02	1.247347e-07	3.926920e-03	-5.47925e-03	
1662	1.562501e-02	1.275876e-07	3.924056e-03	-5.47668e-03	
1663	1.563596e-02	1.268671e-07	3.921872e-03	-5.47425e-03	
1664	1.564413e-02	1.238275e-07	3.919305e-03	-5.47197e-03	
1665	1.565364e-02	1.200437e-07	3.917401e-03	-5.46981e-03	
1666	1.566541e-02	1.187356e-07	3.913836e-03	-5.46655e-03	
1667	1.567391e-02	1.209298e-07	3.912121e-03	-5.46458e-03	
1668	1.568306e-02	1.247670e-07	3.909170e-03	-5.46192e-03	
1669	1.569195e-02	1.274943e-07	3.907297e-03	-5.45979e-03	
1670	1.570097e-02	1.273808e-07	3.904323e-03	-5.45712e-03	
1671	1.571069e-02	1.241979e-07	3.902157e-03	-5.45470e-03	
1672	1.572032e-02	1.202911e-07	3.898940e-03	-5.45178e-03	
1673	1.573117e-02	1.186191e-07	3.896371e-03	-5.44896e-03	
1674	1.574217e-02	1.211798e-07	3.892680e-03	-5.44557e-03	
1675	1.575089e-02	1.248727e-07	3.890652e-03	-5.44329e-03	
1676	1.576049e-02	1.276273e-07	3.887300e-03	-5.44024e-03	
1677	1.577141e-02	1.267922e-07	3.884551e-03	-5.43724e-03	
1678	1.577962e-02	1.236949e-07	3.881548e-03	-5.43454e-03	

Index   time            l1#branch       v1#branch       v2#branch       
--------------------------------------------------------------------------------
1679	1.578914e-02	1.199464e-07	3.879145e-03	-5.43189e-03	
1680	1.580131e-02	1.188103e-07	3.874841e-03	-5.42789e-03	
1681	1.580977e-02	1.211570e-07	3.872693e-03	-5.42549e-03	
1682	1.581913e-02	1.250780e-07	3.869202e-03	-5.42229e-03	
1683	1.582795e-02	1.276027e-07	3.866885e-03	-5.41973e-03	
1684	1.583660e-02	1.273045e-07	3.863562e-03	-5.41670e-03	
1685	1.584620e-02	1.240769e-07	3.860929e-03	-5.41383e-03	
1686	1.585572e-02	1.202306e-07	3.857253e-03	-5.41045e-03	
1687	1.586696e-02	1.186468e-07	3.853989e-03	-5.40694e-03	
1688	1.587794e-02	1.213684e-07	3.849735e-03	-5.40299e-03	
1689	1.588683e-02	1.251307e-07	3.847191e-03	-5.40020e-03	
1690	1.589636e-02	1.276966e-07	3.843369e-03	-5.39668e-03	
1691	1.590723e-02	1.266388e-07	3.840071e-03	-5.39315e-03	
1692	1.591551e-02	1.234334e-07	3.836618e-03	-5.38999e-03	
1693	1.592504e-02	1.197636e-07	3.833718e-03	-5.38685e-03	
1694	1.593808e-02	1.190075e-07	3.828472e-03	-5.38191e-03	
1695	1.594645e-02	1.216322e-07	3.825913e-03	-5.37911e-03	
1696	1.595622e-02	1.256705e-07	3.821787e-03	-5.37528e-03	
1697	1.596566e-02	1.278082e-07	3.818775e-03	-5.37203e-03	
1698	1.597416e-02	1.268354e-07	3.815058e-03	-5.36861e-03	
1699	1.598456e-02	1.229339e-07	3.811620e-03	-5.36494e-03	
1700	1.599392e-02	1.194894e-07	3.807507e-03	-5.36113e-03	
1701	1.600644e-02	1.191237e-07	3.803154e-03	-5.35654e-03	
1702	1.601709e-02	1.227250e-07	3.798452e-03	-5.35215e-03	
1703	1.602767e-02	1.267447e-07	3.794771e-03	-5.34823e-03	
1704	1.603829e-02	1.276778e-07	3.790008e-03	-5.34378e-03	
1705	1.604900e-02	1.246557e-07	3.786188e-03	-5.33972e-03	
1706	1.605948e-02	1.204197e-07	3.781392e-03	-5.33524e-03	
1707	1.606907e-02	1.185919e-07	3.777950e-03	-5.33156e-03	
1708	1.607994e-02	1.205953e-07	3.772907e-03	-5.32682e-03	
1709	1.608849e-02	1.241620e-07	3.769831e-03	-5.32351e-03	
1710	1.609813e-02	1.273505e-07	3.765240e-03	-5.31922e-03	
1711	1.610930e-02	1.271605e-07	3.760989e-03	-5.31474e-03	
1712	1.611731e-02	1.243966e-07	3.757028e-03	-5.31108e-03	
1713	1.612684e-02	1.204842e-07	3.753406e-03	-5.30722e-03	
1714	1.613724e-02	1.185906e-07	3.748340e-03	-5.30247e-03	
1715	1.614571e-02	1.200665e-07	3.745111e-03	-5.29900e-03	
1716	1.615560e-02	1.239961e-07	3.740203e-03	-5.29440e-03	
1717	1.616476e-02	1.271811e-07	3.736614e-03	-5.29057e-03	
1718	1.617534e-02	1.274236e-07	3.731328e-03	-5.28560e-03	
1719	1.618557e-02	1.241138e-07	3.727186e-03	-5.28123e-03	
1720	1.619571e-02	1.200840e-07	3.722014e-03	-5.27637e-03	
1721	1.620617e-02	1.186327e-07	3.717680e-03	-5.27180e-03	
1722	1.621716e-02	1.212922e-07	3.712033e-03	-5.26647e-03	
1723	1.622609e-02	1.250631e-07	3.708347e-03	-5.26255e-03	
1724	1.623563e-02	1.276779e-07	3.703313e-03	-5.25782e-03	
1725	1.624657e-02	1.266631e-07	3.698607e-03	-5.25289e-03	
1726	1.625482e-02	1.234809e-07	3.694124e-03	-5.24871e-03	
1727	1.626437e-02	1.197902e-07	3.690010e-03	-5.24437e-03	
1728	1.627729e-02	1.189725e-07	3.683182e-03	-5.23786e-03	
1729	1.628563e-02	1.215404e-07	3.679586e-03	-5.23403e-03	
1730	1.629536e-02	1.255764e-07	3.674251e-03	-5.22901e-03	
1731	1.630469e-02	1.277835e-07	3.670112e-03	-5.22464e-03	
1732	1.631312e-02	1.269438e-07	3.665369e-03	-5.22021e-03	
1733	1.632256e-02	1.234685e-07	3.661112e-03	-5.21572e-03	
1734	1.633191e-02	1.198315e-07	3.655839e-03	-5.21076e-03	
1735	1.634477e-02	1.189401e-07	3.649751e-03	-5.20445e-03	
1736	1.635573e-02	1.224095e-07	3.643563e-03	-5.19859e-03	

Index   time            l1#branch       v1#branch       v2#branch       
--------------------------------------------------------------------------------
1737	1.636664e-02	1.266094e-07	3.638395e-03	-5.19320e-03	
1738	1.637667e-02	1.277679e-07	3.632621e-03	-5.18774e-03	
1739	1.638762e-02	1.249632e-07	3.627348e-03	-5.18224e-03	
1740	1.639687e-02	1.210818e-07	3.621913e-03	-5.17712e-03	
1741	1.640653e-02	1.186729e-07	3.617248e-03	-5.17223e-03	
1742	1.641749e-02	1.200279e-07	3.610821e-03	-5.16612e-03	
1743	1.642582e-02	1.233533e-07	3.606808e-03	-5.16188e-03	
1744	1.643541e-02	1.269096e-07	3.601061e-03	-5.15645e-03	
1745	1.644738e-02	1.274199e-07	3.595000e-03	-5.15017e-03	
1746	1.645544e-02	1.249032e-07	3.590031e-03	-5.14551e-03	
1747	1.646504e-02	1.209084e-07	3.585200e-03	-5.14046e-03	
1748	1.647437e-02	1.186586e-07	3.579459e-03	-5.13503e-03	
1749	1.648278e-02	1.194489e-07	3.575237e-03	-5.13058e-03	
1750	1.649224e-02	1.229081e-07	3.569363e-03	-5.12502e-03	
1751	1.650163e-02	1.265698e-07	3.564534e-03	-5.11997e-03	
1752	1.651433e-02	1.275273e-07	3.556744e-03	-5.11251e-03	
1753	1.652532e-02	1.241081e-07	3.550912e-03	-5.10646e-03	
1754	1.653624e-02	1.198784e-07	3.544053e-03	-5.09993e-03	
1755	1.654617e-02	1.186437e-07	3.538748e-03	-5.09440e-03	
1756	1.655714e-02	1.213649e-07	3.531780e-03	-5.08776e-03	
1757	1.656625e-02	1.252026e-07	3.526894e-03	-5.08265e-03	
1758	1.657584e-02	1.277180e-07	3.520678e-03	-5.07675e-03	
1759	1.658682e-02	1.265334e-07	3.514618e-03	-5.07048e-03	
1760	1.659511e-02	1.232788e-07	3.509117e-03	-5.06529e-03	
1761	1.660469e-02	1.196486e-07	3.503826e-03	-5.05978e-03	
1762	1.661836e-02	1.191717e-07	3.494978e-03	-5.05127e-03	
1763	1.662672e-02	1.219767e-07	3.490360e-03	-5.04643e-03	
1764	1.663675e-02	1.260462e-07	3.483673e-03	-5.04006e-03	
1765	1.664701e-02	1.278393e-07	3.477823e-03	-5.03400e-03	
1766	1.665544e-02	1.263257e-07	3.472068e-03	-5.02856e-03	
1767	1.666532e-02	1.223833e-07	3.466391e-03	-5.02267e-03	
1768	1.667453e-02	1.192140e-07	3.460080e-03	-5.01667e-03	
1769	1.668496e-02	1.190158e-07	3.453987e-03	-5.01037e-03	
1770	1.669521e-02	1.223415e-07	3.446955e-03	-5.00366e-03	
1771	1.670536e-02	1.263678e-07	3.440970e-03	-4.99746e-03	
1772	1.671590e-02	1.277907e-07	3.433688e-03	-4.99051e-03	
1773	1.672694e-02	1.250710e-07	3.427055e-03	-4.98367e-03	
1774	1.673594e-02	1.212752e-07	3.420697e-03	-4.97763e-03	
1775	1.674550e-02	1.187258e-07	3.414955e-03	-4.97167e-03	
1776	1.675648e-02	1.198527e-07	3.407224e-03	-4.96427e-03	
1777	1.676476e-02	1.230826e-07	3.402269e-03	-4.95909e-03	
1778	1.677434e-02	1.267355e-07	3.395410e-03	-4.95256e-03	
1779	1.678779e-02	1.273210e-07	3.386948e-03	-4.94391e-03	
1780	1.679606e-02	1.246166e-07	3.380896e-03	-4.93817e-03	
1781	1.680605e-02	1.205313e-07	3.374677e-03	-4.93174e-03	
1782	1.681602e-02	1.185869e-07	3.367410e-03	-4.92480e-03	
1783	1.682447e-02	1.198955e-07	3.362175e-03	-4.91934e-03	
1784	1.683462e-02	1.238595e-07	3.354729e-03	-4.91222e-03	
1785	1.684395e-02	1.271390e-07	3.348837e-03	-4.90612e-03	
1786	1.685515e-02	1.273531e-07	3.340608e-03	-4.89823e-03	
1787	1.686558e-02	1.238852e-07	3.333883e-03	-4.89130e-03	
1788	1.687593e-02	1.198648e-07	3.326167e-03	-4.88391e-03	
1789	1.688657e-02	1.186926e-07	3.319215e-03	-4.87675e-03	
1790	1.689752e-02	1.216124e-07	3.311002e-03	-4.86887e-03	
1791	1.690684e-02	1.255097e-07	3.304917e-03	-4.86258e-03	
1792	1.691658e-02	1.277913e-07	3.297498e-03	-4.85549e-03	
1793	1.692759e-02	1.262258e-07	3.290151e-03	-4.84794e-03	
1794	1.693597e-02	1.228238e-07	3.283642e-03	-4.84175e-03	

Index   time            l1#branch       v1#branch       v2#branch       
--------------------------------------------------------------------------------
1795	1.694560e-02	1.193643e-07	3.277216e-03	-4.83512e-03	
1796	1.695729e-02	1.190831e-07	3.268252e-03	-4.82649e-03	
1797	1.696523e-02	1.216393e-07	3.262995e-03	-4.82102e-03	
1798	1.697485e-02	1.256318e-07	3.255471e-03	-4.81382e-03	
1799	1.698452e-02	1.278062e-07	3.248903e-03	-4.80705e-03	
1800	1.699292e-02	1.268228e-07	3.242223e-03	-4.80069e-03	
1801	1.700239e-02	1.232636e-07	3.235749e-03	-4.79401e-03	
1802	1.701176e-02	1.196878e-07	3.228294e-03	-4.78688e-03	
1803	1.702525e-02	1.191097e-07	3.218752e-03	-4.77715e-03	
1804	1.703631e-02	1.228438e-07	3.209969e-03	-4.76871e-03	
1805	1.704730e-02	1.269091e-07	3.202211e-03	-4.76075e-03	
1806	1.705786e-02	1.275950e-07	3.193737e-03	-4.75262e-03	
1807	1.706863e-02	1.243856e-07	3.186074e-03	-4.74476e-03	
1808	1.707912e-02	1.201962e-07	3.177573e-03	-4.73659e-03	
1809	1.708909e-02	1.185923e-07	3.170446e-03	-4.72926e-03	
1810	1.710016e-02	1.210093e-07	3.161424e-03	-4.72058e-03	
1811	1.710876e-02	1.246494e-07	3.155297e-03	-4.71424e-03	
1812	1.711849e-02	1.275595e-07	3.147255e-03	-4.70653e-03	
1813	1.712966e-02	1.268392e-07	3.139084e-03	-4.69817e-03	
1814	1.713779e-02	1.238041e-07	3.132228e-03	-4.69164e-03	
1815	1.714739e-02	1.200028e-07	3.125218e-03	-4.68443e-03	
1816	1.715942e-02	1.187603e-07	3.115241e-03	-4.67479e-03	
1817	1.716770e-02	1.209622e-07	3.109200e-03	-4.66854e-03	
1818	1.717706e-02	1.248750e-07	3.101277e-03	-4.66095e-03	
1819	1.718595e-02	1.275308e-07	3.094714e-03	-4.65418e-03	
1820	1.719504e-02	1.272996e-07	3.086958e-03	-4.64675e-03	
1821	1.720491e-02	1.239792e-07	3.079561e-03	-4.63916e-03	
1822	1.721470e-02	1.200795e-07	3.071188e-03	-4.63112e-03	
1823	1.722589e-02	1.186674e-07	3.062654e-03	-4.62240e-03	
1824	1.723699e-02	1.215587e-07	3.053146e-03	-4.61323e-03	
1825	1.724614e-02	1.254000e-07	3.046211e-03	-4.60610e-03	
1826	1.725583e-02	1.277659e-07	3.037797e-03	-4.59802e-03	
1827	1.726687e-02	1.263196e-07	3.029257e-03	-4.58929e-03	
1828	1.727521e-02	1.229635e-07	3.021893e-03	-4.58225e-03	
1829	1.728484e-02	1.194431e-07	3.014450e-03	-4.57461e-03	
1830	1.729675e-02	1.190501e-07	3.004074e-03	-4.56458e-03	
1831	1.730469e-02	1.215724e-07	2.997983e-03	-4.55828e-03	
1832	1.731436e-02	1.255864e-07	2.989410e-03	-4.55004e-03	
1833	1.732396e-02	1.277931e-07	2.981892e-03	-4.54233e-03	
1834	1.733230e-02	1.268825e-07	2.974390e-03	-4.53516e-03	
1835	1.734182e-02	1.233401e-07	2.966879e-03	-4.52745e-03	
1836	1.735125e-02	1.197236e-07	2.958407e-03	-4.51931e-03	
1837	1.736450e-02	1.190457e-07	2.947670e-03	-4.50840e-03	
1838	1.737560e-02	1.227207e-07	2.937712e-03	-4.49879e-03	
1839	1.738663e-02	1.268390e-07	2.928794e-03	-4.48969e-03	
1840	1.739703e-02	1.276409e-07	2.919365e-03	-4.48060e-03	
1841	1.740792e-02	1.245006e-07	2.910504e-03	-4.47156e-03	
1842	1.741847e-02	1.202684e-07	2.900876e-03	-4.46227e-03	
1843	1.742829e-02	1.185821e-07	2.892869e-03	-4.45408e-03	
1844	1.743937e-02	1.208720e-07	2.882720e-03	-4.44427e-03	
1845	1.744793e-02	1.244858e-07	2.875752e-03	-4.43711e-03	
1846	1.745767e-02	1.274960e-07	2.866731e-03	-4.42842e-03	
1847	1.746892e-02	1.269193e-07	2.857358e-03	-4.41887e-03	
1848	1.747701e-02	1.239546e-07	2.849728e-03	-4.41157e-03	
1849	1.748661e-02	1.201093e-07	2.841744e-03	-4.40339e-03	
1850	1.749828e-02	1.186893e-07	2.830897e-03	-4.39290e-03	
1851	1.750654e-02	1.207137e-07	2.824052e-03	-4.38585e-03	
1852	1.751604e-02	1.246533e-07	2.815076e-03	-4.37721e-03	

Index   time            l1#branch       v1#branch       v2#branch       
--------------------------------------------------------------------------------
1853	1.752507e-02	1.274611e-07	2.807503e-03	-4.36945e-03	
1854	1.753447e-02	1.273235e-07	2.798575e-03	-4.36086e-03	
1855	1.754448e-02	1.239828e-07	2.790078e-03	-4.35217e-03	
1856	1.755440e-02	1.200450e-07	2.780625e-03	-4.34306e-03	
1857	1.756544e-02	1.186625e-07	2.771126e-03	-4.33338e-03	
1858	1.757658e-02	1.215585e-07	2.760503e-03	-4.32311e-03	
1859	1.758575e-02	1.254074e-07	2.752654e-03	-4.31507e-03	
1860	1.759546e-02	1.277656e-07	2.743286e-03	-4.30604e-03	
1861	1.760655e-02	1.262903e-07	2.733633e-03	-4.29622e-03	
1862	1.761488e-02	1.229269e-07	2.725469e-03	-4.28838e-03	
1863	1.762453e-02	1.194164e-07	2.717080e-03	-4.27981e-03	
1864	1.763644e-02	1.190647e-07	2.705564e-03	-4.26865e-03	
1865	1.764438e-02	1.216056e-07	2.698714e-03	-4.26160e-03	
1866	1.765406e-02	1.256199e-07	2.689211e-03	-4.25243e-03	
1867	1.766378e-02	1.278010e-07	2.680658e-03	-4.24370e-03	
1868	1.767210e-02	1.268287e-07	2.672389e-03	-4.23576e-03	
1869	1.768164e-02	1.232478e-07	2.663958e-03	-4.22714e-03	
1870	1.769109e-02	1.196585e-07	2.654583e-03	-4.21811e-03	
1871	1.770464e-02	1.191299e-07	2.642311e-03	-4.20568e-03	
1872	1.771579e-02	1.229254e-07	2.631271e-03	-4.19500e-03	
1873	1.772686e-02	1.269717e-07	2.621274e-03	-4.18483e-03	
1874	1.773753e-02	1.275352e-07	2.610635e-03	-4.17454e-03	
1875	1.774835e-02	1.242082e-07	2.600817e-03	-4.16455e-03	
1876	1.775889e-02	1.200455e-07	2.590232e-03	-4.15431e-03	
1877	1.776909e-02	1.186120e-07	2.580949e-03	-4.14485e-03	
1878	1.778031e-02	1.212963e-07	2.569654e-03	-4.13391e-03	
1879	1.778927e-02	1.250803e-07	2.561514e-03	-4.12558e-03	
1880	1.779886e-02	1.276769e-07	2.551742e-03	-4.11615e-03	
1881	1.780999e-02	1.265673e-07	2.541456e-03	-4.10570e-03	
1882	1.781823e-02	1.233522e-07	2.532947e-03	-4.09752e-03	
1883	1.782786e-02	1.196810e-07	2.524070e-03	-4.08847e-03	
1884	1.784142e-02	1.191111e-07	2.510320e-03	-4.07509e-03	
1885	1.784966e-02	1.218192e-07	2.502751e-03	-4.06733e-03	
1886	1.785969e-02	1.259167e-07	2.492393e-03	-4.05732e-03	
1887	1.786988e-02	1.278303e-07	2.482875e-03	-4.04763e-03	
1888	1.787818e-02	1.264784e-07	2.474188e-03	-4.03927e-03	
1889	1.788847e-02	1.224479e-07	2.464516e-03	-4.02943e-03	
1890	1.789789e-02	1.192008e-07	2.454666e-03	-4.01992e-03	
1891	1.790885e-02	1.190897e-07	2.444281e-03	-4.00937e-03	
1892	1.791933e-02	1.226083e-07	2.433326e-03	-3.99876e-03	
1893	1.792971e-02	1.266129e-07	2.423461e-03	-3.98873e-03	
1894	1.794055e-02	1.276847e-07	2.412113e-03	-3.97774e-03	
1895	1.795161e-02	1.246129e-07	2.401517e-03	-3.96698e-03	
1896	1.796114e-02	1.206667e-07	2.391419e-03	-3.95722e-03	
1897	1.797104e-02	1.185866e-07	2.381935e-03	-3.94756e-03	
1898	1.798220e-02	1.204961e-07	2.370140e-03	-3.93613e-03	
1899	1.799063e-02	1.239967e-07	2.362104e-03	-3.92790e-03	
1900	1.800034e-02	1.272763e-07	2.351738e-03	-3.91788e-03	
1901	1.801182e-02	1.271504e-07	2.340559e-03	-3.90655e-03	
1902	1.801979e-02	1.244092e-07	2.331928e-03	-3.89825e-03	
1903	1.802942e-02	1.204614e-07	2.322580e-03	-3.88873e-03	
1904	1.804004e-02	1.185774e-07	2.311192e-03	-3.87769e-03	
1905	1.804828e-02	1.200462e-07	2.303232e-03	-3.86954e-03	
1906	1.805850e-02	1.240961e-07	2.292214e-03	-3.85888e-03	
1907	1.806789e-02	1.272650e-07	2.283038e-03	-3.84953e-03	
1908	1.807831e-02	1.273418e-07	2.271769e-03	-3.83861e-03	
1909	1.808870e-02	1.238924e-07	2.261512e-03	-3.82819e-03	
1910	1.809898e-02	1.198839e-07	2.250345e-03	-3.81737e-03	

Index   time            l1#branch       v1#branch       v2#branch       
--------------------------------------------------------------------------------
1911	1.810980e-02	1.186850e-07	2.239583e-03	-3.80645e-03	
1912	1.812094e-02	1.216837e-07	2.227460e-03	-3.79469e-03	
1913	1.813033e-02	1.255925e-07	2.218156e-03	-3.78521e-03	
1914	1.814015e-02	1.277969e-07	2.207374e-03	-3.77478e-03	
1915	1.815132e-02	1.260593e-07	2.196153e-03	-3.76340e-03	
1916	1.815970e-02	1.226126e-07	2.186843e-03	-3.75443e-03	
1917	1.816941e-02	1.192309e-07	2.177118e-03	-3.74453e-03	
1918	1.818106e-02	1.191719e-07	2.164316e-03	-3.73209e-03	
1919	1.818900e-02	1.218308e-07	2.156415e-03	-3.72401e-03	
1920	1.819866e-02	1.258109e-07	2.145678e-03	-3.71362e-03	
1921	1.820895e-02	1.278254e-07	2.135254e-03	-3.70303e-03	
1922	1.821718e-02	1.265516e-07	2.125998e-03	-3.69411e-03	
1923	1.822765e-02	1.224883e-07	2.115342e-03	-3.68329e-03	
1924	1.823714e-02	1.192078e-07	2.104706e-03	-3.67301e-03	
1925	1.824835e-02	1.191179e-07	2.093212e-03	-3.66136e-03	
1926	1.825893e-02	1.227069e-07	2.081361e-03	-3.64986e-03	
1927	1.826940e-02	1.266995e-07	2.070612e-03	-3.63895e-03	
1928	1.828034e-02	1.276350e-07	2.058347e-03	-3.62705e-03	
1929	1.829139e-02	1.244459e-07	2.046924e-03	-3.61547e-03	
1930	1.830219e-02	1.201583e-07	2.034756e-03	-3.60367e-03	
1931	1.831193e-02	1.185772e-07	2.024699e-03	-3.59344e-03	
1932	1.832309e-02	1.209791e-07	2.012083e-03	-3.58119e-03	
1933	1.833167e-02	1.246095e-07	2.003259e-03	-3.57219e-03	
1934	1.834145e-02	1.275425e-07	1.992112e-03	-3.56139e-03	
1935	1.835279e-02	1.267940e-07	1.980245e-03	-3.54938e-03	
1936	1.836090e-02	1.237491e-07	1.970880e-03	-3.54035e-03	
1937	1.837056e-02	1.199422e-07	1.960806e-03	-3.53011e-03	
1938	1.838290e-02	1.187982e-07	1.946763e-03	-3.51644e-03	
1939	1.839099e-02	1.210304e-07	1.938380e-03	-3.50788e-03	
1940	1.840058e-02	1.250284e-07	1.927327e-03	-3.49718e-03	
1941	1.840962e-02	1.275972e-07	1.917857e-03	-3.48754e-03	
1942	1.841858e-02	1.271937e-07	1.907474e-03	-3.47750e-03	
1943	1.842853e-02	1.237493e-07	1.896977e-03	-3.46684e-03	
1944	1.843838e-02	1.198915e-07	1.885567e-03	-3.45579e-03	
1945	1.845007e-02	1.187525e-07	1.873095e-03	-3.44317e-03	
1946	1.846128e-02	1.219761e-07	1.860134e-03	-3.43057e-03	
1947	1.847090e-02	1.259225e-07	1.849917e-03	-3.42019e-03	
1948	1.848091e-02	1.278225e-07	1.838258e-03	-3.40889e-03	
1949	1.849215e-02	1.256517e-07	1.826205e-03	-3.39669e-03	
1950	1.850062e-02	1.220888e-07	1.816230e-03	-3.38706e-03	
1951	1.851038e-02	1.189725e-07	1.805785e-03	-3.37645e-03	
1952	1.852182e-02	1.194243e-07	1.792442e-03	-3.36348e-03	
1953	1.852986e-02	1.223281e-07	1.783902e-03	-3.35476e-03	
1954	1.853952e-02	1.262162e-07	1.772528e-03	-3.34374e-03	
1955	1.855104e-02	1.277423e-07	1.760041e-03	-3.33111e-03	
1956	1.855915e-02	1.258599e-07	1.750377e-03	-3.32178e-03	
1957	1.856900e-02	1.218209e-07	1.739736e-03	-3.31098e-03	
1958	1.857826e-02	1.189375e-07	1.728754e-03	-3.30035e-03	
1959	1.858785e-02	1.191149e-07	1.718375e-03	-3.28981e-03	
1960	1.859803e-02	1.225600e-07	1.706308e-03	-3.27810e-03	
1961	1.860810e-02	1.264993e-07	1.695347e-03	-3.26699e-03	
1962	1.861933e-02	1.276796e-07	1.682063e-03	-3.25407e-03	
1963	1.863055e-02	1.245628e-07	1.669758e-03	-3.24163e-03	
1964	1.864005e-02	1.206327e-07	1.658402e-03	-3.23062e-03	
1965	1.864998e-02	1.185758e-07	1.647538e-03	-3.21960e-03	
1966	1.866123e-02	1.205467e-07	1.634141e-03	-3.20657e-03	
1967	1.866964e-02	1.240558e-07	1.624979e-03	-3.19724e-03	
1968	1.867939e-02	1.273059e-07	1.613277e-03	-3.18590e-03	

Index   time            l1#branch       v1#branch       v2#branch       
--------------------------------------------------------------------------------
1969	1.869094e-02	1.270862e-07	1.600494e-03	-3.17298e-03	
1970	1.869892e-02	1.242961e-07	1.590804e-03	-3.16362e-03	
1971	1.870859e-02	1.203557e-07	1.580141e-03	-3.15280e-03	
1972	1.871956e-02	1.185857e-07	1.566960e-03	-3.13999e-03	
1973	1.872768e-02	1.201900e-07	1.558054e-03	-3.13091e-03	
1974	1.873788e-02	1.242779e-07	1.545744e-03	-3.11896e-03	
1975	1.874729e-02	1.273500e-07	1.535326e-03	-3.10839e-03	
1976	1.875733e-02	1.273042e-07	1.523175e-03	-3.09659e-03	
1977	1.876769e-02	1.238318e-07	1.511627e-03	-3.08490e-03	
1978	1.877793e-02	1.198488e-07	1.499209e-03	-3.07284e-03	
1979	1.878897e-02	1.187030e-07	1.486834e-03	-3.06033e-03	
1980	1.880020e-02	1.218135e-07	1.473221e-03	-3.04708e-03	
1981	1.880972e-02	1.257510e-07	1.462586e-03	-3.03629e-03	
1982	1.881965e-02	1.278090e-07	1.450467e-03	-3.02453e-03	
1983	1.883093e-02	1.258285e-07	1.437749e-03	-3.01168e-03	
1984	1.883934e-02	1.223197e-07	1.427387e-03	-3.00166e-03	
1985	1.884910e-02	1.190722e-07	1.416412e-03	-2.99053e-03	
1986	1.886067e-02	1.193087e-07	1.402309e-03	-2.97681e-03	
1987	1.886865e-02	1.221075e-07	1.393407e-03	-2.96773e-03	
1988	1.887833e-02	1.260468e-07	1.381500e-03	-2.95618e-03	
1989	1.888938e-02	1.277919e-07	1.368959e-03	-2.94350e-03	
1990	1.889747e-02	1.261620e-07	1.358903e-03	-2.93379e-03	
1991	1.890767e-02	1.220640e-07	1.347335e-03	-2.92208e-03	
1992	1.891710e-02	1.190121e-07	1.335679e-03	-2.91077e-03	
1993	1.892709e-02	1.190911e-07	1.324324e-03	-2.89927e-03	
1994	1.893746e-02	1.225798e-07	1.311529e-03	-2.88684e-03	
1995	1.894769e-02	1.265536e-07	1.299863e-03	-2.87503e-03	
1996	1.895880e-02	1.276637e-07	1.286164e-03	-2.86170e-03	
1997	1.897005e-02	1.245081e-07	1.273271e-03	-2.84868e-03	
1998	1.897963e-02	1.205578e-07	1.261347e-03	-2.83711e-03	
1999	1.898961e-02	1.185656e-07	1.249932e-03	-2.82555e-03	
2000	1.900092e-02	1.206453e-07	1.235924e-03	-2.81192e-03	
2001	1.900935e-02	1.241767e-07	1.226346e-03	-2.80218e-03	
2002	1.901913e-02	1.273628e-07	1.214145e-03	-2.79034e-03	
2003	1.903068e-02	1.270019e-07	1.200805e-03	-2.77687e-03	
2004	1.903868e-02	1.241414e-07	1.190712e-03	-2.76712e-03	
2005	1.904838e-02	1.202251e-07	1.179573e-03	-2.75583e-03	
2006	1.905977e-02	1.186193e-07	1.165389e-03	-2.74202e-03	
2007	1.906781e-02	1.204011e-07	1.156201e-03	-2.73267e-03	
2008	1.907788e-02	1.244925e-07	1.143594e-03	-2.72042e-03	
2009	1.908725e-02	1.274338e-07	1.132795e-03	-2.70947e-03	
2010	1.909699e-02	1.272511e-07	1.120562e-03	-2.69760e-03	
2011	1.910728e-02	1.237499e-07	1.108636e-03	-2.68554e-03	
2012	1.911746e-02	1.198068e-07	1.095851e-03	-2.67312e-03	
2013	1.912875e-02	1.187352e-07	1.082681e-03	-2.65982e-03	
2014	1.914002e-02	1.219592e-07	1.068547e-03	-2.64606e-03	
2015	1.914969e-02	1.259225e-07	1.057317e-03	-2.63469e-03	
2016	1.915974e-02	1.278122e-07	1.044648e-03	-2.62238e-03	
2017	1.917108e-02	1.255880e-07	1.031379e-03	-2.60899e-03	
2018	1.917953e-02	1.220257e-07	1.020624e-03	-2.59858e-03	
2019	1.918934e-02	1.189340e-07	1.009194e-03	-2.58701e-03	
2020	1.920086e-02	1.194733e-07	9.946731e-04	-2.57287e-03	
2021	1.920891e-02	1.224191e-07	9.853710e-04	-2.56340e-03	
2022	1.921861e-02	1.262943e-07	9.730561e-04	-2.55145e-03	
2023	1.923051e-02	1.276787e-07	9.590443e-04	-2.53732e-03	
2024	1.923849e-02	1.256873e-07	9.488115e-04	-2.52743e-03	
2025	1.924834e-02	1.216240e-07	9.372707e-04	-2.51575e-03	
2026	1.925764e-02	1.188488e-07	9.254182e-04	-2.50425e-03	

Index   time            l1#branch       v1#branch       v2#branch       
--------------------------------------------------------------------------------
2027	1.926703e-02	1.191703e-07	9.144229e-04	-2.49311e-03	
2028	1.927722e-02	1.226871e-07	9.014549e-04	-2.48051e-03	
2029	1.928729e-02	1.265849e-07	8.896053e-04	-2.46853e-03	
2030	1.929888e-02	1.275954e-07	8.749163e-04	-2.45422e-03	
2031	1.931017e-02	1.242719e-07	8.615627e-04	-2.44075e-03	
2032	1.931998e-02	1.202929e-07	8.490232e-04	-2.42857e-03	
2033	1.933012e-02	1.185596e-07	8.370528e-04	-2.41647e-03	
2034	1.934151e-02	1.209910e-07	8.225572e-04	-2.40236e-03	
2035	1.935006e-02	1.246136e-07	8.125308e-04	-2.39218e-03	
2036	1.935986e-02	1.275352e-07	7.999813e-04	-2.37999e-03	
2037	1.937134e-02	1.267294e-07	7.863431e-04	-2.36624e-03	
2038	1.937944e-02	1.236609e-07	7.758622e-04	-2.35610e-03	
2039	1.938916e-02	1.198605e-07	7.643730e-04	-2.34448e-03	
2040	1.940189e-02	1.188557e-07	7.481666e-04	-2.32867e-03	
2041	1.940976e-02	1.211351e-07	7.389388e-04	-2.31928e-03	
2042	1.941963e-02	1.252303e-07	7.262515e-04	-2.30697e-03	
2043	1.942883e-02	1.276633e-07	7.153705e-04	-2.29594e-03	
2044	1.943757e-02	1.270619e-07	7.040709e-04	-2.28500e-03	
2045	1.944757e-02	1.234984e-07	6.921989e-04	-2.27300e-03	
2046	1.945745e-02	1.197058e-07	6.794666e-04	-2.26063e-03	
2047	1.946979e-02	1.188891e-07	6.646616e-04	-2.24573e-03	
2048	1.948113e-02	1.224603e-07	6.501229e-04	-2.23158e-03	
2049	1.949230e-02	1.266937e-07	6.367552e-04	-2.21809e-03	
2050	1.950250e-02	1.276761e-07	6.236117e-04	-2.20533e-03	
2051	1.951387e-02	1.245492e-07	6.099847e-04	-2.19159e-03	
2052	1.952357e-02	1.205585e-07	5.974513e-04	-2.17942e-03	
2053	1.953359e-02	1.185535e-07	5.854757e-04	-2.16732e-03	
2054	1.954501e-02	1.206664e-07	5.707864e-04	-2.15302e-03	
2055	1.955340e-02	1.241924e-07	5.608311e-04	-2.14292e-03	
2056	1.956323e-02	1.273688e-07	5.481174e-04	-2.13058e-03	
2057	1.957486e-02	1.269477e-07	5.341337e-04	-2.11650e-03	
2058	1.958286e-02	1.240573e-07	5.236724e-04	-2.10639e-03	
2059	1.959259e-02	1.201465e-07	5.120395e-04	-2.09463e-03	
2060	1.960425e-02	1.186378e-07	4.970069e-04	-2.08000e-03	
2061	1.961219e-02	1.204969e-07	4.875954e-04	-2.07043e-03	
2062	1.962227e-02	1.246153e-07	4.745264e-04	-2.05775e-03	
2063	1.963169e-02	1.274796e-07	4.632649e-04	-2.04636e-03	
2064	1.964129e-02	1.271840e-07	4.508006e-04	-2.03427e-03	
2065	1.965160e-02	1.236237e-07	4.384196e-04	-2.02178e-03	
2066	1.966178e-02	1.197134e-07	4.252077e-04	-2.00895e-03	
2067	1.967336e-02	1.187824e-07	4.112206e-04	-1.99487e-03	
2068	1.968468e-02	1.221703e-07	3.965715e-04	-1.98063e-03	
2069	1.969462e-02	1.261654e-07	3.846324e-04	-1.96857e-03	
2070	1.970485e-02	1.277798e-07	3.713522e-04	-1.95569e-03	
2071	1.971632e-02	1.251806e-07	3.574942e-04	-1.94174e-03	
2072	1.972509e-02	1.214649e-07	3.460229e-04	-1.93065e-03	
2073	1.973480e-02	1.187325e-07	3.343480e-04	-1.91887e-03	
2074	1.974626e-02	1.197805e-07	3.195083e-04	-1.90445e-03	
2075	1.975442e-02	1.229535e-07	3.097675e-04	-1.89458e-03	
2076	1.976416e-02	1.266707e-07	2.970842e-04	-1.88230e-03	
2077	1.977783e-02	1.272461e-07	2.804445e-04	-1.86562e-03	
2078	1.978597e-02	1.245655e-07	2.697509e-04	-1.85531e-03	
2079	1.979610e-02	1.204365e-07	2.575322e-04	-1.84300e-03	
2080	1.980660e-02	1.185328e-07	2.438846e-04	-1.82978e-03	
2081	1.981459e-02	1.198848e-07	2.343386e-04	-1.82012e-03	
2082	1.982528e-02	1.240552e-07	2.204482e-04	-1.80668e-03	
2083	1.983495e-02	1.272698e-07	2.087946e-04	-1.79495e-03	
2084	1.984567e-02	1.271875e-07	1.948597e-04	-1.78148e-03	

Index   time            l1#branch       v1#branch       v2#branch       
--------------------------------------------------------------------------------
2085	1.985635e-02	1.235168e-07	1.819458e-04	-1.76853e-03	
2086	1.986688e-02	1.195515e-07	1.682406e-04	-1.75531e-03	
2087	1.987818e-02	1.187919e-07	1.545393e-04	-1.74161e-03	
2088	1.988946e-02	1.222335e-07	1.398956e-04	-1.72751e-03	
2089	1.990047e-02	1.264834e-07	1.265520e-04	-1.71422e-03	
2090	1.991060e-02	1.276826e-07	1.133439e-04	-1.70159e-03	
2091	1.992209e-02	1.247135e-07	9.940515e-05	-1.68780e-03	
2092	1.993147e-02	1.207924e-07	8.714486e-05	-1.67620e-03	
2093	1.994134e-02	1.185165e-07	7.521662e-05	-1.66451e-03	
2094	1.995280e-02	1.202605e-07	6.034587e-05	-1.65064e-03	
2095	1.996109e-02	1.236665e-07	5.040351e-05	-1.64113e-03	
2096	1.997089e-02	1.270433e-07	3.761811e-05	-1.62977e-03	
2097	1.998281e-02	1.269792e-07	2.311562e-05	-1.61719e-03	
2098	1.999078e-02	1.242157e-07	1.263206e-05	-1.60947e-03	
2099	2.000059e-02	1.201646e-07	7.311612e-07	-1.60213e-03	
2100	2.001151e-02	1.182903e-07	-1.35683e-05	-1.59666e-03	
2101	2.001946e-02	1.197884e-07	-2.32375e-05	-1.59449e-03	
2102	2.003015e-02	1.240904e-07	-3.73681e-05	-1.59259e-03	
2103	2.003982e-02	1.272969e-07	-4.93268e-05	-1.59174e-03	
2104	2.005007e-02	1.271873e-07	-6.30992e-05	-1.59098e-03	
2105	2.006065e-02	1.235309e-07	-7.65370e-05	-1.59063e-03	
2106	2.007109e-02	1.195182e-07	-9.10319e-05	-1.59021e-03	
2107	2.008238e-02	1.186538e-07	-1.06200e-04	-1.59006e-03	
2108	2.009370e-02	1.220958e-07	-1.23126e-04	-1.58977e-03	
2109	2.010475e-02	1.264492e-07	-1.39820e-04	-1.58973e-03	
2110	2.011474e-02	1.277442e-07	-1.57221e-04	-1.58952e-03	
2111	2.012618e-02	1.248539e-07	-1.78591e-04	-1.58953e-03	
2112	2.013536e-02	1.209341e-07	-1.99350e-04	-1.58935e-03	
2113	2.014513e-02	1.184705e-07	-2.24403e-04	-1.58940e-03	
2114	2.015655e-02	1.199819e-07	-2.61982e-04	-1.58923e-03	
2115	2.016478e-02	1.233453e-07	-2.95356e-04	-1.58932e-03	
2116	2.017453e-02	1.268963e-07	-3.46189e-04	-1.58919e-03	
2117	2.018673e-02	1.271115e-07	-4.31866e-04	-1.58931e-03	
2118	2.019467e-02	1.244243e-07	-5.06589e-04	-1.58923e-03	
2119	2.020450e-02	1.202703e-07	-6.26529e-04	-1.58941e-03	
2120	2.021489e-02	1.181352e-07	-7.96387e-04	-1.58941e-03	
2121	2.022288e-02	1.193016e-07	-9.65353e-04	-1.58964e-03	
2122	2.023257e-02	1.230141e-07	-1.22423e-03	-1.58971e-03	
2123	2.024214e-02	1.264312e-07	-1.54897e-03	-1.59005e-03	
2124	2.025451e-02	1.265335e-07	-2.08309e-03	-1.59029e-03	
2125	2.026559e-02	1.225427e-07	-2.68210e-03	-1.59079e-03	
2126	2.027657e-02	1.183183e-07	-3.39249e-03	-1.59111e-03	
2127	2.028765e-02	1.176392e-07	-4.22445e-03	-1.59172e-03	
2128	2.029876e-02	1.210605e-07	-5.16953e-03	-1.59216e-03	
2129	2.030960e-02	1.251692e-07	-6.18808e-03	-1.59287e-03	
2130	2.031985e-02	1.262100e-07	-7.23084e-03	-1.59335e-03	
2131	2.033124e-02	1.230358e-07	-8.46857e-03	-1.59417e-03	
2132	2.034080e-02	1.189218e-07	-9.56696e-03	-1.59467e-03	
2133	2.035076e-02	1.166384e-07	-1.07598e-02	-1.59546e-03	
2134	2.036216e-02	1.184701e-07	-1.21805e-02	-1.59614e-03	
2135	2.037042e-02	1.218884e-07	-1.32414e-02	-1.59685e-03	
2136	2.038017e-02	1.251791e-07	-1.45261e-02	-1.59744e-03	
2137	2.038853e-02	1.255246e-07	-1.56590e-02	-1.59812e-03	
2138	2.039658e-02	1.233496e-07	-1.67749e-02	-1.59842e-03	
2139	2.040490e-02	1.198237e-07	-1.79217e-02	-1.59887e-03	
2140	2.041482e-02	1.167090e-07	-1.93015e-02	-1.59909e-03	
2141	2.042408e-02	1.166911e-07	-2.06027e-02	-1.59952e-03	
2142	2.043437e-02	1.196816e-07	-2.20666e-02	-1.59974e-03	

Index   time            l1#branch       v1#branch       v2#branch       
--------------------------------------------------------------------------------
2143	2.044456e-02	1.230565e-07	-2.35298e-02	-1.60019e-03	
2144	2.045562e-02	1.236800e-07	-2.51353e-02	-1.60043e-03	
2145	2.046702e-02	1.202341e-07	-2.68064e-02	-1.60092e-03	
2146	2.047816e-02	1.157258e-07	-2.84528e-02	-1.60117e-03	
2147	2.048824e-02	1.140058e-07	-2.99546e-02	-1.60162e-03	
2148	2.049979e-02	1.161826e-07	-3.16866e-02	-1.60188e-03	
2149	2.050835e-02	1.193027e-07	-3.29764e-02	-1.60229e-03	
2150	2.051778e-02	1.214350e-07	-3.44006e-02	-1.60248e-03	
2151	2.052923e-02	1.199846e-07	-3.61308e-02	-1.60298e-03	
2152	2.053804e-02	1.163184e-07	-3.74540e-02	-1.60315e-03	
2153	2.054807e-02	1.121355e-07	-3.89217e-02	-1.60359e-03	
2154	2.055977e-02	1.101512e-07	-4.05119e-02	-1.60378e-03	
2155	2.056550e-02	1.104728e-07	-4.12052e-02	-1.60403e-03	
2156	2.057325e-02	1.109429e-07	-4.20184e-02	-1.60403e-03	
2157	2.058225e-02	1.090642e-07	-4.27843e-02	-1.60422e-03	
2158	2.059287e-02	1.007965e-07	-4.34780e-02	-1.60411e-03	
2159	2.060603e-02	8.321377e-08	-4.41046e-02	-1.60415e-03	
2160	2.061810e-02	6.663768e-08	-4.45281e-02	-1.60389e-03	
2161	2.062948e-02	5.673697e-08	-4.48330e-02	-1.60385e-03	
2162	2.064013e-02	5.286216e-08	-4.50559e-02	-1.60356e-03	
2163	2.064879e-02	5.072258e-08	-4.52000e-02	-1.60352e-03	
2164	2.065714e-02	4.660677e-08	-4.53193e-02	-1.60324e-03	
2165	2.066674e-02	3.815761e-08	-4.54297e-02	-1.60317e-03	
2166	2.067795e-02	2.604624e-08	-4.55363e-02	-1.60282e-03	
2167	2.068936e-02	1.686381e-08	-4.56188e-02	-1.60269e-03	
2168	2.070135e-02	1.453725e-08	-4.56895e-02	-1.60230e-03	
2169	2.070845e-02	1.613962e-08	-4.57214e-02	-1.60225e-03	
2170	2.071599e-02	1.802258e-08	-4.57534e-02	-1.60196e-03	
2171	2.072750e-02	1.710524e-08	-4.57906e-02	-1.60179e-03	
2172	2.073677e-02	1.212479e-08	-4.58171e-02	-1.60144e-03	
2173	2.074678e-02	4.931964e-09	-4.58385e-02	-1.60129e-03	
2174	2.075662e-02	1.630641e-10	-4.58582e-02	-1.60091e-03	
2175	2.076336e-02	-2.11730e-10	-4.58681e-02	-1.60082e-03	
2176	2.076978e-02	1.665670e-09	-4.58784e-02	-1.60052e-03	
2177	2.077884e-02	5.918335e-09	-4.58890e-02	-1.60031e-03	
2178	2.078760e-02	8.884590e-09	-4.58996e-02	-1.59987e-03	
2179	2.079811e-02	7.809399e-09	-4.59086e-02	-1.59944e-03	
2180	2.080653e-02	3.467766e-09	-4.59164e-02	-1.59877e-03	
2181	2.081603e-02	-2.10811e-09	-4.59219e-02	-1.59786e-03	
2182	2.082381e-02	-4.65900e-09	-4.59275e-02	-1.59678e-03	
2183	2.083208e-02	-3.84154e-09	-4.59313e-02	-1.59587e-03	
2184	2.084167e-02	5.800455e-10	-4.59372e-02	-1.59476e-03	
2185	2.085088e-02	5.162115e-09	-4.59412e-02	-1.59412e-03	
2186	2.085945e-02	6.690999e-09	-4.59462e-02	-1.59342e-03	
2187	2.086894e-02	4.042704e-09	-4.59501e-02	-1.59301e-03	
2188	2.087778e-02	-9.35965e-10	-4.59549e-02	-1.59249e-03	
2189	2.088601e-02	-4.93188e-09	-4.59582e-02	-1.59229e-03	
2190	2.089428e-02	-5.95261e-09	-4.59625e-02	-1.59190e-03	
2191	2.090197e-02	-3.67327e-09	-4.59656e-02	-1.59180e-03	
2192	2.091013e-02	7.723729e-10	-4.59697e-02	-1.59147e-03	
2193	2.091809e-02	4.707960e-09	-4.59729e-02	-1.59142e-03	
2194	2.092612e-02	6.033021e-09	-4.59768e-02	-1.59113e-03	
2195	2.093546e-02	3.416516e-09	-4.59806e-02	-1.59108e-03	
2196	2.094501e-02	-1.84954e-09	-4.59851e-02	-1.59080e-03	
2197	2.095408e-02	-5.76834e-09	-4.59888e-02	-1.59079e-03	
2198	2.096256e-02	-6.00419e-09	-4.59927e-02	-1.59054e-03	
2199	2.097048e-02	-2.98356e-09	-4.59960e-02	-1.59056e-03	
2200	2.097903e-02	1.841891e-09	-4.59998e-02	-1.59032e-03	

Index   time            l1#branch       v1#branch       v2#branch       
--------------------------------------------------------------------------------
2201	2.098692e-02	5.220063e-09	-4.60031e-02	-1.59034e-03	
2202	2.099529e-02	5.569498e-09	-4.60068e-02	-1.59011e-03	
2203	2.100474e-02	1.925268e-09	-4.60108e-02	-1.59013e-03	
2204	2.101407e-02	-3.27923e-09	-4.60149e-02	-1.58989e-03	
2205	2.102349e-02	-6.35283e-09	-4.60188e-02	-1.58991e-03	
2206	2.103211e-02	-5.27874e-09	-4.60226e-02	-1.58969e-03	
2207	2.104001e-02	-1.45526e-09	-4.60259e-02	-1.58972e-03	
2208	2.104907e-02	3.485404e-09	-4.60298e-02	-1.58950e-03	
2209	2.105755e-02	5.827825e-09	-4.60334e-02	-1.58953e-03	
2210	2.106633e-02	4.333976e-09	-4.60372e-02	-1.58931e-03	
2211	2.107561e-02	-4.07648e-10	-4.60410e-02	-1.58934e-03	
2212	2.108459e-02	-4.97383e-09	-4.60449e-02	-1.58911e-03	
2213	2.109317e-02	-6.42224e-09	-4.60485e-02	-1.58915e-03	
2214	2.110255e-02	-3.72651e-09	-4.60525e-02	-1.58892e-03	
2215	2.111229e-02	1.621038e-09	-4.60566e-02	-1.58894e-03	
2216	2.112122e-02	5.352468e-09	-4.60604e-02	-1.58872e-03	
2217	2.112948e-02	5.470949e-09	-4.60638e-02	-1.58876e-03	
2218	2.113745e-02	2.374779e-09	-4.60673e-02	-1.58855e-03	
2219	2.114596e-02	-2.44026e-09	-4.60708e-02	-1.58859e-03	
2220	2.115426e-02	-5.88731e-09	-4.60743e-02	-1.58837e-03	
2221	2.116290e-02	-5.97009e-09	-4.60779e-02	-1.58841e-03	
2222	2.117283e-02	-1.84340e-09	-4.60821e-02	-1.58818e-03	
2223	2.118215e-02	3.282816e-09	-4.60859e-02	-1.58821e-03	
2224	2.119051e-02	5.813919e-09	-4.60895e-02	-1.58800e-03	
2225	2.119928e-02	4.602700e-09	-4.60931e-02	-1.58803e-03	
2226	2.120747e-02	5.540152e-10	-4.60966e-02	-1.58782e-03	
2227	2.121652e-02	-4.30857e-09	-4.61003e-02	-1.58786e-03	
2228	2.122501e-02	-6.41060e-09	-4.61039e-02	-1.58764e-03	
2229	2.123427e-02	-4.47259e-09	-4.61077e-02	-1.58767e-03	
2230	2.124310e-02	2.224203e-10	-4.61115e-02	-1.58745e-03	
2231	2.125219e-02	4.691658e-09	-4.61151e-02	-1.58749e-03	
2232	2.126055e-02	5.842045e-09	-4.61187e-02	-1.58727e-03	
2233	2.126981e-02	2.984392e-09	-4.61224e-02	-1.58731e-03	
2234	2.127940e-02	-2.31292e-09	-4.61265e-02	-1.58708e-03	
2235	2.128847e-02	-5.97514e-09	-4.61301e-02	-1.58712e-03	
2236	2.129707e-02	-5.83323e-09	-4.61338e-02	-1.58690e-03	
2237	2.130504e-02	-2.51109e-09	-4.61369e-02	-1.58695e-03	
2238	2.131375e-02	2.406026e-09	-4.61407e-02	-1.58673e-03	
2239	2.132269e-02	5.671145e-09	-4.61442e-02	-1.58677e-03	
2240	2.133091e-02	5.186134e-09	-4.61477e-02	-1.58656e-03	
2241	2.134004e-02	1.108455e-09	-4.61513e-02	-1.58659e-03	
2242	2.134911e-02	-3.87353e-09	-4.61552e-02	-1.58637e-03	
2243	2.135805e-02	-6.36850e-09	-4.61587e-02	-1.58641e-03	
2244	2.136692e-02	-4.80325e-09	-4.61624e-02	-1.58619e-03	
2245	2.137518e-02	-5.53521e-10	-4.61657e-02	-1.58624e-03	
2246	2.138430e-02	4.206165e-09	-4.61695e-02	-1.58602e-03	
2247	2.139268e-02	5.927493e-09	-4.61728e-02	-1.58606e-03	
2248	2.140179e-02	3.686066e-09	-4.61766e-02	-1.58584e-03	
2249	2.141025e-02	-9.14946e-10	-4.61799e-02	-1.58589e-03	
2250	2.141842e-02	-5.00525e-09	-4.61834e-02	-1.58568e-03	
2251	2.142665e-02	-6.36232e-09	-4.61866e-02	-1.58572e-03	
2252	2.143615e-02	-3.64305e-09	-4.61905e-02	-1.58550e-03	
2253	2.144572e-02	1.626915e-09	-4.61943e-02	-1.58553e-03	
2254	2.145479e-02	5.416667e-09	-4.61980e-02	-1.58531e-03	
2255	2.146300e-02	5.530556e-09	-4.62012e-02	-1.58536e-03	
2256	2.147093e-02	2.461460e-09	-4.62045e-02	-1.58515e-03	
2257	2.147943e-02	-2.35675e-09	-4.62078e-02	-1.58520e-03	
2258	2.148769e-02	-5.81351e-09	-4.62112e-02	-1.58499e-03	

Index   time            l1#branch       v1#branch       v2#branch       
--------------------------------------------------------------------------------
2259	2.149630e-02	-5.94758e-09	-4.62146e-02	-1.58503e-03	
2260	2.150618e-02	-1.89027e-09	-4.62186e-02	-1.58480e-03	
2261	2.151550e-02	3.246252e-09	-4.62222e-02	-1.58484e-03	
2262	2.152386e-02	5.841816e-09	-4.62257e-02	-1.58463e-03	
2263	2.153264e-02	4.700889e-09	-4.62290e-02	-1.58467e-03	
2264	2.154081e-02	7.000296e-10	-4.62324e-02	-1.58446e-03	
2265	2.154985e-02	-4.18444e-09	-4.62359e-02	-1.58450e-03	
2266	2.155836e-02	-6.36518e-09	-4.62393e-02	-1.58429e-03	
2267	2.156755e-02	-4.52950e-09	-4.62429e-02	-1.58433e-03	
2268	2.157648e-02	1.808830e-10	-4.62465e-02	-1.58411e-03	
2269	2.158548e-02	4.650354e-09	-4.62499e-02	-1.58415e-03	
2270	2.159389e-02	5.892820e-09	-4.62533e-02	-1.58394e-03	
2271	2.160309e-02	3.131834e-09	-4.62569e-02	-1.58398e-03	
2272	2.161271e-02	-2.16940e-09	-4.62607e-02	-1.58376e-03	
2273	2.162172e-02	-5.88435e-09	-4.62642e-02	-1.58380e-03	
2274	2.163030e-02	-5.86344e-09	-4.62676e-02	-1.58359e-03	
2275	2.163830e-02	-2.61003e-09	-4.62706e-02	-1.58364e-03	
2276	2.164695e-02	2.282783e-09	-4.62741e-02	-1.58343e-03	
2277	2.165597e-02	5.664818e-09	-4.62775e-02	-1.58347e-03	
2278	2.166413e-02	5.294346e-09	-4.62808e-02	-1.58326e-03	
2279	2.167326e-02	1.299747e-09	-4.62842e-02	-1.58331e-03	
2280	2.168234e-02	-3.71312e-09	-4.62878e-02	-1.58309e-03	
2281	2.169133e-02	-6.32272e-09	-4.62912e-02	-1.58313e-03	
2282	2.170013e-02	-4.88515e-09	-4.62947e-02	-1.58292e-03	
2283	2.170831e-02	-7.32185e-10	-4.62978e-02	-1.58297e-03	
2284	2.171741e-02	4.079109e-09	-4.63013e-02	-1.58275e-03	
2285	2.172582e-02	5.959719e-09	-4.63045e-02	-1.58280e-03	
2286	2.173488e-02	3.893006e-09	-4.63080e-02	-1.58259e-03	
2287	2.174352e-02	-7.48661e-10	-4.63113e-02	-1.58264e-03	
2288	2.175178e-02	-4.91958e-09	-4.63145e-02	-1.58243e-03	
2289	2.176010e-02	-6.33715e-09	-4.63176e-02	-1.58248e-03	
2290	2.176950e-02	-3.69146e-09	-4.63212e-02	-1.58226e-03	
2291	2.177911e-02	1.587261e-09	-4.63248e-02	-1.58230e-03	
2292	2.178812e-02	5.401646e-09	-4.63283e-02	-1.58209e-03	
2293	2.179636e-02	5.589422e-09	-4.63314e-02	-1.58214e-03	
2294	2.180429e-02	2.565733e-09	-4.63344e-02	-1.58193e-03	
2295	2.181278e-02	-2.24098e-09	-4.63376e-02	-1.58199e-03	
2296	2.182096e-02	-5.72733e-09	-4.63406e-02	-1.58178e-03	
2297	2.182955e-02	-5.97243e-09	-4.63439e-02	-1.58183e-03	
2298	2.183936e-02	-2.03825e-09	-4.63475e-02	-1.58161e-03	
2299	2.184869e-02	3.128892e-09	-4.63511e-02	-1.58165e-03	
2300	2.185704e-02	5.833220e-09	-4.63542e-02	-1.58144e-03	
2301	2.186582e-02	4.837099e-09	-4.63574e-02	-1.58149e-03	
2302	2.187392e-02	9.409698e-10	-4.63604e-02	-1.58129e-03	
2303	2.188294e-02	-3.98058e-09	-4.63638e-02	-1.58134e-03	
2304	2.189150e-02	-6.32166e-09	-4.63670e-02	-1.58113e-03	
2305	2.190059e-02	-4.68180e-09	-4.63704e-02	-1.58117e-03	
2306	2.190974e-02	6.495352e-11	-4.63737e-02	-1.58096e-03	
2307	2.191871e-02	4.580128e-09	-4.63770e-02	-1.58101e-03	
2308	2.192723e-02	5.931572e-09	-4.63801e-02	-1.58080e-03	
2309	2.193633e-02	3.282532e-09	-4.63835e-02	-1.58085e-03	
2310	2.194602e-02	-2.03286e-09	-4.63870e-02	-1.58063e-03	
2311	2.195493e-02	-5.79212e-09	-4.63903e-02	-1.58068e-03	
2312	2.196352e-02	-5.90008e-09	-4.63934e-02	-1.58047e-03	
2313	2.197153e-02	-2.72882e-09	-4.63964e-02	-1.58053e-03	
2314	2.198013e-02	2.141944e-09	-4.63995e-02	-1.58032e-03	
2315	2.198821e-02	5.452520e-09	-4.64025e-02	-1.58038e-03	
2316	2.199666e-02	5.532470e-09	-4.64055e-02	-1.58017e-03	

Index   time            l1#branch       v1#branch       v2#branch       
--------------------------------------------------------------------------------
2317	2.200630e-02	1.578194e-09	-4.64090e-02	-1.58022e-03	
2318	2.201557e-02	-3.55006e-09	-4.64123e-02	-1.58000e-03	
2319	2.202487e-02	-6.29737e-09	-4.64157e-02	-1.58005e-03	
2320	2.203352e-02	-4.91242e-09	-4.64187e-02	-1.57984e-03	
2321	2.204159e-02	-8.48914e-10	-4.64217e-02	-1.57990e-03	
2322	2.205068e-02	3.996229e-09	-4.64249e-02	-1.57969e-03	
2323	2.205908e-02	5.981216e-09	-4.64279e-02	-1.57975e-03	
2324	2.206813e-02	4.034076e-09	-4.64311e-02	-1.57953e-03	
2325	2.207690e-02	-6.32494e-10	-4.64343e-02	-1.57959e-03	
2326	2.208599e-02	-5.10597e-09	-4.64374e-02	-1.57938e-03	
2327	2.209432e-02	-6.27259e-09	-4.64405e-02	-1.57943e-03	
2328	2.210392e-02	-3.28904e-09	-4.64437e-02	-1.57922e-03	
2329	2.211350e-02	2.014862e-09	-4.64472e-02	-1.57927e-03	
2330	2.212267e-02	5.619457e-09	-4.64503e-02	-1.57906e-03	
2331	2.213095e-02	5.408768e-09	-4.64533e-02	-1.57912e-03	
2332	2.213888e-02	2.102987e-09	-4.64560e-02	-1.57891e-03	
2333	2.214753e-02	-2.78794e-09	-4.64591e-02	-1.57897e-03	
2334	2.215641e-02	-6.06386e-09	-4.64621e-02	-1.57876e-03	
2335	2.216493e-02	-5.55443e-09	-4.64652e-02	-1.57882e-03	
2336	2.217411e-02	-1.40475e-09	-4.64683e-02	-1.57861e-03	
2337	2.218324e-02	3.580837e-09	-4.64715e-02	-1.57866e-03	
2338	2.219219e-02	5.975903e-09	-4.64745e-02	-1.57846e-03	
2339	2.220080e-02	4.387296e-09	-4.64776e-02	-1.57851e-03	
2340	2.220903e-02	1.481247e-10	-4.64803e-02	-1.57831e-03	
2341	2.221813e-02	-4.59776e-09	-4.64835e-02	-1.57837e-03	
2342	2.222648e-02	-6.32759e-09	-4.64863e-02	-1.57816e-03	
2343	2.223486e-02	-4.38899e-09	-4.64892e-02	-1.57822e-03	
2344	2.224357e-02	2.471575e-10	-4.64921e-02	-1.57802e-03	
2345	2.225257e-02	4.710686e-09	-4.64953e-02	-1.57807e-03	
2346	2.226087e-02	5.947122e-09	-4.64979e-02	-1.57787e-03	
2347	2.227019e-02	3.162215e-09	-4.65012e-02	-1.57793e-03	
2348	2.227979e-02	-2.13074e-09	-4.65043e-02	-1.57771e-03	
2349	2.228885e-02	-5.85019e-09	-4.65075e-02	-1.57777e-03	
2350	2.229738e-02	-5.81243e-09	-4.65102e-02	-1.57757e-03	
2351	2.230536e-02	-2.56314e-09	-4.65130e-02	-1.57763e-03	
2352	2.231401e-02	2.327953e-09	-4.65158e-02	-1.57743e-03	
2353	2.232301e-02	5.708817e-09	-4.65189e-02	-1.57749e-03	
2354	2.233121e-02	5.337287e-09	-4.65215e-02	-1.57729e-03	
2355	2.234036e-02	1.328175e-09	-4.65247e-02	-1.57734e-03	
2356	2.234946e-02	-3.68998e-09	-4.65275e-02	-1.57714e-03	
2357	2.235845e-02	-6.27966e-09	-4.65306e-02	-1.57720e-03	
2358	2.236722e-02	-4.82705e-09	-4.65334e-02	-1.57699e-03	
2359	2.237540e-02	-6.69029e-10	-4.65362e-02	-1.57706e-03	
2360	2.238451e-02	4.138031e-09	-4.65390e-02	-1.57685e-03	
2361	2.239291e-02	6.005790e-09	-4.65419e-02	-1.57691e-03	
2362	2.240201e-02	3.911689e-09	-4.65447e-02	-1.57671e-03	
2363	2.241065e-02	-7.34641e-10	-4.65477e-02	-1.57677e-03	
2364	2.241890e-02	-4.89120e-09	-4.65502e-02	-1.57657e-03	
2365	2.242720e-02	-6.28975e-09	-4.65530e-02	-1.57664e-03	
2366	2.243658e-02	-3.63696e-09	-4.65559e-02	-1.57643e-03	
2367	2.244621e-02	1.646059e-09	-4.65591e-02	-1.57649e-03	
2368	2.245521e-02	5.452543e-09	-4.65618e-02	-1.57628e-03	
2369	2.246349e-02	5.622319e-09	-4.65647e-02	-1.57635e-03	
2370	2.247143e-02	2.574496e-09	-4.65670e-02	-1.57615e-03	
2371	2.247994e-02	-2.24265e-09	-4.65699e-02	-1.57622e-03	
2372	2.248812e-02	-5.70361e-09	-4.65723e-02	-1.57602e-03	
2373	2.249669e-02	-5.91398e-09	-4.65752e-02	-1.57609e-03	
2374	2.250648e-02	-1.96153e-09	-4.65781e-02	-1.57588e-03	

Index   time            l1#branch       v1#branch       v2#branch       
--------------------------------------------------------------------------------
2375	2.251583e-02	3.204169e-09	-4.65812e-02	-1.57594e-03	
2376	2.252422e-02	5.889784e-09	-4.65836e-02	-1.57574e-03	
2377	2.253302e-02	4.838218e-09	-4.65866e-02	-1.57580e-03	
2378	2.254113e-02	9.054212e-10	-4.65889e-02	-1.57561e-03	
2379	2.255017e-02	-4.00730e-09	-4.65919e-02	-1.57567e-03	
2380	2.255871e-02	-6.28566e-09	-4.65943e-02	-1.57547e-03	
2381	2.256781e-02	-4.58211e-09	-4.65974e-02	-1.57554e-03	
2382	2.257691e-02	1.649758e-10	-4.65999e-02	-1.57533e-03	
2383	2.258589e-02	4.661261e-09	-4.66029e-02	-1.57540e-03	
2384	2.259437e-02	5.969224e-09	-4.66053e-02	-1.57520e-03	
2385	2.260354e-02	3.259599e-09	-4.66083e-02	-1.57526e-03	
2386	2.261322e-02	-2.06252e-09	-4.66110e-02	-1.57506e-03	
2387	2.262218e-02	-5.78852e-09	-4.66140e-02	-1.57512e-03	
2388	2.263073e-02	-5.82723e-09	-4.66163e-02	-1.57493e-03	
2389	2.263875e-02	-2.61114e-09	-4.66190e-02	-1.57500e-03	
2390	2.264737e-02	2.266892e-09	-4.66213e-02	-1.57480e-03	
2391	2.265553e-02	5.548171e-09	-4.66240e-02	-1.57487e-03	
2392	2.266401e-02	5.516373e-09	-4.66263e-02	-1.57468e-03	
2393	2.267376e-02	1.421778e-09	-4.66295e-02	-1.57474e-03	
2394	2.268303e-02	-3.68058e-09	-4.66319e-02	-1.57454e-03	
2395	2.269230e-02	-6.27570e-09	-4.66349e-02	-1.57460e-03	
2396	2.270097e-02	-4.73939e-09	-4.66372e-02	-1.57440e-03	
2397	2.270911e-02	-5.71035e-10	-4.66399e-02	-1.57448e-03	
2398	2.271823e-02	4.218505e-09	-4.66423e-02	-1.57428e-03	
2399	2.272658e-02	6.025601e-09	-4.66450e-02	-1.57435e-03	
2400	2.273575e-02	3.859208e-09	-4.66474e-02	-1.57415e-03	
2401	2.274432e-02	-7.76173e-10	-4.66502e-02	-1.57422e-03	
2402	2.275254e-02	-4.89906e-09	-4.66522e-02	-1.57403e-03	
2403	2.276081e-02	-6.26751e-09	-4.66549e-02	-1.57410e-03	
2404	2.277020e-02	-3.58835e-09	-4.66573e-02	-1.57390e-03	
2405	2.277982e-02	1.696796e-09	-4.66604e-02	-1.57397e-03	
2406	2.278885e-02	5.489472e-09	-4.66626e-02	-1.57377e-03	
2407	2.279714e-02	5.624365e-09	-4.66653e-02	-1.57384e-03	
2408	2.280509e-02	2.546216e-09	-4.66673e-02	-1.57366e-03	
2409	2.281362e-02	-2.28095e-09	-4.66700e-02	-1.57373e-03	
2410	2.282181e-02	-5.71576e-09	-4.66720e-02	-1.57354e-03	
2411	2.283039e-02	-5.86822e-09	-4.66747e-02	-1.57361e-03	
2412	2.284020e-02	-1.86471e-09	-4.66771e-02	-1.57341e-03	
2413	2.284954e-02	3.291992e-09	-4.66800e-02	-1.57348e-03	
2414	2.285797e-02	5.928700e-09	-4.66821e-02	-1.57329e-03	
2415	2.286678e-02	4.792313e-09	-4.66848e-02	-1.57336e-03	
2416	2.287493e-02	8.023035e-10	-4.66867e-02	-1.57317e-03	
2417	2.288398e-02	-4.09148e-09	-4.66895e-02	-1.57324e-03	
2418	2.289250e-02	-6.27553e-09	-4.66915e-02	-1.57305e-03	
2419	2.290163e-02	-4.46584e-09	-4.66944e-02	-1.57312e-03	
2420	2.291063e-02	2.711227e-10	-4.66965e-02	-1.57293e-03	
2421	2.291961e-02	4.733615e-09	-4.66992e-02	-1.57300e-03	
2422	2.292804e-02	5.980923e-09	-4.67012e-02	-1.57281e-03	
2423	2.293728e-02	3.199124e-09	-4.67040e-02	-1.57288e-03	
2424	2.294694e-02	-2.12372e-09	-4.67063e-02	-1.57268e-03	
2425	2.295595e-02	-5.81307e-09	-4.67090e-02	-1.57276e-03	
2426	2.296448e-02	-5.76845e-09	-4.67109e-02	-1.57257e-03	
2427	2.297249e-02	-2.50337e-09	-4.67134e-02	-1.57265e-03	
2428	2.298114e-02	2.386976e-09	-4.67153e-02	-1.57246e-03	
2429	2.299014e-02	5.754818e-09	-4.67180e-02	-1.57253e-03	
2430	2.299837e-02	5.358253e-09	-4.67198e-02	-1.57234e-03	
2431	2.300756e-02	1.311167e-09	-4.67226e-02	-1.57242e-03	
2432	2.301669e-02	-3.71148e-09	-4.67246e-02	-1.57222e-03	

Index   time            l1#branch       v1#branch       v2#branch       
--------------------------------------------------------------------------------
2433	2.302567e-02	-6.24853e-09	-4.67273e-02	-1.57230e-03	
2434	2.303444e-02	-4.74314e-09	-4.67292e-02	-1.57211e-03	
2435	2.304263e-02	-5.55680e-10	-4.67316e-02	-1.57219e-03	
2436	2.305175e-02	4.234768e-09	-4.67336e-02	-1.57200e-03	
2437	2.306013e-02	6.044320e-09	-4.67361e-02	-1.57208e-03	
2438	2.306930e-02	3.871852e-09	-4.67381e-02	-1.57189e-03	
2439	2.307789e-02	-7.77799e-10	-4.67406e-02	-1.57197e-03	
2440	2.308611e-02	-4.89375e-09	-4.67423e-02	-1.57178e-03	
2441	2.309439e-02	-6.24668e-09	-4.67447e-02	-1.57186e-03	
2442	2.310377e-02	-3.55603e-09	-4.67467e-02	-1.57167e-03	
2443	2.311340e-02	1.737538e-09	-4.67495e-02	-1.57174e-03	
2444	2.312242e-02	5.517002e-09	-4.67513e-02	-1.57156e-03	
2445	2.313074e-02	5.630881e-09	-4.67538e-02	-1.57164e-03	
2446	2.313870e-02	2.529688e-09	-4.67553e-02	-1.57146e-03	
2447	2.314723e-02	-2.30464e-09	-4.67578e-02	-1.57154e-03	
2448	2.315545e-02	-5.71892e-09	-4.67594e-02	-1.57135e-03	
2449	2.316402e-02	-5.83104e-09	-4.67619e-02	-1.57144e-03	
2450	2.317383e-02	-1.79426e-09	-4.67639e-02	-1.57124e-03	
2451	2.318319e-02	3.359286e-09	-4.67665e-02	-1.57132e-03	
2452	2.319254e-02	6.022534e-09	-4.67683e-02	-1.57113e-03	
2453	2.320100e-02	4.590637e-09	-4.67707e-02	-1.57121e-03	
2454	2.320904e-02	5.296699e-10	-4.67723e-02	-1.57103e-03	
2455	2.321812e-02	-4.30268e-09	-4.67748e-02	-1.57111e-03	
2456	2.322648e-02	-6.26803e-09	-4.67764e-02	-1.57093e-03	
2457	2.323577e-02	-4.22449e-09	-4.67789e-02	-1.57101e-03	
2458	2.324451e-02	4.609929e-10	-4.67806e-02	-1.57083e-03	
2459	2.325369e-02	4.917681e-09	-4.67831e-02	-1.57090e-03	
2460	2.326199e-02	5.967508e-09	-4.67846e-02	-1.57072e-03	
2461	2.327146e-02	2.941665e-09	-4.67872e-02	-1.57080e-03	
2462	2.328105e-02	-2.37318e-09	-4.67890e-02	-1.57061e-03	
2463	2.329022e-02	-5.92724e-09	-4.67915e-02	-1.57070e-03	
2464	2.329872e-02	-5.59890e-09	-4.67930e-02	-1.57051e-03	
2465	2.330666e-02	-2.18936e-09	-4.67952e-02	-1.57060e-03	
2466	2.331542e-02	2.744626e-09	-4.67967e-02	-1.57042e-03	
2467	2.332424e-02	5.852807e-09	-4.67991e-02	-1.57050e-03	
2468	2.333268e-02	5.186824e-09	-4.68006e-02	-1.57032e-03	
2469	2.334187e-02	9.446476e-10	-4.68030e-02	-1.57041e-03	
2470	2.335100e-02	-4.00393e-09	-4.68046e-02	-1.57022e-03	
2471	2.335987e-02	-6.25605e-09	-4.68070e-02	-1.57031e-03	
2472	2.336876e-02	-4.45473e-09	-4.68085e-02	-1.57013e-03	
2473	2.337711e-02	-5.72968e-11	-4.68107e-02	-1.57021e-03	
2474	2.338628e-02	4.597640e-09	-4.68123e-02	-1.57003e-03	
2475	2.339459e-02	6.041288e-09	-4.68145e-02	-1.57012e-03	
2476	2.340277e-02	3.922468e-09	-4.68158e-02	-1.56994e-03	
2477	2.341133e-02	-7.00650e-10	-4.68181e-02	-1.57003e-03	
2478	2.341951e-02	-4.82584e-09	-4.68194e-02	-1.56985e-03	
2479	2.342775e-02	-6.23782e-09	-4.68215e-02	-1.56994e-03	
2480	2.343711e-02	-3.62857e-09	-4.68231e-02	-1.56976e-03	
2481	2.344678e-02	1.665868e-09	-4.68255e-02	-1.56984e-03	
2482	2.345575e-02	5.487503e-09	-4.68269e-02	-1.56967e-03	
2483	2.346409e-02	5.686497e-09	-4.68291e-02	-1.56975e-03	
2484	2.347204e-02	2.646392e-09	-4.68303e-02	-1.56958e-03	
2485	2.348055e-02	-2.17222e-09	-4.68325e-02	-1.56967e-03	
2486	2.348868e-02	-5.62891e-09	-4.68337e-02	-1.56950e-03	
2487	2.349722e-02	-5.87768e-09	-4.68358e-02	-1.56959e-03	
2488	2.350696e-02	-1.98589e-09	-4.68373e-02	-1.56940e-03	
2489	2.351636e-02	3.214574e-09	-4.68397e-02	-1.56949e-03	
2490	2.352480e-02	5.939326e-09	-4.68409e-02	-1.56932e-03	

Index   time            l1#branch       v1#branch       v2#branch       
--------------------------------------------------------------------------------
2491	2.353362e-02	4.904394e-09	-4.68431e-02	-1.56940e-03	
2492	2.354171e-02	9.963564e-10	-4.68442e-02	-1.56923e-03	
2493	2.355076e-02	-3.92998e-09	-4.68464e-02	-1.56932e-03	
2494	2.355930e-02	-6.22762e-09	-4.68476e-02	-1.56915e-03	
2495	2.356835e-02	-4.56055e-09	-4.68498e-02	-1.56924e-03	
2496	2.357756e-02	2.268556e-10	-4.68511e-02	-1.56906e-03	
2497	2.358662e-02	4.744606e-09	-4.68533e-02	-1.56915e-03	
2498	2.359513e-02	6.017208e-09	-4.68545e-02	-1.56897e-03	
2499	2.360434e-02	3.248244e-09	-4.68567e-02	-1.56906e-03	
2500	2.361408e-02	-2.10752e-09	-4.68580e-02	-1.56889e-03	
2501	2.362303e-02	-5.77503e-09	-4.68602e-02	-1.56898e-03	
2502	2.363158e-02	-5.73142e-09	-4.68613e-02	-1.56880e-03	
2503	2.363961e-02	-2.45460e-09	-4.68632e-02	-1.56890e-03	
2504	2.364825e-02	2.433696e-09	-4.68643e-02	-1.56873e-03	
2505	2.365726e-02	5.795493e-09	-4.68664e-02	-1.56882e-03	
2506	2.366551e-02	5.381203e-09	-4.68675e-02	-1.56865e-03	
2507	2.367475e-02	1.295946e-09	-4.68696e-02	-1.56874e-03	
2508	2.368393e-02	-3.73682e-09	-4.68707e-02	-1.56857e-03	
2509	2.369291e-02	-6.21982e-09	-4.68728e-02	-1.56866e-03	
2510	2.370168e-02	-4.65800e-09	-4.68739e-02	-1.56849e-03	
2511	2.370988e-02	-4.41983e-10	-4.68758e-02	-1.56858e-03	
2512	2.371901e-02	4.331340e-09	-4.68769e-02	-1.56841e-03	
2513	2.372737e-02	6.079187e-09	-4.68788e-02	-1.56851e-03	
2514	2.373660e-02	3.824649e-09	-4.68799e-02	-1.56834e-03	
2515	2.374516e-02	-8.33133e-10	-4.68819e-02	-1.56843e-03	
2516	2.375335e-02	-4.90473e-09	-4.68828e-02	-1.56827e-03	
2517	2.376159e-02	-6.20477e-09	-4.68846e-02	-1.56836e-03	
2518	2.377099e-02	-3.46699e-09	-4.68857e-02	-1.56819e-03	
2519	2.378064e-02	1.842513e-09	-4.68878e-02	-1.56828e-03	
2520	2.378967e-02	5.585033e-09	-4.68888e-02	-1.56811e-03	
2521	2.379803e-02	5.628873e-09	-4.68907e-02	-1.56821e-03	
2522	2.380601e-02	2.463014e-09	-4.68915e-02	-1.56805e-03	
2523	2.381458e-02	-2.38941e-09	-4.68934e-02	-1.56814e-03	
2524	2.382370e-02	-5.90503e-09	-4.68943e-02	-1.56798e-03	
2525	2.383196e-02	-5.61761e-09	-4.68961e-02	-1.56807e-03	
2526	2.384123e-02	-1.60031e-09	-4.68971e-02	-1.56791e-03	
2527	2.385045e-02	3.476072e-09	-4.68990e-02	-1.56800e-03	
2528	2.385950e-02	6.051952e-09	-4.68999e-02	-1.56783e-03	
2529	2.386811e-02	4.614295e-09	-4.69018e-02	-1.56793e-03	
2530	2.387622e-02	5.080630e-10	-4.69025e-02	-1.56777e-03	
2531	2.388531e-02	-4.31528e-09	-4.69044e-02	-1.56787e-03	
2532	2.389369e-02	-6.23438e-09	-4.69051e-02	-1.56770e-03	
2533	2.390296e-02	-4.13955e-09	-4.69071e-02	-1.56780e-03	
2534	2.391171e-02	5.666719e-10	-4.69078e-02	-1.56764e-03	
2535	2.392090e-02	4.995680e-09	-4.69097e-02	-1.56773e-03	
2536	2.392918e-02	5.991878e-09	-4.69104e-02	-1.56757e-03	
2537	2.393871e-02	2.894775e-09	-4.69123e-02	-1.56767e-03	
2538	2.394832e-02	-2.43556e-09	-4.69131e-02	-1.56750e-03	
2539	2.395752e-02	-5.92983e-09	-4.69150e-02	-1.56760e-03	
2540	2.396601e-02	-5.51086e-09	-4.69157e-02	-1.56744e-03	
2541	2.397394e-02	-2.05258e-09	-4.69173e-02	-1.56754e-03	
2542	2.398273e-02	2.890121e-09	-4.69180e-02	-1.56738e-03	
2543	2.399151e-02	5.912776e-09	-4.69197e-02	-1.56748e-03	
2544	2.400002e-02	5.147269e-09	-4.69204e-02	-1.56732e-03	
2545	2.400926e-02	8.171153e-10	-4.69222e-02	-1.56742e-03	
2546	2.401843e-02	-4.11240e-09	-4.69228e-02	-1.56726e-03	
2547	2.402727e-02	-6.22687e-09	-4.69246e-02	-1.56736e-03	
2548	2.403619e-02	-4.28343e-09	-4.69252e-02	-1.56720e-03	

Index   time            l1#branch       v1#branch       v2#branch       
--------------------------------------------------------------------------------
2549	2.404461e-02	1.973115e-10	-4.69269e-02	-1.56730e-03	
2550	2.405287e-02	4.467082e-09	-4.69274e-02	-1.56714e-03	
2551	2.406120e-02	6.091766e-09	-4.69290e-02	-1.56725e-03	
2552	2.407033e-02	3.761363e-09	-4.69296e-02	-1.56709e-03	
2553	2.407877e-02	-8.55062e-10	-4.69312e-02	-1.56719e-03	
2554	2.408690e-02	-4.89481e-09	-4.69317e-02	-1.56703e-03	
2555	2.409510e-02	-6.18885e-09	-4.69333e-02	-1.56714e-03	
2556	2.410451e-02	-3.45189e-09	-4.69339e-02	-1.56698e-03	
2557	2.411417e-02	1.861491e-09	-4.69356e-02	-1.56708e-03	
2558	2.412321e-02	5.604178e-09	-4.69361e-02	-1.56692e-03	
2559	2.413159e-02	5.641829e-09	-4.69377e-02	-1.56703e-03	
2560	2.413957e-02	2.467935e-09	-4.69381e-02	-1.56687e-03	
2561	2.414814e-02	-2.38751e-09	-4.69396e-02	-1.56698e-03	
2562	2.415725e-02	-5.89102e-09	-4.69401e-02	-1.56682e-03	
2563	2.416551e-02	-5.59617e-09	-4.69416e-02	-1.56693e-03	
2564	2.417480e-02	-1.56244e-09	-4.69421e-02	-1.56677e-03	
2565	2.418405e-02	3.520550e-09	-4.69437e-02	-1.56688e-03	
2566	2.419309e-02	6.072723e-09	-4.69441e-02	-1.56672e-03	
2567	2.420173e-02	4.602661e-09	-4.69457e-02	-1.56683e-03	
2568	2.420984e-02	4.768739e-10	-4.69460e-02	-1.56667e-03	
2569	2.421895e-02	-4.33802e-09	-4.69475e-02	-1.56678e-03	
2570	2.422732e-02	-6.21768e-09	-4.69478e-02	-1.56663e-03	
2571	2.423660e-02	-4.08039e-09	-4.69494e-02	-1.56673e-03	
2572	2.424534e-02	6.315198e-10	-4.69497e-02	-1.56658e-03	
2573	2.425360e-02	4.753117e-09	-4.69512e-02	-1.56669e-03	
2574	2.426191e-02	6.069637e-09	-4.69514e-02	-1.56654e-03	
2575	2.427115e-02	3.390015e-09	-4.69529e-02	-1.56665e-03	
2576	2.428087e-02	-1.94267e-09	-4.69533e-02	-1.56649e-03	
2577	2.428983e-02	-5.68678e-09	-4.69548e-02	-1.56660e-03	
2578	2.429832e-02	-5.76083e-09	-4.69550e-02	-1.56645e-03	
2579	2.430633e-02	-2.58199e-09	-4.69564e-02	-1.56656e-03	
2580	2.431492e-02	2.281669e-09	-4.69566e-02	-1.56641e-03	
2581	2.432309e-02	5.609625e-09	-4.69579e-02	-1.56652e-03	
2582	2.433161e-02	5.628446e-09	-4.69581e-02	-1.56637e-03	
2583	2.434136e-02	1.562233e-09	-4.69596e-02	-1.56648e-03	
2584	2.435077e-02	-3.60158e-09	-4.69598e-02	-1.56632e-03	
2585	2.436005e-02	-6.18758e-09	-4.69613e-02	-1.56643e-03	
2586	2.436868e-02	-4.65066e-09	-4.69614e-02	-1.56628e-03	
2587	2.437676e-02	-5.10620e-10	-4.69627e-02	-1.56640e-03	
2588	2.438590e-02	4.294065e-09	-4.69629e-02	-1.56625e-03	
2589	2.439424e-02	6.115178e-09	-4.69642e-02	-1.56636e-03	
2590	2.440349e-02	3.938987e-09	-4.69643e-02	-1.56621e-03	
2591	2.441219e-02	-7.65885e-10	-4.69656e-02	-1.56632e-03	
2592	2.442042e-02	-4.86654e-09	-4.69657e-02	-1.56618e-03	
2593	2.442872e-02	-6.16775e-09	-4.69669e-02	-1.56629e-03	
2594	2.443805e-02	-3.44079e-09	-4.69671e-02	-1.56614e-03	
2595	2.444777e-02	1.898860e-09	-4.69684e-02	-1.56625e-03	
2596	2.445676e-02	5.619349e-09	-4.69685e-02	-1.56611e-03	
2597	2.446518e-02	5.651832e-09	-4.69697e-02	-1.56622e-03	
2598	2.447318e-02	2.456753e-09	-4.69697e-02	-1.56607e-03	
2599	2.448177e-02	-2.40309e-09	-4.69709e-02	-1.56619e-03	
2600	2.449085e-02	-5.88242e-09	-4.69709e-02	-1.56604e-03	
2601	2.449912e-02	-5.56599e-09	-4.69721e-02	-1.56616e-03	
2602	2.450844e-02	-1.50507e-09	-4.69721e-02	-1.56601e-03	
2603	2.451771e-02	3.580737e-09	-4.69734e-02	-1.56613e-03	
2604	2.452674e-02	6.094798e-09	-4.69733e-02	-1.56598e-03	
2605	2.453541e-02	4.577691e-09	-4.69745e-02	-1.56610e-03	
2606	2.454354e-02	4.217326e-10	-4.69744e-02	-1.56595e-03	

Index   time            l1#branch       v1#branch       v2#branch       
--------------------------------------------------------------------------------
2607	2.455266e-02	-4.37853e-09	-4.69756e-02	-1.56607e-03	
2608	2.456102e-02	-6.20065e-09	-4.69755e-02	-1.56593e-03	
2609	2.457032e-02	-3.99964e-09	-4.69766e-02	-1.56604e-03	
2610	2.457902e-02	7.133469e-10	-4.69765e-02	-1.56590e-03	
2611	2.458725e-02	4.801297e-09	-4.69776e-02	-1.56602e-03	
2612	2.459553e-02	6.082931e-09	-4.69774e-02	-1.56588e-03	
2613	2.460482e-02	3.360512e-09	-4.69786e-02	-1.56599e-03	
2614	2.461454e-02	-1.98139e-09	-4.69785e-02	-1.56585e-03	
2615	2.462352e-02	-5.69750e-09	-4.69796e-02	-1.56597e-03	
2616	2.463201e-02	-5.71807e-09	-4.69793e-02	-1.56583e-03	
2617	2.464002e-02	-2.49985e-09	-4.69804e-02	-1.56595e-03	
2618	2.464863e-02	2.371053e-09	-4.69802e-02	-1.56581e-03	
2619	2.465769e-02	5.817604e-09	-4.69812e-02	-1.56593e-03	
2620	2.466592e-02	5.482783e-09	-4.69810e-02	-1.56579e-03	
2621	2.467524e-02	1.410767e-09	-4.69820e-02	-1.56591e-03	
2622	2.468452e-02	-3.67215e-09	-4.69818e-02	-1.56577e-03	
2623	2.469354e-02	-6.16818e-09	-4.69828e-02	-1.56589e-03	
2624	2.470227e-02	-4.61597e-09	-4.69825e-02	-1.56575e-03	
2625	2.471042e-02	-4.31768e-10	-4.69835e-02	-1.56587e-03	
2626	2.471956e-02	4.357888e-09	-4.69832e-02	-1.56573e-03	
2627	2.472791e-02	6.131958e-09	-4.69842e-02	-1.56585e-03	
2628	2.473719e-02	3.892646e-09	-4.69838e-02	-1.56571e-03	
2629	2.474586e-02	-8.17217e-10	-4.69848e-02	-1.56583e-03	
2630	2.475407e-02	-4.88324e-09	-4.69844e-02	-1.56570e-03	
2631	2.476233e-02	-6.14569e-09	-4.69853e-02	-1.56582e-03	
2632	2.477168e-02	-3.38222e-09	-4.69850e-02	-1.56568e-03	
2633	2.478141e-02	1.965852e-09	-4.69859e-02	-1.56581e-03	
2634	2.479041e-02	5.660322e-09	-4.69855e-02	-1.56567e-03	
2635	2.479885e-02	5.641612e-09	-4.69864e-02	-1.56579e-03	
2636	2.480686e-02	2.405979e-09	-4.69860e-02	-1.56566e-03	
2637	2.481547e-02	-2.46483e-09	-4.69868e-02	-1.56578e-03	
2638	2.482448e-02	-5.87997e-09	-4.69864e-02	-1.56565e-03	
2639	2.483278e-02	-5.51825e-09	-4.69872e-02	-1.56577e-03	
2640	2.484213e-02	-1.40795e-09	-4.69868e-02	-1.56564e-03	
2641	2.485143e-02	3.674533e-09	-4.69876e-02	-1.56576e-03	
2642	2.486044e-02	6.119590e-09	-4.69871e-02	-1.56563e-03	
2643	2.486915e-02	4.522435e-09	-4.69880e-02	-1.56575e-03	
2644	2.487732e-02	3.131391e-10	-4.69874e-02	-1.56562e-03	
2645	2.488646e-02	-4.45777e-09	-4.69882e-02	-1.56574e-03	
2646	2.489480e-02	-6.18182e-09	-4.69877e-02	-1.56561e-03	
2647	2.490414e-02	-3.86977e-09	-4.69885e-02	-1.56574e-03	
2648	2.491275e-02	8.323624e-10	-4.69879e-02	-1.56561e-03	
2649	2.492093e-02	4.864563e-09	-4.69887e-02	-1.56573e-03	
2650	2.492917e-02	6.094351e-09	-4.69881e-02	-1.56560e-03	
2651	2.493852e-02	3.310114e-09	-4.69888e-02	-1.56573e-03	
2652	2.494823e-02	-2.03778e-09	-4.69882e-02	-1.56560e-03	
2653	2.495725e-02	-5.71822e-09	-4.69889e-02	-1.56572e-03	
2654	2.496572e-02	-5.66459e-09	-4.69883e-02	-1.56559e-03	
2655	2.497373e-02	-2.40162e-09	-4.69890e-02	-1.56572e-03	
2656	2.498236e-02	2.481167e-09	-4.69883e-02	-1.56559e-03	
2657	2.499136e-02	5.855548e-09	-4.69890e-02	-1.56572e-03	
2658	2.499966e-02	5.453895e-09	-4.69883e-02	-1.56559e-03	
2659	2.500901e-02	1.313320e-09	-4.69890e-02	-1.56572e-03	
2660	2.501831e-02	-3.75985e-09	-4.69883e-02	-1.56559e-03	
2661	2.502731e-02	-6.16056e-09	-4.69889e-02	-1.56572e-03	
2662	2.503607e-02	-4.50864e-09	-4.69882e-02	-1.56559e-03	
2663	2.504426e-02	-2.59577e-10	-4.69888e-02	-1.56572e-03	
2664	2.505342e-02	4.490435e-09	-4.69880e-02	-1.56560e-03	

Index   time            l1#branch       v1#branch       v2#branch       
--------------------------------------------------------------------------------
2665	2.506175e-02	6.145418e-09	-4.69887e-02	-1.56573e-03	
2666	2.507109e-02	3.761715e-09	-4.69879e-02	-1.56560e-03	
2667	2.507965e-02	-9.28746e-10	-4.69885e-02	-1.56573e-03	
2668	2.508779e-02	-4.92361e-09	-4.69877e-02	-1.56561e-03	
2669	2.509599e-02	-6.12091e-09	-4.69882e-02	-1.56574e-03	
2670	2.510540e-02	-3.29104e-09	-4.69874e-02	-1.56561e-03	
2671	2.511511e-02	2.059878e-09	-4.69879e-02	-1.56574e-03	
2672	2.512416e-02	5.717150e-09	-4.69871e-02	-1.56562e-03	
2673	2.513261e-02	5.614715e-09	-4.69876e-02	-1.56575e-03	
2674	2.514061e-02	2.328463e-09	-4.69868e-02	-1.56563e-03	
2675	2.514925e-02	-2.55976e-09	-4.69873e-02	-1.56576e-03	
2676	2.515821e-02	-5.89180e-09	-4.69864e-02	-1.56564e-03	
2677	2.516656e-02	-5.44567e-09	-4.69869e-02	-1.56577e-03	
2678	2.517593e-02	-1.26102e-09	-4.69859e-02	-1.56565e-03	
2679	2.518525e-02	3.804568e-09	-4.69864e-02	-1.56578e-03	
2680	2.519423e-02	6.145598e-09	-4.69854e-02	-1.56566e-03	
2681	2.520300e-02	4.433867e-09	-4.69859e-02	-1.56579e-03	
2682	2.521121e-02	1.472898e-10	-4.69849e-02	-1.56567e-03	
2683	2.522039e-02	-4.57535e-09	-4.69854e-02	-1.56580e-03	
2684	2.522870e-02	-6.15772e-09	-4.69844e-02	-1.56568e-03	
2685	2.523809e-02	-3.68475e-09	-4.69848e-02	-1.56582e-03	
2686	2.524658e-02	9.913610e-10	-4.69838e-02	-1.56570e-03	
2687	2.525468e-02	4.944318e-09	-4.69842e-02	-1.56583e-03	
2688	2.526285e-02	6.102308e-09	-4.69832e-02	-1.56571e-03	
2689	2.527229e-02	3.231020e-09	-4.69835e-02	-1.56585e-03	
2690	2.528199e-02	-2.12078e-09	-4.69824e-02	-1.56573e-03	
2691	2.529107e-02	-5.75115e-09	-4.69827e-02	-1.56587e-03	
2692	2.529952e-02	-5.59476e-09	-4.69817e-02	-1.56575e-03	
2693	2.530751e-02	-2.27579e-09	-4.69820e-02	-1.56588e-03	
2694	2.531618e-02	2.623728e-09	-4.69809e-02	-1.56577e-03	
2695	2.532511e-02	5.903651e-09	-4.69812e-02	-1.56590e-03	
2696	2.533349e-02	5.402467e-09	-4.69801e-02	-1.56578e-03	
2697	2.534288e-02	1.171945e-09	-4.69804e-02	-1.56592e-03	
2698	2.535220e-02	-3.87895e-09	-4.69792e-02	-1.56581e-03	
2699	2.536116e-02	-6.15243e-09	-4.69795e-02	-1.56595e-03	
2700	2.536996e-02	-4.36922e-09	-4.69783e-02	-1.56583e-03	
2701	2.537821e-02	-3.46338e-11	-4.69786e-02	-1.56597e-03	
2702	2.538740e-02	4.656229e-09	-4.69774e-02	-1.56585e-03	
2703	2.539569e-02	6.151778e-09	-4.69776e-02	-1.56599e-03	
2704	2.540409e-02	4.000180e-09	-4.69764e-02	-1.56587e-03	
2705	2.541282e-02	-7.17556e-10	-4.69766e-02	-1.56602e-03	
2706	2.542191e-02	-5.08021e-09	-4.69754e-02	-1.56590e-03	
2707	2.543012e-02	-6.05718e-09	-4.69756e-02	-1.56604e-03	
2708	2.543973e-02	-2.92340e-09	-4.69743e-02	-1.56593e-03	
2709	2.544944e-02	2.452264e-09	-4.69744e-02	-1.56607e-03	
2710	2.545863e-02	5.892593e-09	-4.69731e-02	-1.56596e-03	
2711	2.546712e-02	5.412036e-09	-4.69732e-02	-1.56610e-03	
2712	2.547505e-02	1.912571e-09	-4.69720e-02	-1.56598e-03	
2713	2.548386e-02	-3.03059e-09	-4.69721e-02	-1.56613e-03	
2714	2.549261e-02	-5.98926e-09	-4.69708e-02	-1.56601e-03	
2715	2.550120e-02	-5.13957e-09	-4.69709e-02	-1.56615e-03	
2716	2.551159e-02	-1.84504e-10	-4.69694e-02	-1.56605e-03	
2717	2.552095e-02	4.616895e-09	-4.69695e-02	-1.56619e-03	
2718	2.552994e-02	6.130876e-09	-4.69681e-02	-1.56608e-03	
2719	2.553889e-02	3.547374e-09	-4.69681e-02	-1.56622e-03	
2720	2.554753e-02	-1.23735e-09	-4.69667e-02	-1.56611e-03	
2721	2.555559e-02	-5.07124e-09	-4.69669e-02	-1.56625e-03	
2722	2.556387e-02	-6.04410e-09	-4.69655e-02	-1.56614e-03	

Index   time            l1#branch       v1#branch       v2#branch       
--------------------------------------------------------------------------------
2723	2.557173e-02	-3.65056e-09	-4.69656e-02	-1.56629e-03	
2724	2.558010e-02	9.709066e-10	-4.69642e-02	-1.56617e-03	
2725	2.558813e-02	4.915329e-09	-4.69642e-02	-1.56632e-03	
2726	2.559624e-02	6.133962e-09	-4.69628e-02	-1.56621e-03	
2727	2.560570e-02	3.333036e-09	-4.69628e-02	-1.56635e-03	
2728	2.561543e-02	-2.02279e-09	-4.69612e-02	-1.56625e-03	
2729	2.562448e-02	-5.69710e-09	-4.69611e-02	-1.56639e-03	
2730	2.563293e-02	-5.62095e-09	-4.69596e-02	-1.56629e-03	
2731	2.564093e-02	-2.34939e-09	-4.69597e-02	-1.56643e-03	
2732	2.564956e-02	2.534290e-09	-4.69581e-02	-1.56632e-03	
2733	2.565854e-02	5.893908e-09	-4.69581e-02	-1.56647e-03	
2734	2.566688e-02	5.474198e-09	-4.69565e-02	-1.56636e-03	
2735	2.567629e-02	1.286664e-09	-4.69564e-02	-1.56651e-03	
2736	2.568565e-02	-3.79954e-09	-4.69548e-02	-1.56641e-03	
2737	2.569465e-02	-6.13190e-09	-4.69546e-02	-1.56655e-03	
2738	2.570341e-02	-4.40782e-09	-4.69530e-02	-1.56645e-03	
2739	2.571161e-02	-1.24015e-10	-4.69530e-02	-1.56660e-03	
2740	2.572080e-02	4.600914e-09	-4.69513e-02	-1.56649e-03	
2741	2.572910e-02	6.175604e-09	-4.69512e-02	-1.56664e-03	
2742	2.573852e-02	3.687280e-09	-4.69495e-02	-1.56654e-03	
2743	2.574704e-02	-1.00953e-09	-4.69493e-02	-1.56668e-03	
2744	2.575514e-02	-4.94620e-09	-4.69477e-02	-1.56658e-03	
2745	2.576332e-02	-6.07462e-09	-4.69476e-02	-1.56673e-03	
2746	2.577274e-02	-3.17749e-09	-4.69459e-02	-1.56662e-03	
2747	2.578248e-02	2.194294e-09	-4.69456e-02	-1.56678e-03	
2748	2.579155e-02	5.793570e-09	-4.69438e-02	-1.56668e-03	
2749	2.580005e-02	5.590911e-09	-4.69436e-02	-1.56683e-03	
2750	2.580804e-02	2.235088e-09	-4.69420e-02	-1.56672e-03	
2751	2.581673e-02	-2.67342e-09	-4.69417e-02	-1.56687e-03	
2752	2.582564e-02	-5.89584e-09	-4.69399e-02	-1.56677e-03	
2753	2.583404e-02	-5.33354e-09	-4.69397e-02	-1.56692e-03	
2754	2.584346e-02	-1.04189e-09	-4.69379e-02	-1.56682e-03	
2755	2.585282e-02	4.001957e-09	-4.69375e-02	-1.56697e-03	
2756	2.586176e-02	6.188706e-09	-4.69357e-02	-1.56688e-03	
2757	2.587062e-02	4.302744e-09	-4.69354e-02	-1.56703e-03	
2758	2.587891e-02	-9.23329e-11	-4.69336e-02	-1.56693e-03	
2759	2.588717e-02	-4.40360e-09	-4.69334e-02	-1.56708e-03	
2760	2.589550e-02	-6.12994e-09	-4.69316e-02	-1.56698e-03	
2761	2.590462e-02	-3.90785e-09	-4.69312e-02	-1.56713e-03	
2762	2.591334e-02	8.239072e-10	-4.69293e-02	-1.56703e-03	
2763	2.592156e-02	4.891865e-09	-4.69290e-02	-1.56718e-03	
2764	2.592983e-02	6.149110e-09	-4.69272e-02	-1.56708e-03	
2765	2.593918e-02	3.379443e-09	-4.69268e-02	-1.56724e-03	
2766	2.594900e-02	-2.01404e-09	-4.69247e-02	-1.56715e-03	
2767	2.595796e-02	-5.66655e-09	-4.69243e-02	-1.56730e-03	
2768	2.596645e-02	-5.60932e-09	-4.69224e-02	-1.56720e-03	
2769	2.597448e-02	-2.32946e-09	-4.69221e-02	-1.56736e-03	
2770	2.598311e-02	2.550769e-09	-4.69201e-02	-1.56726e-03	
2771	2.599211e-02	5.914396e-09	-4.69197e-02	-1.56742e-03	
2772	2.600045e-02	5.486498e-09	-4.69178e-02	-1.56732e-03	
2773	2.600989e-02	1.278851e-09	-4.69172e-02	-1.56748e-03	
2774	2.601928e-02	-3.81332e-09	-4.69151e-02	-1.56738e-03	
2775	2.602828e-02	-6.11650e-09	-4.69146e-02	-1.56754e-03	
2776	2.603704e-02	-4.36274e-09	-4.69126e-02	-1.56745e-03	
2777	2.604524e-02	-6.59929e-11	-4.69122e-02	-1.56760e-03	
2778	2.605444e-02	4.648756e-09	-4.69101e-02	-1.56751e-03	
2779	2.606273e-02	6.190865e-09	-4.69096e-02	-1.56766e-03	
2780	2.607124e-02	4.039971e-09	-4.69076e-02	-1.56757e-03	

Index   time            l1#branch       v1#branch       v2#branch       
--------------------------------------------------------------------------------
2781	2.608004e-02	-7.16148e-10	-4.69071e-02	-1.56773e-03	
2782	2.608914e-02	-5.06720e-09	-4.69049e-02	-1.56764e-03	
2783	2.609737e-02	-6.01351e-09	-4.69045e-02	-1.56779e-03	
2784	2.610695e-02	-2.86098e-09	-4.69022e-02	-1.56770e-03	
2785	2.611671e-02	2.538748e-09	-4.69015e-02	-1.56786e-03	
2786	2.612587e-02	5.940885e-09	-4.68993e-02	-1.56777e-03	
2787	2.613442e-02	5.411184e-09	-4.68988e-02	-1.56793e-03	
2788	2.614236e-02	1.873247e-09	-4.68967e-02	-1.56784e-03	
2789	2.615120e-02	-3.07626e-09	-4.68961e-02	-1.56800e-03	
2790	2.615993e-02	-5.97269e-09	-4.68940e-02	-1.56791e-03	
2791	2.616854e-02	-5.05474e-09	-4.68933e-02	-1.56807e-03	
2792	2.617889e-02	-7.18714e-11	-4.68909e-02	-1.56798e-03	
2793	2.618831e-02	4.719649e-09	-4.68901e-02	-1.56814e-03	
2794	2.619726e-02	6.155606e-09	-4.68879e-02	-1.56806e-03	
2795	2.620628e-02	3.483556e-09	-4.68872e-02	-1.56822e-03	
2796	2.621495e-02	-1.33662e-09	-4.68850e-02	-1.56813e-03	
2797	2.622299e-02	-5.10521e-09	-4.68844e-02	-1.56829e-03	
2798	2.623130e-02	-5.98157e-09	-4.68822e-02	-1.56820e-03	
2799	2.623915e-02	-3.50837e-09	-4.68817e-02	-1.56835e-03	
2800	2.624751e-02	1.129669e-09	-4.68795e-02	-1.56826e-03	
2801	2.625550e-02	5.015274e-09	-4.68789e-02	-1.56842e-03	
2802	2.626369e-02	6.149584e-09	-4.68767e-02	-1.56833e-03	
2803	2.627317e-02	3.232071e-09	-4.68758e-02	-1.56850e-03	
2804	2.628294e-02	-2.15867e-09	-4.68733e-02	-1.56842e-03	
2805	2.629201e-02	-5.73027e-09	-4.68725e-02	-1.56858e-03	
2806	2.630047e-02	-5.50336e-09	-4.68702e-02	-1.56849e-03	
2807	2.630846e-02	-2.13423e-09	-4.68696e-02	-1.56865e-03	
2808	2.631715e-02	2.772721e-09	-4.68672e-02	-1.56857e-03	
2809	2.632605e-02	5.980975e-09	-4.68664e-02	-1.56873e-03	
2810	2.633451e-02	5.390518e-09	-4.68641e-02	-1.56865e-03	
2811	2.634399e-02	1.047552e-09	-4.68631e-02	-1.56881e-03	
2812	2.635340e-02	-3.99772e-09	-4.68606e-02	-1.56873e-03	
2813	2.636234e-02	-6.10610e-09	-4.68598e-02	-1.56890e-03	
2814	2.637117e-02	-4.15414e-09	-4.68573e-02	-1.56881e-03	
2815	2.637947e-02	2.710129e-10	-4.68566e-02	-1.56897e-03	
2816	2.638771e-02	4.546172e-09	-4.68542e-02	-1.56889e-03	
2817	2.639601e-02	6.216476e-09	-4.68534e-02	-1.56905e-03	
2818	2.640523e-02	3.906635e-09	-4.68509e-02	-1.56897e-03	
2819	2.641391e-02	-8.29267e-10	-4.68500e-02	-1.56914e-03	
2820	2.642209e-02	-4.84813e-09	-4.68476e-02	-1.56905e-03	
2821	2.643033e-02	-6.04959e-09	-4.68468e-02	-1.56921e-03	
2822	2.643965e-02	-3.24858e-09	-4.68442e-02	-1.56914e-03	
2823	2.644949e-02	2.157696e-09	-4.68431e-02	-1.56931e-03	
2824	2.645846e-02	5.782797e-09	-4.68405e-02	-1.56923e-03	
2825	2.646702e-02	5.664719e-09	-4.68396e-02	-1.56939e-03	
2826	2.647506e-02	2.332855e-09	-4.68372e-02	-1.56931e-03	
2827	2.648373e-02	-2.56590e-09	-4.68363e-02	-1.56948e-03	
2828	2.649270e-02	-5.84698e-09	-4.68337e-02	-1.56940e-03	
2829	2.650102e-02	-5.34055e-09	-4.68328e-02	-1.56956e-03	
2830	2.651049e-02	-1.06797e-09	-4.68300e-02	-1.56949e-03	
2831	2.651991e-02	4.011079e-09	-4.68289e-02	-1.56966e-03	
2832	2.652887e-02	6.223477e-09	-4.68263e-02	-1.56958e-03	
2833	2.653775e-02	4.347651e-09	-4.68252e-02	-1.56975e-03	
2834	2.654601e-02	-2.70124e-11	-4.68227e-02	-1.56967e-03	
2835	2.655427e-02	-4.34691e-09	-4.68218e-02	-1.56983e-03	
2836	2.656259e-02	-6.09500e-09	-4.68192e-02	-1.56976e-03	
2837	2.657168e-02	-3.90851e-09	-4.68181e-02	-1.56993e-03	
2838	2.658050e-02	8.623891e-10	-4.68154e-02	-1.56985e-03	

Index   time            l1#branch       v1#branch       v2#branch       
--------------------------------------------------------------------------------
2839	2.658874e-02	4.936966e-09	-4.68144e-02	-1.57002e-03	
2840	2.659704e-02	6.181189e-09	-4.68119e-02	-1.56994e-03	
2841	2.660640e-02	3.385899e-09	-4.68106e-02	-1.57011e-03	
2842	2.661628e-02	-2.03756e-09	-4.68077e-02	-1.57004e-03	
2843	2.662522e-02	-5.65099e-09	-4.68066e-02	-1.57021e-03	
2844	2.663372e-02	-5.55059e-09	-4.68039e-02	-1.57013e-03	
2845	2.664176e-02	-2.23638e-09	-4.68029e-02	-1.57030e-03	
2846	2.665040e-02	2.649206e-09	-4.68002e-02	-1.57023e-03	
2847	2.665938e-02	5.967148e-09	-4.67990e-02	-1.57040e-03	
2848	2.666777e-02	5.481838e-09	-4.67963e-02	-1.57032e-03	
2849	2.667728e-02	1.200087e-09	-4.67950e-02	-1.57050e-03	
2850	2.668672e-02	-3.89008e-09	-4.67921e-02	-1.57043e-03	
2851	2.669570e-02	-6.08610e-09	-4.67908e-02	-1.57060e-03	
2852	2.670448e-02	-4.22339e-09	-4.67880e-02	-1.57053e-03	
2853	2.671272e-02	1.327944e-10	-4.67869e-02	-1.57070e-03	
2854	2.672097e-02	4.462438e-09	-4.67843e-02	-1.57062e-03	
2855	2.672929e-02	6.237433e-09	-4.67831e-02	-1.57079e-03	
2856	2.673848e-02	4.042778e-09	-4.67802e-02	-1.57072e-03	
2857	2.674731e-02	-7.36186e-10	-4.67789e-02	-1.57089e-03	
2858	2.675556e-02	-4.80362e-09	-4.67762e-02	-1.57082e-03	
2859	2.676385e-02	-6.03293e-09	-4.67751e-02	-1.57099e-03	
2860	2.677311e-02	-3.26815e-09	-4.67721e-02	-1.57092e-03	
2861	2.678300e-02	2.159512e-09	-4.67705e-02	-1.57110e-03	
2862	2.679192e-02	5.784219e-09	-4.67676e-02	-1.57103e-03	
2863	2.680053e-02	5.692262e-09	-4.67663e-02	-1.57121e-03	
2864	2.680859e-02	2.360506e-09	-4.67636e-02	-1.57113e-03	
2865	2.681725e-02	-2.53623e-09	-4.67623e-02	-1.57131e-03	
2866	2.682624e-02	-5.82848e-09	-4.67593e-02	-1.57124e-03	
2867	2.683454e-02	-5.32930e-09	-4.67581e-02	-1.57141e-03	
2868	2.684404e-02	-1.05214e-09	-4.67550e-02	-1.57135e-03	
2869	2.685348e-02	4.037212e-09	-4.67535e-02	-1.57152e-03	
2870	2.686244e-02	6.242134e-09	-4.67505e-02	-1.57146e-03	
2871	2.687134e-02	4.350663e-09	-4.67491e-02	-1.57163e-03	
2872	2.687959e-02	-2.80515e-11	-4.67462e-02	-1.57156e-03	
2873	2.688785e-02	-4.34006e-09	-4.67450e-02	-1.57173e-03	
2874	2.689617e-02	-6.07644e-09	-4.67421e-02	-1.57167e-03	
2875	2.690525e-02	-3.88233e-09	-4.67406e-02	-1.57184e-03	
2876	2.691409e-02	9.020303e-10	-4.67375e-02	-1.57178e-03	
2877	2.692233e-02	4.967902e-09	-4.67363e-02	-1.57195e-03	
2878	2.693063e-02	6.196972e-09	-4.67333e-02	-1.57188e-03	
2879	2.694001e-02	3.379474e-09	-4.67317e-02	-1.57206e-03	
2880	2.694991e-02	-2.05666e-09	-4.67284e-02	-1.57200e-03	
2881	2.695885e-02	-5.64736e-09	-4.67269e-02	-1.57218e-03	
2882	2.696734e-02	-5.51568e-09	-4.67239e-02	-1.57212e-03	
2883	2.697539e-02	-2.18038e-09	-4.67226e-02	-1.57229e-03	
2884	2.698404e-02	2.709161e-09	-4.67196e-02	-1.57222e-03	
2885	2.699300e-02	5.996234e-09	-4.67180e-02	-1.57240e-03	
2886	2.700142e-02	5.474258e-09	-4.67150e-02	-1.57234e-03	
2887	2.701096e-02	1.149836e-09	-4.67133e-02	-1.57252e-03	
2888	2.702044e-02	-3.93557e-09	-4.67100e-02	-1.57246e-03	
2889	2.702940e-02	-6.06926e-09	-4.67084e-02	-1.57264e-03	
2890	2.703820e-02	-4.14402e-09	-4.67052e-02	-1.57258e-03	
2891	2.704645e-02	2.466406e-10	-4.67038e-02	-1.57275e-03	
2892	2.705469e-02	4.540631e-09	-4.67008e-02	-1.57269e-03	
2893	2.706299e-02	6.254822e-09	-4.66994e-02	-1.57286e-03	
2894	2.707222e-02	3.985922e-09	-4.66961e-02	-1.57280e-03	
2895	2.708101e-02	-7.91868e-10	-4.66945e-02	-1.57298e-03	
2896	2.708922e-02	-4.82027e-09	-4.66914e-02	-1.57292e-03	

Index   time            l1#branch       v1#branch       v2#branch       
--------------------------------------------------------------------------------
2897	2.709749e-02	-6.00875e-09	-4.66900e-02	-1.57309e-03	
2898	2.710676e-02	-3.20597e-09	-4.66866e-02	-1.57304e-03	
2899	2.711666e-02	2.228734e-09	-4.66847e-02	-1.57322e-03	
2900	2.712559e-02	5.826637e-09	-4.66814e-02	-1.57317e-03	
2901	2.713422e-02	5.680428e-09	-4.66798e-02	-1.57335e-03	
2902	2.714228e-02	2.313770e-09	-4.66768e-02	-1.57328e-03	
2903	2.715097e-02	-2.59322e-09	-4.66752e-02	-1.57346e-03	
2904	2.715993e-02	-5.82850e-09	-4.66718e-02	-1.57340e-03	
2905	2.716825e-02	-5.27138e-09	-4.66703e-02	-1.57358e-03	
2906	2.717777e-02	-9.40634e-10	-4.66668e-02	-1.57353e-03	
2907	2.718723e-02	4.136185e-09	-4.66649e-02	-1.57371e-03	
2908	2.719618e-02	6.263236e-09	-4.66616e-02	-1.57366e-03	
2909	2.720512e-02	4.283595e-09	-4.66598e-02	-1.57384e-03	
2910	2.721342e-02	-1.47091e-10	-4.66567e-02	-1.57378e-03	
2911	2.722165e-02	-4.40773e-09	-4.66551e-02	-1.57396e-03	
2912	2.722994e-02	-6.05432e-09	-4.66519e-02	-1.57390e-03	
2913	2.723905e-02	-3.76479e-09	-4.66501e-02	-1.57408e-03	
2914	2.724783e-02	1.012413e-09	-4.66467e-02	-1.57403e-03	
2915	2.725602e-02	5.028928e-09	-4.66451e-02	-1.57420e-03	
2916	2.726430e-02	6.207948e-09	-4.66419e-02	-1.57414e-03	
2917	2.727373e-02	3.327479e-09	-4.66400e-02	-1.57433e-03	
2918	2.728363e-02	-2.11732e-09	-4.66362e-02	-1.57428e-03	
2919	2.729260e-02	-5.66403e-09	-4.66344e-02	-1.57447e-03	
2920	2.730109e-02	-5.45571e-09	-4.66311e-02	-1.57441e-03	
2921	2.730912e-02	-2.07660e-09	-4.66295e-02	-1.57459e-03	
2922	2.731780e-02	2.823560e-09	-4.66261e-02	-1.57454e-03	
2923	2.732671e-02	6.038328e-09	-4.66243e-02	-1.57472e-03	
2924	2.733520e-02	5.436578e-09	-4.66209e-02	-1.57466e-03	
2925	2.734477e-02	1.038753e-09	-4.66189e-02	-1.57485e-03	
2926	2.735428e-02	-4.02500e-09	-4.66152e-02	-1.57481e-03	
2927	2.736321e-02	-6.05059e-09	-4.66133e-02	-1.57499e-03	
2928	2.737204e-02	-4.01750e-09	-4.66098e-02	-1.57494e-03	
2929	2.738034e-02	4.369566e-10	-4.66081e-02	-1.57512e-03	
2930	2.738855e-02	4.666220e-09	-4.66048e-02	-1.57506e-03	
2931	2.739682e-02	6.269580e-09	-4.66031e-02	-1.57524e-03	
2932	2.740612e-02	3.868833e-09	-4.65994e-02	-1.57520e-03	
2933	2.741481e-02	-8.92558e-10	-4.65975e-02	-1.57538e-03	
2934	2.742296e-02	-4.85472e-09	-4.65942e-02	-1.57533e-03	
2935	2.743116e-02	-5.98092e-09	-4.65925e-02	-1.57551e-03	
2936	2.744049e-02	-3.11601e-09	-4.65888e-02	-1.57546e-03	
2937	2.745037e-02	2.321003e-09	-4.65865e-02	-1.57565e-03	
2938	2.745935e-02	5.882034e-09	-4.65829e-02	-1.57561e-03	
2939	2.746799e-02	5.654748e-09	-4.65810e-02	-1.57579e-03	
2940	2.747603e-02	2.242783e-09	-4.65777e-02	-1.57573e-03	
2941	2.748476e-02	-2.67738e-09	-4.65757e-02	-1.57592e-03	
2942	2.749367e-02	-5.83296e-09	-4.65721e-02	-1.57587e-03	
2943	2.750203e-02	-5.19553e-09	-4.65703e-02	-1.57605e-03	
2944	2.751158e-02	-7.95464e-10	-4.65664e-02	-1.57601e-03	
2945	2.752106e-02	4.259137e-09	-4.65642e-02	-1.57620e-03	
2946	2.752998e-02	6.283835e-09	-4.65606e-02	-1.57616e-03	
2947	2.753898e-02	4.190636e-09	-4.65585e-02	-1.57635e-03	
2948	2.754733e-02	-3.06361e-10	-4.65550e-02	-1.57630e-03	
2949	2.755553e-02	-4.49775e-09	-4.65532e-02	-1.57648e-03	
2950	2.756379e-02	-6.02711e-09	-4.65497e-02	-1.57643e-03	
2951	2.757295e-02	-3.61230e-09	-4.65475e-02	-1.57662e-03	
2952	2.758162e-02	1.148619e-09	-4.65439e-02	-1.57657e-03	
2953	2.758976e-02	5.100859e-09	-4.65421e-02	-1.57675e-03	
2954	2.759808e-02	6.211967e-09	-4.65385e-02	-1.57670e-03	

Index   time            l1#branch       v1#branch       v2#branch       
--------------------------------------------------------------------------------
2955	2.760753e-02	3.243180e-09	-4.65363e-02	-1.57689e-03	
2956	2.761744e-02	-2.21543e-09	-4.65322e-02	-1.57686e-03	
2957	2.762644e-02	-5.69128e-09	-4.65300e-02	-1.57705e-03	
2958	2.763493e-02	-5.37316e-09	-4.65265e-02	-1.57700e-03	
2959	2.764295e-02	-1.92958e-09	-4.65246e-02	-1.57718e-03	
2960	2.765167e-02	2.984459e-09	-4.65209e-02	-1.57714e-03	
2961	2.766052e-02	6.091707e-09	-4.65188e-02	-1.57733e-03	
2962	2.766910e-02	5.368948e-09	-4.65151e-02	-1.57728e-03	
2963	2.767870e-02	8.784074e-10	-4.65127e-02	-1.57748e-03	
2964	2.768822e-02	-4.14636e-09	-4.65087e-02	-1.57744e-03	
2965	2.769711e-02	-6.02674e-09	-4.65065e-02	-1.57763e-03	
2966	2.770598e-02	-3.85060e-09	-4.65028e-02	-1.57759e-03	
2967	2.771436e-02	6.885650e-10	-4.65007e-02	-1.57777e-03	
2968	2.772252e-02	4.826670e-09	-4.64972e-02	-1.57773e-03	
2969	2.773075e-02	6.278869e-09	-4.64952e-02	-1.57791e-03	
2970	2.774015e-02	3.699906e-09	-4.64912e-02	-1.57787e-03	
2971	2.774869e-02	-1.02982e-09	-4.64891e-02	-1.57806e-03	
2972	2.775676e-02	-4.90249e-09	-4.64855e-02	-1.57801e-03	
2973	2.776490e-02	-5.94737e-09	-4.64835e-02	-1.57820e-03	
2974	2.777429e-02	-2.99628e-09	-4.64795e-02	-1.57816e-03	
2975	2.778415e-02	2.440828e-09	-4.64769e-02	-1.57836e-03	
2976	2.779319e-02	5.949696e-09	-4.64730e-02	-1.57832e-03	
2977	2.780184e-02	5.612577e-09	-4.64708e-02	-1.57851e-03	
2978	2.780985e-02	2.143502e-09	-4.64673e-02	-1.57846e-03	
2979	2.781863e-02	-2.79194e-09	-4.64650e-02	-1.57865e-03	
2980	2.782747e-02	-5.84166e-09	-4.64612e-02	-1.57862e-03	
2981	2.783590e-02	-5.09629e-09	-4.64590e-02	-1.57880e-03	
2982	2.784547e-02	-6.12923e-10	-4.64549e-02	-1.57877e-03	
2983	2.785498e-02	4.407135e-09	-4.64523e-02	-1.57897e-03	
2984	2.786385e-02	6.302795e-09	-4.64484e-02	-1.57893e-03	
2985	2.787292e-02	4.068692e-09	-4.64460e-02	-1.57912e-03	
2986	2.788134e-02	-5.08725e-10	-4.64423e-02	-1.57908e-03	
2987	2.788950e-02	-4.60944e-09	-4.64402e-02	-1.57927e-03	
2988	2.789773e-02	-5.99149e-09	-4.64365e-02	-1.57923e-03	
2989	2.790694e-02	-3.41923e-09	-4.64340e-02	-1.57942e-03	
2990	2.791548e-02	1.313941e-09	-4.64302e-02	-1.57938e-03	
2991	2.792355e-02	5.185027e-09	-4.64281e-02	-1.57957e-03	
2992	2.793191e-02	6.211676e-09	-4.64243e-02	-1.57953e-03	
2993	2.794140e-02	3.135064e-09	-4.64217e-02	-1.57972e-03	
2994	2.795132e-02	-2.33486e-09	-4.64174e-02	-1.57970e-03	
2995	2.796035e-02	-5.72316e-09	-4.64149e-02	-1.57989e-03	
2996	2.796884e-02	-5.27152e-09	-4.64111e-02	-1.57985e-03	
2997	2.797685e-02	-1.75440e-09	-4.64090e-02	-1.58004e-03	
2998	2.798562e-02	3.173369e-09	-4.64050e-02	-1.58000e-03	
2999	2.799440e-02	6.150560e-09	-4.64026e-02	-1.58020e-03	
3000	2.800308e-02	5.279718e-09	-4.63987e-02	-1.58016e-03	
3001	2.801369e-02	1.990841e-10	-4.63956e-02	-1.58037e-03	
3002	2.802330e-02	-4.62829e-09	-4.63913e-02	-1.58034e-03	
3003	2.803230e-02	-5.92553e-09	-4.63888e-02	-1.58054e-03	
3004	2.804120e-02	-3.17106e-09	-4.63848e-02	-1.58050e-03	
3005	2.804983e-02	1.648500e-09	-4.63824e-02	-1.58069e-03	
3006	2.805789e-02	5.377285e-09	-4.63786e-02	-1.58065e-03	
3007	2.806637e-02	6.139564e-09	-4.63763e-02	-1.58084e-03	
3008	2.807426e-02	3.518699e-09	-4.63726e-02	-1.58080e-03	
3009	2.808269e-02	-1.19041e-09	-4.63703e-02	-1.58099e-03	
3010	2.809064e-02	-4.95087e-09	-4.63665e-02	-1.58095e-03	
3011	2.809879e-02	-5.90291e-09	-4.63643e-02	-1.58114e-03	
3012	2.810820e-02	-2.85262e-09	-4.63600e-02	-1.58111e-03	

Index   time            l1#branch       v1#branch       v2#branch       
--------------------------------------------------------------------------------
3013	2.811806e-02	2.589983e-09	-4.63572e-02	-1.58132e-03	
3014	2.812714e-02	6.024176e-09	-4.63530e-02	-1.58129e-03	
3015	2.813581e-02	5.555162e-09	-4.63505e-02	-1.58148e-03	
3016	2.814380e-02	2.016687e-09	-4.63467e-02	-1.58144e-03	
3017	2.815264e-02	-2.93370e-09	-4.63442e-02	-1.58164e-03	
3018	2.816141e-02	-5.85267e-09	-4.63401e-02	-1.58161e-03	
3019	2.816991e-02	-4.96967e-09	-4.63377e-02	-1.58180e-03	
3020	2.818052e-02	1.092423e-10	-4.63329e-02	-1.58178e-03	
3021	2.819011e-02	4.935029e-09	-4.63301e-02	-1.58198e-03	
3022	2.819910e-02	6.251659e-09	-4.63259e-02	-1.58196e-03	
3023	2.820824e-02	3.414700e-09	-4.63232e-02	-1.58215e-03	
3024	2.821691e-02	-1.43677e-09	-4.63191e-02	-1.58212e-03	
3025	2.822489e-02	-5.08997e-09	-4.63169e-02	-1.58231e-03	
3026	2.823319e-02	-5.81747e-09	-4.63129e-02	-1.58228e-03	
3027	2.824112e-02	-3.19272e-09	-4.63107e-02	-1.58246e-03	
3028	2.824951e-02	1.500291e-09	-4.63067e-02	-1.58243e-03	
3029	2.825746e-02	5.269486e-09	-4.63044e-02	-1.58262e-03	
3030	2.826586e-02	6.214131e-09	-4.63004e-02	-1.58259e-03	
3031	2.827540e-02	3.033633e-09	-4.62975e-02	-1.58279e-03	
3032	2.828532e-02	-2.44248e-09	-4.62929e-02	-1.58277e-03	
3033	2.829439e-02	-5.74597e-09	-4.62902e-02	-1.58297e-03	
3034	2.830287e-02	-5.16713e-09	-4.62861e-02	-1.58294e-03	
3035	2.831085e-02	-1.58563e-09	-4.62838e-02	-1.58313e-03	
3036	2.831968e-02	3.351767e-09	-4.62796e-02	-1.58310e-03	
3037	2.832839e-02	6.206932e-09	-4.62770e-02	-1.58329e-03	
3038	2.833718e-02	5.194497e-09	-4.62728e-02	-1.58327e-03	
3039	2.834762e-02	1.108868e-10	-4.62695e-02	-1.58348e-03	
3040	2.835724e-02	-4.67894e-09	-4.62650e-02	-1.58346e-03	
3041	2.836615e-02	-5.88644e-09	-4.62623e-02	-1.58366e-03	
3042	2.837511e-02	-3.05513e-09	-4.62580e-02	-1.58363e-03	
3043	2.838380e-02	1.805177e-09	-4.62554e-02	-1.58383e-03	
3044	2.839191e-02	5.489004e-09	-4.62514e-02	-1.58379e-03	
3045	2.840045e-02	6.116896e-09	-4.62488e-02	-1.58399e-03	
3046	2.840834e-02	3.380491e-09	-4.62449e-02	-1.58395e-03	
3047	2.841678e-02	-1.35630e-09	-4.62424e-02	-1.58415e-03	
3048	2.842469e-02	-5.02002e-09	-4.62385e-02	-1.58411e-03	
3049	2.843289e-02	-5.83524e-09	-4.62360e-02	-1.58430e-03	
3050	2.844231e-02	-2.64061e-09	-4.62315e-02	-1.58429e-03	
3051	2.845217e-02	2.809103e-09	-4.62284e-02	-1.58449e-03	
3052	2.846130e-02	6.120323e-09	-4.62239e-02	-1.58447e-03	
3053	2.847001e-02	5.454271e-09	-4.62213e-02	-1.58467e-03	
3054	2.847796e-02	1.818738e-09	-4.62173e-02	-1.58464e-03	
3055	2.848689e-02	-3.14677e-09	-4.62145e-02	-1.58483e-03	
3056	2.849556e-02	-5.87004e-09	-4.62103e-02	-1.58481e-03	
3057	2.850417e-02	-4.77586e-09	-4.62076e-02	-1.58500e-03	
3058	2.851452e-02	2.989206e-10	-4.62027e-02	-1.58500e-03	
3059	2.852412e-02	5.065664e-09	-4.61996e-02	-1.58520e-03	
3060	2.853298e-02	6.264412e-09	-4.61952e-02	-1.58518e-03	
3061	2.854224e-02	3.303775e-09	-4.61923e-02	-1.58538e-03	
3062	2.855101e-02	-1.61065e-09	-4.61880e-02	-1.58536e-03	
3063	2.855896e-02	-5.15979e-09	-4.61855e-02	-1.58555e-03	
3064	2.856734e-02	-5.72830e-09	-4.61814e-02	-1.58552e-03	
3065	2.857526e-02	-2.96467e-09	-4.61789e-02	-1.58571e-03	
3066	2.858365e-02	1.754345e-09	-4.61747e-02	-1.58568e-03	
3067	2.859163e-02	5.434866e-09	-4.61723e-02	-1.58587e-03	
3068	2.860011e-02	6.179481e-09	-4.61681e-02	-1.58585e-03	
3069	2.860973e-02	2.764671e-09	-4.61649e-02	-1.58606e-03	
3070	2.861964e-02	-2.70564e-09	-4.61601e-02	-1.58605e-03	

Index   time            l1#branch       v1#branch       v2#branch       
--------------------------------------------------------------------------------
3071	2.862895e-02	-5.82432e-09	-4.61571e-02	-1.58625e-03	
3072	2.863738e-02	-4.91539e-09	-4.61528e-02	-1.58622e-03	
3073	2.864525e-02	-1.20550e-09	-4.61504e-02	-1.58641e-03	
3074	2.865422e-02	3.747251e-09	-4.61459e-02	-1.58639e-03	
3075	2.866275e-02	6.299051e-09	-4.61432e-02	-1.58659e-03	
3076	2.867179e-02	4.937069e-09	-4.61387e-02	-1.58657e-03	
3077	2.868180e-02	-1.19725e-10	-4.61354e-02	-1.58678e-03	
3078	2.869143e-02	-4.80557e-09	-4.61306e-02	-1.58677e-03	
3079	2.870014e-02	-5.82573e-09	-4.61278e-02	-1.58697e-03	
3080	2.870925e-02	-2.81863e-09	-4.61233e-02	-1.58695e-03	
3081	2.871808e-02	2.137281e-09	-4.61204e-02	-1.58715e-03	
3082	2.872631e-02	5.699682e-09	-4.61162e-02	-1.58713e-03	
3083	2.873495e-02	6.018098e-09	-4.61134e-02	-1.58732e-03	
3084	2.874294e-02	2.994043e-09	-4.61093e-02	-1.58730e-03	
3085	2.875150e-02	-1.84545e-09	-4.61065e-02	-1.58749e-03	
3086	2.875938e-02	-5.25091e-09	-4.61025e-02	-1.58747e-03	
3087	2.876778e-02	-5.63852e-09	-4.60997e-02	-1.58766e-03	
3088	2.877725e-02	-2.01258e-09	-4.60950e-02	-1.58765e-03	
3089	2.878707e-02	3.402279e-09	-4.60917e-02	-1.58786e-03	
3090	2.879641e-02	6.309933e-09	-4.60870e-02	-1.58785e-03	
3091	2.880516e-02	5.049973e-09	-4.60841e-02	-1.58804e-03	
3092	2.881298e-02	1.173089e-09	-4.60801e-02	-1.58802e-03	
3093	2.882218e-02	-3.77834e-09	-4.60770e-02	-1.58822e-03	
3094	2.883057e-02	-5.92154e-09	-4.60727e-02	-1.58820e-03	
3095	2.883956e-02	-4.17034e-09	-4.60696e-02	-1.58840e-03	
3096	2.884913e-02	8.323010e-10	-4.60649e-02	-1.58839e-03	
3097	2.885763e-02	5.064454e-09	-4.60620e-02	-1.58859e-03	
3098	2.886619e-02	6.341108e-09	-4.60577e-02	-1.58857e-03	
3099	2.887549e-02	3.521430e-09	-4.60545e-02	-1.58877e-03	
3100	2.888428e-02	-1.37688e-09	-4.60500e-02	-1.58876e-03	
3101	2.889228e-02	-5.01766e-09	-4.60474e-02	-1.58895e-03	
3102	2.890055e-02	-5.71393e-09	-4.60431e-02	-1.58893e-03	
3103	2.890854e-02	-3.03834e-09	-4.60405e-02	-1.58912e-03	
3104	2.891696e-02	1.687376e-09	-4.60362e-02	-1.58910e-03	
3105	2.892500e-02	5.473968e-09	-4.60335e-02	-1.58929e-03	
3106	2.893350e-02	6.339835e-09	-4.60291e-02	-1.58927e-03	
3107	2.894316e-02	3.014399e-09	-4.60258e-02	-1.58948e-03	
3108	2.895313e-02	-2.45840e-09	-4.60207e-02	-1.58948e-03	
3109	2.896229e-02	-5.58943e-09	-4.60176e-02	-1.58968e-03	
3110	2.897063e-02	-4.80371e-09	-4.60133e-02	-1.58966e-03	
3111	2.897857e-02	-1.12977e-09	-4.60106e-02	-1.58985e-03	
3112	2.898745e-02	3.815464e-09	-4.60060e-02	-1.58984e-03	
3113	2.899606e-02	6.516101e-09	-4.60031e-02	-1.59003e-03	
3114	2.900516e-02	5.268904e-09	-4.59984e-02	-1.59002e-03	
3115	2.901535e-02	1.752782e-10	-4.59947e-02	-1.59024e-03	
3116	2.902504e-02	-4.54079e-09	-4.59898e-02	-1.59023e-03	
3117	2.903381e-02	-5.55178e-09	-4.59867e-02	-1.59043e-03	
3118	2.904267e-02	-2.62387e-09	-4.59821e-02	-1.59042e-03	
3119	2.905144e-02	2.321793e-09	-4.59790e-02	-1.59062e-03	
3120	2.905986e-02	6.038587e-09	-4.59745e-02	-1.59060e-03	
3121	2.906864e-02	6.405139e-09	-4.59714e-02	-1.59080e-03	
3122	2.907655e-02	3.441139e-09	-4.59671e-02	-1.59078e-03	
3123	2.908514e-02	-1.36738e-09	-4.59639e-02	-1.59097e-03	
3124	2.909292e-02	-4.70180e-09	-4.59596e-02	-1.59095e-03	
3125	2.910093e-02	-5.12780e-09	-4.59567e-02	-1.59114e-03	
3126	2.911006e-02	-1.73506e-09	-4.59517e-02	-1.59113e-03	
3127	2.911985e-02	3.797193e-09	-4.59478e-02	-1.59134e-03	
3128	2.912924e-02	7.141802e-09	-4.59425e-02	-1.59133e-03	

Index   time            l1#branch       v1#branch       v2#branch       
--------------------------------------------------------------------------------
3129	2.913850e-02	6.202235e-09	-4.59386e-02	-1.59153e-03	
3130	2.914618e-02	2.595579e-09	-4.59341e-02	-1.59177e-03	
3131	2.915537e-02	-2.21125e-09	-4.59306e-02	-1.59342e-03	
3132	2.916370e-02	-4.30486e-09	-4.59255e-02	-1.59432e-03	
3133	2.917135e-02	-2.97903e-09	-4.59221e-02	-1.59534e-03	
3134	2.918163e-02	2.391503e-09	-4.59154e-02	-1.59645e-03	
3135	2.919115e-02	7.592637e-09	-4.59102e-02	-1.59795e-03	
3136	2.920120e-02	9.317946e-09	-4.59018e-02	-1.59913e-03	
3137	2.921189e-02	6.083773e-09	-4.58929e-02	-1.60023e-03	
3138	2.922081e-02	1.744940e-09	-4.58821e-02	-1.60052e-03	
3139	2.922784e-02	-3.89404e-10	-4.58739e-02	-1.60067e-03	
3140	2.923249e-02	-4.08332e-10	-4.58666e-02	-1.60057e-03	
3141	2.923672e-02	7.131197e-10	-4.58613e-02	-1.60082e-03	
3142	2.924517e-02	5.416832e-09	-4.58464e-02	-1.60095e-03	
3143	2.925429e-02	1.178674e-08	-4.58297e-02	-1.60132e-03	
3144	2.926692e-02	1.686086e-08	-4.57988e-02	-1.60153e-03	
3145	2.927938e-02	1.554833e-08	-4.57621e-02	-1.60196e-03	
3146	2.928635e-02	1.330994e-08	-4.57356e-02	-1.60201e-03	
3147	2.929471e-02	1.225091e-08	-4.57006e-02	-1.60232e-03	
3148	2.930586e-02	1.655825e-08	-4.56412e-02	-1.60246e-03	
3149	2.931717e-02	2.675881e-08	-4.55670e-02	-1.60283e-03	
3150	2.932804e-02	3.737446e-08	-4.54749e-02	-1.60294e-03	
3151	2.934075e-02	4.488857e-08	-4.53389e-02	-1.60332e-03	
3152	2.934702e-02	4.626724e-08	-4.52554e-02	-1.60332e-03	
3153	2.935528e-02	4.762502e-08	-4.51296e-02	-1.60359e-03	
3154	2.936447e-02	5.151571e-08	-4.49589e-02	-1.60363e-03	
3155	2.937458e-02	6.111606e-08	-4.47301e-02	-1.60391e-03	
3156	2.938755e-02	7.916789e-08	-4.43473e-02	-1.60396e-03	
3157	2.939946e-02	9.478491e-08	-4.38819e-02	-1.60419e-03	
3158	2.940967e-02	1.028017e-07	-4.33580e-02	-1.60411e-03	
3159	2.942070e-02	1.060531e-07	-4.26185e-02	-1.60421e-03	
3160	2.942975e-02	1.074735e-07	-4.18354e-02	-1.60401e-03	
3161	2.943820e-02	1.103724e-07	-4.09419e-02	-1.60399e-03	
3162	2.944752e-02	1.158530e-07	-3.97823e-02	-1.60366e-03	
3163	2.945686e-02	1.217163e-07	-3.84890e-02	-1.60351e-03	
3164	2.946809e-02	1.250583e-07	-3.68352e-02	-1.60303e-03	
3165	2.948028e-02	1.223012e-07	-3.50000e-02	-1.60275e-03	
3166	2.948869e-02	1.181382e-07	-3.37273e-02	-1.60235e-03	
3167	2.949843e-02	1.149803e-07	-3.22575e-02	-1.60214e-03	
3168	2.950972e-02	1.165228e-07	-3.05589e-02	-1.60165e-03	
3169	2.951812e-02	1.208355e-07	-2.93041e-02	-1.60149e-03	
3170	2.952792e-02	1.258675e-07	-2.78458e-02	-1.60105e-03	
3171	2.954130e-02	1.271380e-07	-2.58728e-02	-1.60073e-03	
3172	2.954912e-02	1.242662e-07	-2.47271e-02	-1.60035e-03	
3173	2.955901e-02	1.194719e-07	-2.32939e-02	-1.60015e-03	
3174	2.956878e-02	1.170638e-07	-2.18895e-02	-1.59972e-03	
3175	2.957646e-02	1.183596e-07	-2.07968e-02	-1.59958e-03	
3176	2.958610e-02	1.230630e-07	-1.94389e-02	-1.59914e-03	
3177	2.959561e-02	1.279175e-07	-1.81174e-02	-1.59893e-03	
3178	2.960929e-02	1.291395e-07	-1.62481e-02	-1.59825e-03	
3179	2.962069e-02	1.246791e-07	-1.47377e-02	-1.59766e-03	
3180	2.962574e-02	1.220419e-07	-1.40630e-02	-1.59718e-03	
3181	2.962993e-02	1.202440e-07	-1.35107e-02	-1.59698e-03	
3182	2.963396e-02	1.191735e-07	-1.29828e-02	-1.59658e-03	
3183	2.964091e-02	1.192368e-07	-1.20884e-02	-1.59619e-03	
3184	2.965015e-02	1.224948e-07	-1.09263e-02	-1.59543e-03	
3185	2.966009e-02	1.273545e-07	-9.71988e-03	-1.59486e-03	
3186	2.967029e-02	1.298627e-07	-8.52966e-03	-1.59408e-03	

Index   time            l1#branch       v1#branch       v2#branch       
--------------------------------------------------------------------------------
3187	2.968187e-02	1.273442e-07	-7.25392e-03	-1.59346e-03	
3188	2.969023e-02	1.231292e-07	-6.38440e-03	-1.59286e-03	
3189	2.970013e-02	1.192526e-07	-5.42454e-03	-1.59241e-03	
3190	2.971181e-02	1.196663e-07	-4.39027e-03	-1.59170e-03	
3191	2.971973e-02	1.230049e-07	-3.76027e-03	-1.59143e-03	
3192	2.972943e-02	1.275716e-07	-3.06720e-03	-1.59091e-03	
3193	2.974105e-02	1.293027e-07	-2.36203e-03	-1.59057e-03	
3194	2.974868e-02	1.271713e-07	-1.97018e-03	-1.59022e-03	
3195	2.975895e-02	1.221176e-07	-1.53267e-03	-1.59003e-03	
3196	2.976840e-02	1.185361e-07	-1.20970e-03	-1.58970e-03	
3197	2.977819e-02	1.187474e-07	-9.49673e-04	-1.58962e-03	
3198	2.978859e-02	1.229383e-07	-7.37782e-04	-1.58937e-03	
3199	2.979885e-02	1.275625e-07	-5.84459e-04	-1.58938e-03	
3200	2.981026e-02	1.286057e-07	-4.58358e-04	-1.58921e-03	
3201	2.982156e-02	1.245626e-07	-3.71231e-04	-1.58930e-03	
3202	2.983150e-02	1.197701e-07	-3.12588e-04	-1.58920e-03	
3203	2.984172e-02	1.177915e-07	-2.68929e-04	-1.58933e-03	
3204	2.985319e-02	1.208361e-07	-2.28826e-04	-1.58928e-03	
3205	2.986190e-02	1.252206e-07	-2.06476e-04	-1.58944e-03	
3206	2.987162e-02	1.285167e-07	-1.82807e-04	-1.58940e-03	
3207	2.988307e-02	1.273336e-07	-1.61633e-04	-1.58960e-03	
3208	2.989120e-02	1.235927e-07	-1.46130e-04	-1.58958e-03	
3209	2.990092e-02	1.191414e-07	-1.31824e-04	-1.58979e-03	
3210	2.991434e-02	1.183078e-07	-1.10582e-04	-1.58990e-03	
3211	2.992239e-02	1.213651e-07	-1.00549e-04	-1.59015e-03	
3212	2.993244e-02	1.262906e-07	-8.55352e-05	-1.59031e-03	
3213	2.994252e-02	1.287803e-07	-7.33971e-05	-1.59073e-03	
3214	2.995029e-02	1.275598e-07	-6.19646e-05	-1.59100e-03	
3215	2.995997e-02	1.232238e-07	-5.06804e-05	-1.59168e-03	
3216	2.996954e-02	1.189874e-07	-3.72067e-05	-1.59256e-03	
3217	2.998363e-02	1.187128e-07	-2.05052e-05	-1.59506e-03	
3218	2.999501e-02	1.235710e-07	-4.95166e-06	-1.59942e-03	
3219	3.000633e-02	1.282607e-07	8.231703e-06	-1.60658e-03	
3220	3.001742e-02	1.282827e-07	2.338268e-05	-1.61728e-03	
3221	3.002821e-02	1.238149e-07	3.592089e-05	-1.62831e-03	
3222	3.003878e-02	1.189735e-07	5.031844e-05	-1.64092e-03	
3223	3.004981e-02	1.179741e-07	6.314237e-05	-1.65333e-03	
3224	3.006082e-02	1.219235e-07	7.806400e-05	-1.66710e-03	
3225	3.007160e-02	1.270564e-07	9.055538e-05	-1.67954e-03	
3226	3.008147e-02	1.288247e-07	1.040453e-04	-1.69218e-03	
3227	3.009262e-02	1.257410e-07	1.169833e-04	-1.70519e-03	
3228	3.010138e-02	1.212520e-07	1.290835e-04	-1.71658e-03	
3229	3.011105e-02	1.179065e-07	1.401288e-04	-1.72781e-03	
3230	3.012226e-02	1.190128e-07	1.553047e-04	-1.74225e-03	
3231	3.013041e-02	1.227780e-07	1.644318e-04	-1.75163e-03	
3232	3.014002e-02	1.273018e-07	1.776235e-04	-1.76417e-03	
3233	3.015283e-02	1.284193e-07	1.925865e-04	-1.77931e-03	
3234	3.016076e-02	1.255755e-07	2.036739e-04	-1.78981e-03	
3235	3.017062e-02	1.206297e-07	2.149076e-04	-1.80129e-03	
3236	3.017971e-02	1.177840e-07	2.274587e-04	-1.81324e-03	
3237	3.018802e-02	1.184645e-07	2.367354e-04	-1.82280e-03	
3238	3.019769e-02	1.225692e-07	2.500136e-04	-1.83549e-03	
3239	3.020726e-02	1.271386e-07	2.608562e-04	-1.84660e-03	
3240	3.021927e-02	1.285878e-07	2.770917e-04	-1.86221e-03	
3241	3.023038e-02	1.247161e-07	2.898456e-04	-1.87522e-03	
3242	3.023992e-02	1.199700e-07	3.029818e-04	-1.88778e-03	
3243	3.024987e-02	1.176265e-07	3.142570e-04	-1.89933e-03	
3244	3.026094e-02	1.201168e-07	3.293108e-04	-1.91379e-03	

Index   time            l1#branch       v1#branch       v2#branch       
--------------------------------------------------------------------------------
3245	3.026941e-02	1.244042e-07	3.387280e-04	-1.92351e-03	
3246	3.027910e-02	1.282420e-07	3.520519e-04	-1.93627e-03	
3247	3.029039e-02	1.279170e-07	3.649991e-04	-1.94948e-03	
3248	3.029839e-02	1.245276e-07	3.762156e-04	-1.96016e-03	
3249	3.030797e-02	1.198011e-07	3.869872e-04	-1.97122e-03	
3250	3.031875e-02	1.176363e-07	4.016724e-04	-1.98534e-03	
3251	3.032675e-02	1.194621e-07	4.104579e-04	-1.99443e-03	
3252	3.033675e-02	1.242820e-07	4.241735e-04	-2.00760e-03	
3253	3.034594e-02	1.280774e-07	4.344406e-04	-2.01815e-03	
3254	3.035614e-02	1.283100e-07	4.484021e-04	-2.03157e-03	
3255	3.036637e-02	1.243203e-07	4.599613e-04	-2.04340e-03	
3256	3.037652e-02	1.194431e-07	4.738490e-04	-2.05675e-03	
3257	3.038702e-02	1.176704e-07	4.857116e-04	-2.06888e-03	
3258	3.039811e-02	1.209213e-07	5.007796e-04	-2.08340e-03	
3259	3.040704e-02	1.254822e-07	5.106732e-04	-2.09359e-03	
3260	3.041658e-02	1.286154e-07	5.238082e-04	-2.10619e-03	
3261	3.042759e-02	1.273319e-07	5.362796e-04	-2.11893e-03	
3262	3.043583e-02	1.234694e-07	5.477851e-04	-2.12993e-03	
3263	3.044540e-02	1.190223e-07	5.584472e-04	-2.14088e-03	
3264	3.045860e-02	1.181564e-07	5.761064e-04	-2.15796e-03	
3265	3.046675e-02	1.212716e-07	5.849929e-04	-2.16715e-03	
3266	3.047667e-02	1.262167e-07	5.985780e-04	-2.18021e-03	
3267	3.048626e-02	1.287726e-07	6.092363e-04	-2.19116e-03	
3268	3.049434e-02	1.276372e-07	6.205359e-04	-2.20195e-03	
3269	3.050374e-02	1.234049e-07	6.309393e-04	-2.21265e-03	
3270	3.051303e-02	1.190616e-07	6.437295e-04	-2.22492e-03	
3271	3.052635e-02	1.181495e-07	6.589750e-04	-2.24041e-03	
3272	3.053738e-02	1.225255e-07	6.738999e-04	-2.25479e-03	
3273	3.054836e-02	1.275271e-07	6.862378e-04	-2.26740e-03	
3274	3.055863e-02	1.286187e-07	7.002212e-04	-2.28086e-03	
3275	3.056944e-02	1.249752e-07	7.123292e-04	-2.29325e-03	
3276	3.057993e-02	1.198476e-07	7.265550e-04	-2.30694e-03	
3277	3.058952e-02	1.176197e-07	7.371460e-04	-2.31782e-03	
3278	3.060046e-02	1.200480e-07	7.519061e-04	-2.33205e-03	
3279	3.060897e-02	1.243458e-07	7.611505e-04	-2.34160e-03	
3280	3.061863e-02	1.282064e-07	7.743273e-04	-2.35426e-03	
3281	3.062985e-02	1.279659e-07	7.868897e-04	-2.36709e-03	
3282	3.063784e-02	1.246228e-07	7.980100e-04	-2.37772e-03	
3283	3.064738e-02	1.198922e-07	8.084868e-04	-2.38849e-03	
3284	3.065785e-02	1.176193e-07	8.226313e-04	-2.40210e-03	
3285	3.066596e-02	1.193086e-07	8.313223e-04	-2.41110e-03	
3286	3.067597e-02	1.240806e-07	8.448915e-04	-2.42415e-03	
3287	3.068513e-02	1.279642e-07	8.548754e-04	-2.43444e-03	
3288	3.069586e-02	1.282973e-07	8.693251e-04	-2.44836e-03	
3289	3.070615e-02	1.242727e-07	8.806746e-04	-2.45999e-03	
3290	3.071636e-02	1.193866e-07	8.944518e-04	-2.47325e-03	
3291	3.072679e-02	1.176742e-07	9.059426e-04	-2.48503e-03	
3292	3.073776e-02	1.209101e-07	9.206384e-04	-2.49919e-03	
3293	3.074671e-02	1.254782e-07	9.303019e-04	-2.50916e-03	
3294	3.075623e-02	1.286110e-07	9.432186e-04	-2.52156e-03	
3295	3.076716e-02	1.273600e-07	9.552869e-04	-2.53391e-03	
3296	3.077541e-02	1.235071e-07	9.666289e-04	-2.54476e-03	
3297	3.078495e-02	1.190563e-07	9.769809e-04	-2.55540e-03	
3298	3.079793e-02	1.180992e-07	9.940678e-04	-2.57194e-03	
3299	3.080605e-02	1.211260e-07	1.002661e-03	-2.58085e-03	
3300	3.081591e-02	1.260594e-07	1.015929e-03	-2.59360e-03	
3301	3.082517e-02	1.287256e-07	1.025909e-03	-2.60388e-03	
3302	3.083327e-02	1.278262e-07	1.037033e-03	-2.61451e-03	

Index   time            l1#branch       v1#branch       v2#branch       
--------------------------------------------------------------------------------
3303	3.084266e-02	1.237277e-07	1.047149e-03	-2.62493e-03	
3304	3.085196e-02	1.192862e-07	1.059694e-03	-2.63697e-03	
3305	3.086448e-02	1.179112e-07	1.073575e-03	-2.65111e-03	
3306	3.087544e-02	1.218674e-07	1.088110e-03	-2.66512e-03	
3307	3.088510e-02	1.266296e-07	1.098513e-03	-2.67582e-03	
3308	3.089509e-02	1.288054e-07	1.111866e-03	-2.68866e-03	
3309	3.090601e-02	1.261730e-07	1.123772e-03	-2.70085e-03	
3310	3.091457e-02	1.218220e-07	1.135371e-03	-2.71195e-03	
3311	3.092422e-02	1.181069e-07	1.145705e-03	-2.72258e-03	
3312	3.093530e-02	1.185650e-07	1.160311e-03	-2.73666e-03	
3313	3.094335e-02	1.220214e-07	1.168717e-03	-2.74538e-03	
3314	3.095287e-02	1.267018e-07	1.181427e-03	-2.75759e-03	
3315	3.096369e-02	1.287809e-07	1.193144e-03	-2.76959e-03	
3316	3.097185e-02	1.268211e-07	1.204207e-03	-2.78016e-03	
3317	3.098153e-02	1.220999e-07	1.214524e-03	-2.79078e-03	
3318	3.099052e-02	1.183723e-07	1.226566e-03	-2.80232e-03	
3319	3.100055e-02	1.180694e-07	1.237277e-03	-2.81332e-03	
3320	3.101062e-02	1.219172e-07	1.250578e-03	-2.82611e-03	
3321	3.102061e-02	1.267856e-07	1.261221e-03	-2.83705e-03	
3322	3.103093e-02	1.287907e-07	1.274803e-03	-2.85012e-03	
3323	3.104195e-02	1.258396e-07	1.286650e-03	-2.86225e-03	
3324	3.105056e-02	1.214318e-07	1.298166e-03	-2.87327e-03	
3325	3.106023e-02	1.179494e-07	1.308380e-03	-2.88379e-03	
3326	3.107121e-02	1.187855e-07	1.322675e-03	-2.89756e-03	
3327	3.107935e-02	1.224359e-07	1.331056e-03	-2.90626e-03	
3328	3.108887e-02	1.270205e-07	1.343604e-03	-2.91830e-03	
3329	3.110055e-02	1.286522e-07	1.356156e-03	-2.93113e-03	
3330	3.110870e-02	1.261904e-07	1.367069e-03	-2.94156e-03	
3331	3.111794e-02	1.215372e-07	1.376700e-03	-2.95149e-03	
3332	3.112672e-02	1.181513e-07	1.388321e-03	-2.96262e-03	
3333	3.113604e-02	1.181339e-07	1.398022e-03	-2.97262e-03	
3334	3.114585e-02	1.219564e-07	1.410836e-03	-2.98493e-03	
3335	3.115558e-02	1.267285e-07	1.421004e-03	-2.99540e-03	
3336	3.116619e-02	1.287873e-07	1.434738e-03	-3.00862e-03	
3337	3.117719e-02	1.258029e-07	1.446359e-03	-3.02053e-03	
3338	3.118580e-02	1.213922e-07	1.457718e-03	-3.03139e-03	
3339	3.119545e-02	1.179395e-07	1.467726e-03	-3.04170e-03	
3340	3.120638e-02	1.187946e-07	1.481768e-03	-3.05523e-03	
3341	3.121454e-02	1.224558e-07	1.490010e-03	-3.06379e-03	
3342	3.122404e-02	1.270310e-07	1.502363e-03	-3.07564e-03	
3343	3.123574e-02	1.286485e-07	1.514708e-03	-3.08827e-03	
3344	3.124391e-02	1.261642e-07	1.525496e-03	-3.09857e-03	
3345	3.125315e-02	1.215092e-07	1.534944e-03	-3.10832e-03	
3346	3.126193e-02	1.181372e-07	1.546405e-03	-3.11929e-03	
3347	3.127118e-02	1.181353e-07	1.555839e-03	-3.12903e-03	
3348	3.128095e-02	1.219396e-07	1.568409e-03	-3.14110e-03	
3349	3.129064e-02	1.267000e-07	1.578335e-03	-3.15133e-03	
3350	3.130125e-02	1.287908e-07	1.591860e-03	-3.16434e-03	
3351	3.131223e-02	1.258415e-07	1.603240e-03	-3.17601e-03	
3352	3.132080e-02	1.214509e-07	1.614378e-03	-3.18666e-03	
3353	3.133047e-02	1.179591e-07	1.624203e-03	-3.19679e-03	
3354	3.134138e-02	1.187580e-07	1.638001e-03	-3.21007e-03	
3355	3.134953e-02	1.223907e-07	1.646063e-03	-3.21846e-03	
3356	3.135902e-02	1.269793e-07	1.658203e-03	-3.23010e-03	
3357	3.137054e-02	1.286823e-07	1.670094e-03	-3.24228e-03	
3358	3.137875e-02	1.262752e-07	1.680747e-03	-3.25244e-03	
3359	3.138791e-02	1.216703e-07	1.689909e-03	-3.26192e-03	
3360	3.139671e-02	1.182057e-07	1.701206e-03	-3.27272e-03	

Index   time            l1#branch       v1#branch       v2#branch       
--------------------------------------------------------------------------------
3361	3.140611e-02	1.180992e-07	1.710607e-03	-3.28243e-03	
3362	3.141591e-02	1.218682e-07	1.723001e-03	-3.29432e-03	
3363	3.142564e-02	1.266555e-07	1.732756e-03	-3.30438e-03	
3364	3.143610e-02	1.287998e-07	1.745874e-03	-3.31699e-03	
3365	3.144709e-02	1.259454e-07	1.757028e-03	-3.32844e-03	
3366	3.145566e-02	1.215653e-07	1.767967e-03	-3.33889e-03	
3367	3.146532e-02	1.180025e-07	1.777574e-03	-3.34881e-03	
3368	3.147624e-02	1.186873e-07	1.791123e-03	-3.36184e-03	
3369	3.148436e-02	1.222611e-07	1.798972e-03	-3.37002e-03	
3370	3.149384e-02	1.268777e-07	1.810880e-03	-3.38143e-03	
3371	3.150504e-02	1.287340e-07	1.822148e-03	-3.39299e-03	
3372	3.151329e-02	1.264858e-07	1.832650e-03	-3.40301e-03	
3373	3.152256e-02	1.218641e-07	1.841732e-03	-3.41240e-03	
3374	3.153132e-02	1.183089e-07	1.852771e-03	-3.42295e-03	
3375	3.154100e-02	1.180622e-07	1.862258e-03	-3.43274e-03	
3376	3.155086e-02	1.218077e-07	1.874494e-03	-3.44448e-03	
3377	3.156067e-02	1.266331e-07	1.884102e-03	-3.45440e-03	
3378	3.157096e-02	1.288053e-07	1.896777e-03	-3.46657e-03	
3379	3.158188e-02	1.260635e-07	1.907585e-03	-3.47768e-03	
3380	3.159045e-02	1.216935e-07	1.918319e-03	-3.48792e-03	
3381	3.160009e-02	1.180575e-07	1.927663e-03	-3.49758e-03	
3382	3.161101e-02	1.186051e-07	1.940941e-03	-3.51034e-03	
3383	3.161910e-02	1.221066e-07	1.948558e-03	-3.51829e-03	
3384	3.162857e-02	1.267528e-07	1.960212e-03	-3.52945e-03	
3385	3.163940e-02	1.287777e-07	1.970806e-03	-3.54034e-03	
3386	3.164769e-02	1.267270e-07	1.981136e-03	-3.55019e-03	
3387	3.165711e-02	1.220924e-07	1.990150e-03	-3.55952e-03	
3388	3.166595e-02	1.184084e-07	2.001042e-03	-3.56992e-03	
3389	3.167588e-02	1.180316e-07	2.010564e-03	-3.57975e-03	
3390	3.168582e-02	1.217593e-07	2.022619e-03	-3.59131e-03	
3391	3.169569e-02	1.266186e-07	2.032050e-03	-3.60105e-03	
3392	3.170585e-02	1.288084e-07	2.044304e-03	-3.61280e-03	
3393	3.171670e-02	1.261575e-07	2.054757e-03	-3.62356e-03	
3394	3.172528e-02	1.217976e-07	2.065266e-03	-3.63358e-03	
3395	3.173489e-02	1.181048e-07	2.074333e-03	-3.64296e-03	
3396	3.174581e-02	1.185400e-07	2.087314e-03	-3.65544e-03	
3397	3.175388e-02	1.219806e-07	2.094691e-03	-3.66314e-03	
3398	3.176333e-02	1.266476e-07	2.106074e-03	-3.67403e-03	
3399	3.177388e-02	1.288001e-07	2.116068e-03	-3.68433e-03	
3400	3.178219e-02	1.269167e-07	2.126201e-03	-3.69398e-03	
3401	3.179174e-02	1.222825e-07	2.135088e-03	-3.70319e-03	
3402	3.180063e-02	1.184974e-07	2.145791e-03	-3.71340e-03	
3403	3.181088e-02	1.180237e-07	2.155384e-03	-3.72331e-03	
3404	3.182089e-02	1.217692e-07	2.167238e-03	-3.73466e-03	
3405	3.183084e-02	1.266535e-07	2.176474e-03	-3.74421e-03	
3406	3.184092e-02	1.288089e-07	2.188365e-03	-3.75561e-03	
3407	3.185173e-02	1.261662e-07	2.198463e-03	-3.76601e-03	
3408	3.186032e-02	1.217994e-07	2.208745e-03	-3.77581e-03	
3409	3.186992e-02	1.181086e-07	2.217526e-03	-3.78491e-03	
3410	3.188081e-02	1.185311e-07	2.230166e-03	-3.79704e-03	
3411	3.188889e-02	1.219643e-07	2.237313e-03	-3.80452e-03	
3412	3.189833e-02	1.266308e-07	2.248409e-03	-3.81513e-03	
3413	3.190881e-02	1.288036e-07	2.258033e-03	-3.82506e-03	
3414	3.191715e-02	1.269465e-07	2.267946e-03	-3.83449e-03	
3415	3.192669e-02	1.223255e-07	2.276546e-03	-3.84341e-03	
3416	3.193556e-02	1.185241e-07	2.286974e-03	-3.85336e-03	
3417	3.194592e-02	1.180233e-07	2.296371e-03	-3.86306e-03	
3418	3.195594e-02	1.217686e-07	2.307928e-03	-3.87413e-03	

Index   time            l1#branch       v1#branch       v2#branch       
--------------------------------------------------------------------------------
3419	3.196589e-02	1.266557e-07	2.316878e-03	-3.88339e-03	
3420	3.197595e-02	1.288098e-07	2.328439e-03	-3.89446e-03	
3421	3.198673e-02	1.261855e-07	2.338183e-03	-3.90451e-03	
3422	3.199533e-02	1.218185e-07	2.348208e-03	-3.91406e-03	
3423	3.200492e-02	1.181192e-07	2.356689e-03	-3.92286e-03	
3424	3.201579e-02	1.185139e-07	2.368972e-03	-3.93464e-03	
3425	3.202385e-02	1.219312e-07	2.375870e-03	-3.94187e-03	
3426	3.203329e-02	1.266000e-07	2.386663e-03	-3.95218e-03	
3427	3.204367e-02	1.288079e-07	2.395868e-03	-3.96170e-03	
3428	3.205204e-02	1.269997e-07	2.405543e-03	-3.97089e-03	
3429	3.206158e-02	1.223911e-07	2.413861e-03	-3.97953e-03	
3430	3.207046e-02	1.185612e-07	2.424007e-03	-3.98920e-03	
3431	3.208098e-02	1.180273e-07	2.433250e-03	-3.99875e-03	
3432	3.209102e-02	1.217861e-07	2.444509e-03	-4.00952e-03	
3433	3.210100e-02	1.266783e-07	2.453168e-03	-4.01850e-03	
3434	3.211104e-02	1.288100e-07	2.464390e-03	-4.02923e-03	
3435	3.212179e-02	1.261799e-07	2.473761e-03	-4.03892e-03	
3436	3.213040e-02	1.218063e-07	2.483521e-03	-4.04820e-03	
3437	3.213998e-02	1.181162e-07	2.491685e-03	-4.05668e-03	
3438	3.215082e-02	1.185132e-07	2.503586e-03	-4.06809e-03	
3439	3.215890e-02	1.219310e-07	2.510229e-03	-4.07507e-03	
3440	3.216832e-02	1.265964e-07	2.520702e-03	-4.08505e-03	
3441	3.217867e-02	1.288092e-07	2.529539e-03	-4.09421e-03	
3442	3.218706e-02	1.270065e-07	2.538959e-03	-4.10315e-03	
3443	3.219658e-02	1.224125e-07	2.546937e-03	-4.11146e-03	
3444	3.220543e-02	1.185788e-07	2.556768e-03	-4.12081e-03	
3445	3.221599e-02	1.180221e-07	2.565695e-03	-4.13005e-03	
3446	3.222602e-02	1.217665e-07	2.576605e-03	-4.14047e-03	
3447	3.223599e-02	1.266595e-07	2.584925e-03	-4.14911e-03	
3448	3.224600e-02	1.288115e-07	2.595778e-03	-4.15948e-03	
3449	3.225672e-02	1.262240e-07	2.604761e-03	-4.16878e-03	
3450	3.226533e-02	1.218571e-07	2.614225e-03	-4.17777e-03	
3451	3.227490e-02	1.181408e-07	2.622055e-03	-4.18592e-03	
3452	3.228572e-02	1.184799e-07	2.633570e-03	-4.19694e-03	
3453	3.229378e-02	1.218647e-07	2.639928e-03	-4.20364e-03	
3454	3.230320e-02	1.265377e-07	2.650064e-03	-4.21330e-03	
3455	3.231340e-02	1.288127e-07	2.658403e-03	-4.22196e-03	
3456	3.232181e-02	1.271016e-07	2.667554e-03	-4.23064e-03	
3457	3.233138e-02	1.225187e-07	2.675254e-03	-4.23866e-03	
3458	3.234025e-02	1.186353e-07	2.684789e-03	-4.24772e-03	
3459	3.235110e-02	1.180339e-07	2.693625e-03	-4.25688e-03	
3460	3.236118e-02	1.218170e-07	2.704225e-03	-4.26699e-03	
3461	3.237120e-02	1.267190e-07	2.712245e-03	-4.27533e-03	
3462	3.238121e-02	1.288101e-07	2.722737e-03	-4.28534e-03	
3463	3.239190e-02	1.261730e-07	2.731315e-03	-4.29424e-03	
3464	3.240054e-02	1.217874e-07	2.740492e-03	-4.30294e-03	
3465	3.241010e-02	1.181126e-07	2.747977e-03	-4.31076e-03	
3466	3.242088e-02	1.185089e-07	2.759065e-03	-4.32135e-03	
3467	3.242896e-02	1.219247e-07	2.765152e-03	-4.32778e-03	
3468	3.243837e-02	1.265843e-07	2.774937e-03	-4.33709e-03	
3469	3.244866e-02	1.288117e-07	2.782994e-03	-4.34547e-03	
3470	3.245709e-02	1.270225e-07	2.791857e-03	-4.35387e-03	
3471	3.246657e-02	1.224562e-07	2.799120e-03	-4.36146e-03	
3472	3.247538e-02	1.186143e-07	2.808279e-03	-4.37014e-03	
3473	3.248601e-02	1.180123e-07	2.816517e-03	-4.37871e-03	
3474	3.249601e-02	1.217290e-07	2.826682e-03	-4.38839e-03	
3475	3.250597e-02	1.266234e-07	2.834274e-03	-4.39631e-03	
3476	3.251592e-02	1.288136e-07	2.844346e-03	-4.40590e-03	

Index   time            l1#branch       v1#branch       v2#branch       
--------------------------------------------------------------------------------
3477	3.252658e-02	1.263082e-07	2.852504e-03	-4.41438e-03	
3478	3.253519e-02	1.219554e-07	2.861334e-03	-4.42274e-03	
3479	3.254473e-02	1.181897e-07	2.868450e-03	-4.43019e-03	
3480	3.255553e-02	1.184168e-07	2.879140e-03	-4.44039e-03	
3481	3.256357e-02	1.217363e-07	2.884893e-03	-4.44649e-03	
3482	3.257296e-02	1.264213e-07	2.894309e-03	-4.45543e-03	
3483	3.258299e-02	1.288112e-07	2.901756e-03	-4.46321e-03	
3484	3.259147e-02	1.272351e-07	2.910336e-03	-4.47132e-03	
3485	3.260113e-02	1.226681e-07	2.917401e-03	-4.47872e-03	
3486	3.261001e-02	1.187197e-07	2.926282e-03	-4.48713e-03	
3487	3.262128e-02	1.180490e-07	2.934667e-03	-4.49584e-03	
3488	3.263141e-02	1.218781e-07	2.944553e-03	-4.50524e-03	
3489	3.264150e-02	1.267899e-07	2.951875e-03	-4.51290e-03	
3490	3.265150e-02	1.288078e-07	2.961593e-03	-4.52214e-03	
3491	3.266213e-02	1.261232e-07	2.969318e-03	-4.53019e-03	
3492	3.267080e-02	1.217152e-07	2.977861e-03	-4.53827e-03	
3493	3.268035e-02	1.180862e-07	2.984609e-03	-4.54535e-03	
3494	3.269107e-02	1.185325e-07	2.994810e-03	-4.55507e-03	
3495	3.269917e-02	1.219750e-07	3.000299e-03	-4.56090e-03	
3496	3.270855e-02	1.266192e-07	3.009340e-03	-4.56947e-03	
3497	3.271894e-02	1.288101e-07	3.016681e-03	-4.57715e-03	
3498	3.272742e-02	1.269454e-07	3.024927e-03	-4.58493e-03	
3499	3.273677e-02	1.224084e-07	3.031358e-03	-4.59170e-03	
3500	3.274551e-02	1.186080e-07	3.039762e-03	-4.59963e-03	
3501	3.275593e-02	1.179861e-07	3.047008e-03	-4.60721e-03	
3502	3.276585e-02	1.216199e-07	3.056316e-03	-4.61604e-03	
3503	3.277572e-02	1.265037e-07	3.063068e-03	-4.62313e-03	
3504	3.278560e-02	1.288128e-07	3.072287e-03	-4.63188e-03	
3505	3.279620e-02	1.264846e-07	3.079562e-03	-4.63949e-03	
3506	3.280477e-02	1.221788e-07	3.087682e-03	-4.64714e-03	
3507	3.281429e-02	1.183010e-07	3.094023e-03	-4.65382e-03	
3508	3.282510e-02	1.183018e-07	3.103859e-03	-4.66318e-03	
3509	3.283309e-02	1.214900e-07	3.108939e-03	-4.66861e-03	
3510	3.284245e-02	1.261978e-07	3.117581e-03	-4.67678e-03	
3511	3.285217e-02	1.287839e-07	3.123979e-03	-4.68352e-03	
3512	3.286073e-02	1.274865e-07	3.131941e-03	-4.69102e-03	
3513	3.287061e-02	1.229400e-07	3.138410e-03	-4.69783e-03	
3514	3.287957e-02	1.188665e-07	3.146624e-03	-4.70558e-03	
3515	3.289169e-02	1.180956e-07	3.154760e-03	-4.71404e-03	
3516	3.290197e-02	1.220593e-07	3.163935e-03	-4.72274e-03	
3517	3.291222e-02	1.269844e-07	3.170562e-03	-4.72970e-03	
3518	3.292226e-02	1.287888e-07	3.179489e-03	-4.73816e-03	
3519	3.293284e-02	1.259080e-07	3.186301e-03	-4.74531e-03	
3520	3.294159e-02	1.214421e-07	3.194184e-03	-4.75273e-03	
3521	3.295112e-02	1.179814e-07	3.200144e-03	-4.75903e-03	
3522	3.296175e-02	1.186689e-07	3.209376e-03	-4.76779e-03	
3523	3.296991e-02	1.222442e-07	3.214251e-03	-4.77302e-03	
3524	3.297929e-02	1.268298e-07	3.222498e-03	-4.78080e-03	
3525	3.299011e-02	1.287740e-07	3.229301e-03	-4.78794e-03	
3526	3.299863e-02	1.265788e-07	3.236857e-03	-4.79503e-03	
3527	3.300760e-02	1.221123e-07	3.242233e-03	-4.80076e-03	
3528	3.301649e-02	1.184084e-07	3.250010e-03	-4.80807e-03	
3529	3.302603e-02	1.179792e-07	3.255738e-03	-4.81415e-03	
3530	3.303567e-02	1.214820e-07	3.264008e-03	-4.82195e-03	
3531	3.304527e-02	1.262804e-07	3.269731e-03	-4.82802e-03	
3532	3.305520e-02	1.288016e-07	3.278152e-03	-4.83597e-03	
3533	3.306579e-02	1.266872e-07	3.284526e-03	-4.84269e-03	
3534	3.307431e-02	1.224571e-07	3.291870e-03	-4.84957e-03	

Index   time            l1#branch       v1#branch       v2#branch       
--------------------------------------------------------------------------------
3535	3.308379e-02	1.184478e-07	3.297391e-03	-4.85545e-03	
3536	3.309471e-02	1.181905e-07	3.306377e-03	-4.86396e-03	
3537	3.310269e-02	1.212537e-07	3.310773e-03	-4.86871e-03	
3538	3.311204e-02	1.259750e-07	3.318594e-03	-4.87607e-03	
3539	3.312145e-02	1.287284e-07	3.323951e-03	-4.88178e-03	
3540	3.313005e-02	1.277241e-07	3.331199e-03	-4.88857e-03	
3541	3.313907e-02	1.237146e-07	3.336229e-03	-4.89395e-03	
3542	3.314802e-02	1.193939e-07	3.343667e-03	-4.90093e-03	
3543	3.316047e-02	1.178737e-07	3.350988e-03	-4.90858e-03	
3544	3.317100e-02	1.215451e-07	3.359439e-03	-4.91656e-03	
3545	3.318038e-02	1.262510e-07	3.364589e-03	-4.92207e-03	
3546	3.319010e-02	1.287912e-07	3.372425e-03	-4.92944e-03	
3547	3.320057e-02	1.268260e-07	3.378259e-03	-4.93562e-03	
3548	3.320909e-02	1.226341e-07	3.385223e-03	-4.94213e-03	
3549	3.321854e-02	1.185544e-07	3.390296e-03	-4.94755e-03	
3550	3.322957e-02	1.181280e-07	3.398870e-03	-4.95565e-03	
3551	3.323765e-02	1.211621e-07	3.402981e-03	-4.96013e-03	
3552	3.324695e-02	1.258693e-07	3.410349e-03	-4.96703e-03	
3553	3.325626e-02	1.286964e-07	3.415217e-03	-4.97226e-03	
3554	3.326486e-02	1.278216e-07	3.422080e-03	-4.97867e-03	
3555	3.327390e-02	1.238721e-07	3.426721e-03	-4.98367e-03	
3556	3.328288e-02	1.195040e-07	3.433765e-03	-4.99025e-03	
3557	3.329498e-02	1.177980e-07	3.440312e-03	-4.99714e-03	
3558	3.330550e-02	1.212679e-07	3.448272e-03	-5.00463e-03	
3559	3.331463e-02	1.259010e-07	3.452844e-03	-5.00956e-03	
3560	3.332419e-02	1.287262e-07	3.460139e-03	-5.01640e-03	
3561	3.333463e-02	1.271911e-07	3.465477e-03	-5.02209e-03	
3562	3.334305e-02	1.231785e-07	3.471988e-03	-5.02815e-03	
3563	3.335244e-02	1.188904e-07	3.476606e-03	-5.03312e-03	
3564	3.336408e-02	1.180080e-07	3.485049e-03	-5.04110e-03	
3565	3.337243e-02	1.209937e-07	3.488958e-03	-5.04537e-03	
3566	3.338172e-02	1.257027e-07	3.495889e-03	-5.05184e-03	
3567	3.339078e-02	1.286278e-07	3.500189e-03	-5.05650e-03	
3568	3.339937e-02	1.279895e-07	3.506641e-03	-5.06250e-03	
3569	3.340846e-02	1.241535e-07	3.510899e-03	-5.06712e-03	
3570	3.341748e-02	1.197032e-07	3.517557e-03	-5.07332e-03	
3571	3.342905e-02	1.177012e-07	3.523227e-03	-5.07934e-03	
3572	3.343957e-02	1.208216e-07	3.530697e-03	-5.08635e-03	
3573	3.344830e-02	1.252935e-07	3.534614e-03	-5.09063e-03	
3574	3.345776e-02	1.285530e-07	3.541404e-03	-5.09697e-03	
3575	3.346820e-02	1.276612e-07	3.546269e-03	-5.10219e-03	
3576	3.347645e-02	1.239709e-07	3.552291e-03	-5.10776e-03	
3577	3.348578e-02	1.194551e-07	3.556444e-03	-5.11228e-03	
3578	3.349703e-02	1.177351e-07	3.564123e-03	-5.11949e-03	
3579	3.350564e-02	1.202308e-07	3.567794e-03	-5.12353e-03	
3580	3.351451e-02	1.247139e-07	3.574051e-03	-5.12933e-03	
3581	3.352354e-02	1.282528e-07	3.577913e-03	-5.13356e-03	
3582	3.353235e-02	1.284234e-07	3.584090e-03	-5.13929e-03	
3583	3.354170e-02	1.249770e-07	3.588075e-03	-5.14364e-03	
3584	3.355099e-02	1.202951e-07	3.594457e-03	-5.14957e-03	
3585	3.356114e-02	1.176494e-07	3.598808e-03	-5.15428e-03	
3586	3.357170e-02	1.197079e-07	3.605812e-03	-5.16082e-03	
3587	3.358020e-02	1.239149e-07	3.609200e-03	-5.16458e-03	
3588	3.358967e-02	1.279538e-07	3.615549e-03	-5.17048e-03	
3589	3.360055e-02	1.282993e-07	3.620163e-03	-5.17545e-03	
3590	3.360866e-02	1.252293e-07	3.625723e-03	-5.18056e-03	
3591	3.361791e-02	1.205438e-07	3.629399e-03	-5.18461e-03	
3592	3.362731e-02	1.177340e-07	3.635581e-03	-5.19034e-03	

Index   time            l1#branch       v1#branch       v2#branch       
--------------------------------------------------------------------------------
3593	3.363602e-02	1.187014e-07	3.638904e-03	-5.19403e-03	
3594	3.364497e-02	1.226669e-07	3.644794e-03	-5.19947e-03	
3595	3.365387e-02	1.269844e-07	3.648169e-03	-5.20322e-03	
3596	3.366615e-02	1.286173e-07	3.655709e-03	-5.21029e-03	
3597	3.367660e-02	1.250908e-07	3.659805e-03	-5.21475e-03	
3598	3.368581e-02	1.204308e-07	3.665694e-03	-5.22019e-03	
3599	3.369540e-02	1.176970e-07	3.669283e-03	-5.22415e-03	
3600	3.370577e-02	1.193416e-07	3.675680e-03	-5.23009e-03	
3601	3.371423e-02	1.234087e-07	3.678641e-03	-5.23343e-03	
3602	3.372362e-02	1.276404e-07	3.684490e-03	-5.23883e-03	
3603	3.373500e-02	1.284300e-07	3.688825e-03	-5.24353e-03	
3604	3.374336e-02	1.254268e-07	3.694110e-03	-5.24837e-03	
3605	3.375257e-02	1.207494e-07	3.697319e-03	-5.25195e-03	
3606	3.376171e-02	1.178118e-07	3.702917e-03	-5.25710e-03	
3607	3.377039e-02	1.184980e-07	3.705807e-03	-5.26036e-03	
3608	3.377941e-02	1.223379e-07	3.711289e-03	-5.26540e-03	
3609	3.378838e-02	1.267562e-07	3.714263e-03	-5.26874e-03	
3610	3.380001e-02	1.287395e-07	3.720900e-03	-5.27493e-03	
3611	3.381045e-02	1.256179e-07	3.724487e-03	-5.27888e-03	
3612	3.381919e-02	1.211411e-07	3.729710e-03	-5.28366e-03	
3613	3.382863e-02	1.178936e-07	3.732763e-03	-5.28709e-03	
3614	3.383900e-02	1.187702e-07	3.738653e-03	-5.29253e-03	
3615	3.384726e-02	1.224537e-07	3.741114e-03	-5.29537e-03	
3616	3.385657e-02	1.269661e-07	3.746469e-03	-5.30028e-03	
3617	3.386780e-02	1.287204e-07	3.750189e-03	-5.30436e-03	
3618	3.387649e-02	1.262188e-07	3.755207e-03	-5.30894e-03	
3619	3.388533e-02	1.217499e-07	3.757806e-03	-5.31192e-03	
3620	3.389438e-02	1.181972e-07	3.762917e-03	-5.31658e-03	
3621	3.390312e-02	1.180111e-07	3.765413e-03	-5.31946e-03	
3622	3.391241e-02	1.214045e-07	3.770557e-03	-5.32416e-03	
3623	3.392163e-02	1.260656e-07	3.773202e-03	-5.32718e-03	
3624	3.393172e-02	1.287868e-07	3.778625e-03	-5.33216e-03	
3625	3.394220e-02	1.268638e-07	3.781725e-03	-5.33563e-03	
3626	3.395069e-02	1.227002e-07	3.786415e-03	-5.33988e-03	
3627	3.396012e-02	1.185952e-07	3.789009e-03	-5.34285e-03	
3628	3.397108e-02	1.180876e-07	3.794622e-03	-5.34802e-03	
3629	3.397933e-02	1.211419e-07	3.796678e-03	-5.35045e-03	
3630	3.398850e-02	1.258003e-07	3.801519e-03	-5.35485e-03	
3631	3.399784e-02	1.286836e-07	3.803950e-03	-5.35767e-03	
3632	3.400660e-02	1.278168e-07	3.808572e-03	-5.36185e-03	
3633	3.401554e-02	1.239125e-07	3.810784e-03	-5.36444e-03	
3634	3.402441e-02	1.195701e-07	3.815385e-03	-5.36860e-03	
3635	3.403641e-02	1.177690e-07	3.818680e-03	-5.37227e-03	
3636	3.404679e-02	1.210915e-07	3.823766e-03	-5.37691e-03	
3637	3.405577e-02	1.256699e-07	3.825858e-03	-5.37939e-03	
3638	3.406521e-02	1.286612e-07	3.830533e-03	-5.38362e-03	
3639	3.407550e-02	1.274504e-07	3.833041e-03	-5.38651e-03	
3640	3.408386e-02	1.235860e-07	3.837259e-03	-5.39029e-03	
3641	3.409318e-02	1.191849e-07	3.839344e-03	-5.39276e-03	
3642	3.410523e-02	1.179180e-07	3.844789e-03	-5.39775e-03	
3643	3.411393e-02	1.208968e-07	3.846582e-03	-5.39993e-03	
3644	3.412314e-02	1.255752e-07	3.850966e-03	-5.40388e-03	
3645	3.413212e-02	1.285784e-07	3.852804e-03	-5.40610e-03	
3646	3.414084e-02	1.280506e-07	3.856965e-03	-5.40983e-03	
3647	3.414986e-02	1.243039e-07	3.858754e-03	-5.41200e-03	
3648	3.415882e-02	1.198481e-07	3.862929e-03	-5.41574e-03	
3649	3.417010e-02	1.176625e-07	3.865384e-03	-5.41857e-03	
3650	3.418050e-02	1.205056e-07	3.869944e-03	-5.42269e-03	

Index   time            l1#branch       v1#branch       v2#branch       
--------------------------------------------------------------------------------
3651	3.418907e-02	1.248874e-07	3.871453e-03	-5.42459e-03	
3652	3.419856e-02	1.284128e-07	3.875665e-03	-5.42837e-03	
3653	3.420894e-02	1.279168e-07	3.877681e-03	-5.43077e-03	
3654	3.421709e-02	1.244527e-07	3.881409e-03	-5.43406e-03	
3655	3.422637e-02	1.198550e-07	3.883011e-03	-5.43605e-03	
3656	3.423688e-02	1.176375e-07	3.887383e-03	-5.43999e-03	
3657	3.424569e-02	1.196335e-07	3.888774e-03	-5.44176e-03	
3658	3.425470e-02	1.240561e-07	3.892632e-03	-5.44519e-03	
3659	3.426357e-02	1.278819e-07	3.893989e-03	-5.44693e-03	
3660	3.427353e-02	1.285006e-07	3.898062e-03	-5.45057e-03	
3661	3.428310e-02	1.250921e-07	3.899552e-03	-5.45245e-03	
3662	3.429264e-02	1.203026e-07	3.903428e-03	-5.45589e-03	
3663	3.430235e-02	1.176708e-07	3.904878e-03	-5.45773e-03	
3664	3.431266e-02	1.194683e-07	3.908885e-03	-5.46130e-03	
3665	3.432117e-02	1.236049e-07	3.909945e-03	-5.46275e-03	
3666	3.433054e-02	1.277559e-07	3.913640e-03	-5.46602e-03	
3667	3.434158e-02	1.284129e-07	3.915301e-03	-5.46807e-03	
3668	3.434997e-02	1.253723e-07	3.918670e-03	-5.47101e-03	
3669	3.435907e-02	1.207390e-07	3.919761e-03	-5.47249e-03	
3670	3.436836e-02	1.177940e-07	3.923288e-03	-5.47558e-03	
3671	3.437718e-02	1.185774e-07	3.924241e-03	-5.47693e-03	
3672	3.438609e-02	1.224268e-07	3.927613e-03	-5.47987e-03	
3673	3.439494e-02	1.267848e-07	3.928517e-03	-5.48117e-03	
3674	3.440671e-02	1.287225e-07	3.932504e-03	-5.48472e-03	
3675	3.441703e-02	1.255790e-07	3.933677e-03	-5.48629e-03	
3676	3.442581e-02	1.210834e-07	3.936885e-03	-5.48907e-03	
3677	3.443521e-02	1.178815e-07	3.937770e-03	-5.49034e-03	
3678	3.444545e-02	1.187618e-07	3.941229e-03	-5.49337e-03	
3679	3.445373e-02	1.224497e-07	3.941804e-03	-5.49434e-03	
3680	3.446300e-02	1.269481e-07	3.944990e-03	-5.49710e-03	
3681	3.447427e-02	1.287210e-07	3.946138e-03	-5.49864e-03	
3682	3.448310e-02	1.261714e-07	3.949161e-03	-5.50124e-03	
3683	3.449206e-02	1.216393e-07	3.949755e-03	-5.50223e-03	
3684	3.450108e-02	1.181551e-07	3.952749e-03	-5.50479e-03	
3685	3.450995e-02	1.180712e-07	3.953258e-03	-5.50570e-03	
3686	3.451912e-02	1.215063e-07	3.956216e-03	-5.50823e-03	
3687	3.452824e-02	1.261149e-07	3.956714e-03	-5.50912e-03	
3688	3.453846e-02	1.287972e-07	3.959806e-03	-5.51179e-03	
3689	3.454887e-02	1.267988e-07	3.960469e-03	-5.51285e-03	
3690	3.455739e-02	1.225988e-07	3.963179e-03	-5.51513e-03	
3691	3.456679e-02	1.185456e-07	3.963587e-03	-5.51594e-03	
3692	3.457754e-02	1.180877e-07	3.966602e-03	-5.51853e-03	
3693	3.458587e-02	1.211749e-07	3.966760e-03	-5.51908e-03	
3694	3.459495e-02	1.257942e-07	3.969435e-03	-5.52134e-03	
3695	3.460439e-02	1.286914e-07	3.969717e-03	-5.52202e-03	
3696	3.461330e-02	1.277543e-07	3.972302e-03	-5.52418e-03	
3697	3.462212e-02	1.238590e-07	3.972423e-03	-5.52470e-03	
3698	3.463089e-02	1.195680e-07	3.974921e-03	-5.52678e-03	
3699	3.464296e-02	1.177769e-07	3.975434e-03	-5.52768e-03	
3700	3.465323e-02	1.210783e-07	3.978062e-03	-5.52989e-03	
3701	3.466221e-02	1.256547e-07	3.978064e-03	-5.53029e-03	
3702	3.467161e-02	1.286532e-07	3.980511e-03	-5.53232e-03	
3703	3.468179e-02	1.275027e-07	3.980605e-03	-5.53281e-03	
3704	3.469016e-02	1.236647e-07	3.982850e-03	-5.53464e-03	
3705	3.469943e-02	1.192545e-07	3.982756e-03	-5.53495e-03	
3706	3.471134e-02	1.178696e-07	3.985342e-03	-5.53711e-03	
3707	3.472018e-02	1.208124e-07	3.985121e-03	-5.53729e-03	
3708	3.472926e-02	1.254350e-07	3.987314e-03	-5.53906e-03	

Index   time            l1#branch       v1#branch       v2#branch       
--------------------------------------------------------------------------------
3709	3.473830e-02	1.285407e-07	3.987060e-03	-5.53921e-03	
3710	3.474717e-02	1.280776e-07	3.989170e-03	-5.54090e-03	
3711	3.475612e-02	1.243871e-07	3.988844e-03	-5.54098e-03	
3712	3.476502e-02	1.199386e-07	3.990890e-03	-5.54261e-03	
3713	3.477613e-02	1.176460e-07	3.990685e-03	-5.54281e-03	
3714	3.478642e-02	1.203060e-07	3.992774e-03	-5.54447e-03	
3715	3.479501e-02	1.246716e-07	3.992276e-03	-5.54438e-03	
3716	3.480445e-02	1.283141e-07	3.994231e-03	-5.54592e-03	
3717	3.481475e-02	1.280638e-07	3.993804e-03	-5.54590e-03	
3718	3.482285e-02	1.247528e-07	3.995591e-03	-5.54727e-03	
3719	3.483206e-02	1.201289e-07	3.995013e-03	-5.54710e-03	
3720	3.484219e-02	1.176379e-07	3.996864e-03	-5.54853e-03	
3721	3.485116e-02	1.193125e-07	3.996198e-03	-5.54827e-03	
3722	3.486035e-02	1.237108e-07	3.997924e-03	-5.54958e-03	
3723	3.486910e-02	1.276442e-07	3.997189e-03	-5.54925e-03	
3724	3.488003e-02	1.284923e-07	3.998940e-03	-5.55059e-03	
3725	3.488974e-02	1.250112e-07	3.998180e-03	-5.55024e-03	
3726	3.489944e-02	1.201687e-07	3.999787e-03	-5.55143e-03	
3727	3.490905e-02	1.176580e-07	3.998943e-03	-5.55099e-03	
3728	3.491922e-02	1.195046e-07	4.000486e-03	-5.55212e-03	
3729	3.492778e-02	1.236799e-07	3.999540e-03	-5.55158e-03	
3730	3.493712e-02	1.277880e-07	4.000994e-03	-5.55263e-03	
3731	3.494796e-02	1.284214e-07	4.000043e-03	-5.55208e-03	
3732	3.495643e-02	1.253591e-07	4.001408e-03	-5.55304e-03	
3733	3.496544e-02	1.207666e-07	4.000345e-03	-5.55238e-03	
3734	3.497480e-02	1.177925e-07	4.001654e-03	-5.55328e-03	
3735	3.498376e-02	1.186146e-07	4.000521e-03	-5.55256e-03	
3736	3.499256e-02	1.224446e-07	4.001761e-03	-5.55339e-03	
3737	3.500132e-02	1.267625e-07	4.000571e-03	-5.55261e-03	
3738	3.501310e-02	1.287248e-07	4.001745e-03	-5.55337e-03	
3739	3.502331e-02	1.256424e-07	4.000474e-03	-5.55251e-03	
3740	3.503204e-02	1.211710e-07	4.001580e-03	-5.55321e-03	
3741	3.504144e-02	1.179095e-07	4.000239e-03	-5.55228e-03	
3742	3.505158e-02	1.186779e-07	4.001249e-03	-5.55288e-03	
3743	3.505984e-02	1.223019e-07	3.999864e-03	-5.55191e-03	
3744	3.506906e-02	1.268181e-07	4.000831e-03	-5.55246e-03	
3745	3.508013e-02	1.287608e-07	3.999310e-03	-5.55136e-03	
3746	3.508910e-02	1.263295e-07	4.000214e-03	-5.55185e-03	
3747	3.509822e-02	1.217512e-07	3.998679e-03	-5.55073e-03	
3748	3.510716e-02	1.182219e-07	3.999513e-03	-5.55116e-03	
3749	3.511618e-02	1.180382e-07	3.997911e-03	-5.54997e-03	
3750	3.512530e-02	1.214039e-07	3.998673e-03	-5.55032e-03	
3751	3.513438e-02	1.260055e-07	3.997009e-03	-5.54908e-03	
3752	3.514444e-02	1.287758e-07	3.997658e-03	-5.54932e-03	
3753	3.515469e-02	1.269967e-07	3.995859e-03	-5.54794e-03	
3754	3.516320e-02	1.228698e-07	3.996526e-03	-5.54820e-03	
3755	3.517254e-02	1.187169e-07	3.994707e-03	-5.54679e-03	
3756	3.518344e-02	1.179983e-07	3.995134e-03	-5.54682e-03	
3757	3.519200e-02	1.210574e-07	3.993299e-03	-5.54540e-03	
3758	3.520098e-02	1.256371e-07	3.993800e-03	-5.54549e-03	
3759	3.521032e-02	1.286391e-07	3.991849e-03	-5.54396e-03	
3760	3.521932e-02	1.278519e-07	3.992287e-03	-5.54399e-03	
3761	3.522810e-02	1.240498e-07	3.990319e-03	-5.54244e-03	
3762	3.523683e-02	1.197299e-07	3.990714e-03	-5.54243e-03	
3763	3.524852e-02	1.177036e-07	3.988394e-03	-5.54053e-03	
3764	3.525868e-02	1.206959e-07	3.988569e-03	-5.54031e-03	
3765	3.526732e-02	1.251208e-07	3.986477e-03	-5.53863e-03	
3766	3.527675e-02	1.284877e-07	3.986665e-03	-5.53842e-03	

Index   time            l1#branch       v1#branch       v2#branch       
--------------------------------------------------------------------------------
3767	3.528687e-02	1.278564e-07	3.984349e-03	-5.53653e-03	
3768	3.529510e-02	1.243149e-07	3.984604e-03	-5.53638e-03	
3769	3.530429e-02	1.197705e-07	3.982321e-03	-5.53451e-03	
3770	3.531510e-02	1.176509e-07	3.982192e-03	-5.53398e-03	
3771	3.532413e-02	1.198960e-07	3.979855e-03	-5.53207e-03	
3772	3.533333e-02	1.244705e-07	3.979857e-03	-5.53167e-03	
3773	3.534221e-02	1.281005e-07	3.977484e-03	-5.52972e-03	
3774	3.535132e-02	1.284848e-07	3.977438e-03	-5.52927e-03	
3775	3.536047e-02	1.252322e-07	3.974964e-03	-5.52722e-03	
3776	3.536959e-02	1.206003e-07	3.974846e-03	-5.52670e-03	
3777	3.537938e-02	1.177136e-07	3.972205e-03	-5.52448e-03	
3778	3.538953e-02	1.191926e-07	3.971858e-03	-5.52374e-03	
3779	3.539797e-02	1.231925e-07	3.969353e-03	-5.52165e-03	
3780	3.540726e-02	1.274747e-07	3.969076e-03	-5.52098e-03	
3781	3.541860e-02	1.285201e-07	3.966044e-03	-5.51838e-03	
3782	3.542739e-02	1.254924e-07	3.965778e-03	-5.51771e-03	
3783	3.543636e-02	1.209157e-07	3.963061e-03	-5.51542e-03	
3784	3.544555e-02	1.178540e-07	3.962655e-03	-5.51461e-03	
3785	3.545458e-02	1.184962e-07	3.959859e-03	-5.51224e-03	
3786	3.546336e-02	1.222260e-07	3.959463e-03	-5.51145e-03	
3787	3.547211e-02	1.265839e-07	3.956663e-03	-5.50907e-03	
3788	3.548349e-02	1.287794e-07	3.955720e-03	-5.50774e-03	
3789	3.549362e-02	1.260176e-07	3.952587e-03	-5.50503e-03	
3790	3.550224e-02	1.216238e-07	3.952092e-03	-5.50414e-03	
3791	3.551164e-02	1.180754e-07	3.949024e-03	-5.50150e-03	
3792	3.552177e-02	1.184122e-07	3.948153e-03	-5.50024e-03	
3793	3.552991e-02	1.217723e-07	3.945277e-03	-5.49779e-03	
3794	3.553907e-02	1.263644e-07	3.944544e-03	-5.49666e-03	
3795	3.554936e-02	1.288110e-07	3.941159e-03	-5.49370e-03	
3796	3.555848e-02	1.269855e-07	3.940369e-03	-5.49252e-03	
3797	3.556780e-02	1.224767e-07	3.937119e-03	-5.48970e-03	
3798	3.557655e-02	1.186461e-07	3.936341e-03	-5.48853e-03	
3799	3.558672e-02	1.179281e-07	3.932824e-03	-5.48544e-03	
3800	3.559612e-02	1.212308e-07	3.931828e-03	-5.48405e-03	
3801	3.560551e-02	1.259699e-07	3.928425e-03	-5.48108e-03	
3802	3.561507e-02	1.287360e-07	3.927330e-03	-5.47959e-03	
3803	3.562511e-02	1.272528e-07	3.923703e-03	-5.47640e-03	
3804	3.563359e-02	1.232385e-07	3.922800e-03	-5.47510e-03	
3805	3.564285e-02	1.189691e-07	3.919292e-03	-5.47202e-03	
3806	3.565411e-02	1.179104e-07	3.917613e-03	-5.46996e-03	
3807	3.566293e-02	1.209322e-07	3.914144e-03	-5.46692e-03	
3808	3.567185e-02	1.254888e-07	3.912999e-03	-5.46538e-03	
3809	3.568106e-02	1.285787e-07	3.909372e-03	-5.46219e-03	
3810	3.569015e-02	1.279498e-07	3.908126e-03	-5.46055e-03	
3811	3.569890e-02	1.242383e-07	3.904560e-03	-5.45742e-03	
3812	3.570761e-02	1.198875e-07	3.903347e-03	-5.45581e-03	
3813	3.571895e-02	1.176566e-07	3.898988e-03	-5.45189e-03	
3814	3.572904e-02	1.203584e-07	3.897313e-03	-5.44983e-03	
3815	3.573766e-02	1.247468e-07	3.893652e-03	-5.44660e-03	
3816	3.574704e-02	1.283328e-07	3.892116e-03	-5.44468e-03	
3817	3.575713e-02	1.280789e-07	3.887967e-03	-5.44097e-03	
3818	3.576535e-02	1.247314e-07	3.886711e-03	-5.43932e-03	
3819	3.577444e-02	1.201561e-07	3.882786e-03	-5.43583e-03	
3820	3.578467e-02	1.176344e-07	3.880851e-03	-5.43351e-03	
3821	3.579386e-02	1.193907e-07	3.876826e-03	-5.42992e-03	
3822	3.580325e-02	1.239064e-07	3.875082e-03	-5.42779e-03	
3823	3.581197e-02	1.277524e-07	3.871149e-03	-5.42429e-03	
3824	3.582229e-02	1.285137e-07	3.869045e-03	-5.42181e-03	

Index   time            l1#branch       v1#branch       v2#branch       
--------------------------------------------------------------------------------
3825	3.583169e-02	1.252146e-07	3.864830e-03	-5.41803e-03	
3826	3.584108e-02	1.204745e-07	3.862949e-03	-5.41576e-03	
3827	3.585061e-02	1.177075e-07	3.858617e-03	-5.41187e-03	
3828	3.586060e-02	1.191588e-07	3.856463e-03	-5.40933e-03	
3829	3.586908e-02	1.231611e-07	3.852415e-03	-5.40572e-03	
3830	3.587832e-02	1.274384e-07	3.850455e-03	-5.40337e-03	
3831	3.588957e-02	1.285465e-07	3.845402e-03	-5.39877e-03	
3832	3.589845e-02	1.255315e-07	3.843496e-03	-5.39647e-03	
3833	3.590739e-02	1.209670e-07	3.839167e-03	-5.39258e-03	
3834	3.591659e-02	1.178673e-07	3.837079e-03	-5.39011e-03	
3835	3.592573e-02	1.184912e-07	3.832616e-03	-5.38609e-03	
3836	3.593444e-02	1.221871e-07	3.830641e-03	-5.38373e-03	
3837	3.594317e-02	1.265447e-07	3.826272e-03	-5.37980e-03	
3838	3.595447e-02	1.287852e-07	3.823291e-03	-5.37644e-03	
3839	3.596450e-02	1.261235e-07	3.818369e-03	-5.37196e-03	
3840	3.597313e-02	1.217357e-07	3.816302e-03	-5.36951e-03	
3841	3.598250e-02	1.181284e-07	3.811558e-03	-5.36521e-03	
3842	3.599254e-02	1.183244e-07	3.808881e-03	-5.36215e-03	
3843	3.600082e-02	1.216655e-07	3.804492e-03	-5.35820e-03	
3844	3.600986e-02	1.262243e-07	3.802146e-03	-5.35548e-03	
3845	3.602006e-02	1.287997e-07	3.796951e-03	-5.35073e-03	
3846	3.602932e-02	1.270840e-07	3.794454e-03	-5.34785e-03	
3847	3.603877e-02	1.225543e-07	3.789486e-03	-5.34333e-03	
3848	3.604747e-02	1.187052e-07	3.787147e-03	-5.34061e-03	
3849	3.605784e-02	1.179216e-07	3.781727e-03	-5.33563e-03	
3850	3.606721e-02	1.212026e-07	3.779047e-03	-5.33258e-03	
3851	3.607658e-02	1.259339e-07	3.773978e-03	-5.32795e-03	
3852	3.608608e-02	1.287223e-07	3.771184e-03	-5.32478e-03	
3853	3.609602e-02	1.273258e-07	3.765811e-03	-5.31986e-03	
3854	3.610450e-02	1.233479e-07	3.763383e-03	-5.31705e-03	
3855	3.611371e-02	1.190531e-07	3.758247e-03	-5.31236e-03	
3856	3.612505e-02	1.178787e-07	3.754512e-03	-5.30825e-03	
3857	3.613402e-02	1.209050e-07	3.749413e-03	-5.30360e-03	
3858	3.614305e-02	1.255066e-07	3.746620e-03	-5.30043e-03	
3859	3.615221e-02	1.285749e-07	3.741385e-03	-5.29564e-03	
3860	3.616138e-02	1.279253e-07	3.738470e-03	-5.29235e-03	
3861	3.617005e-02	1.242346e-07	3.733393e-03	-5.28772e-03	
3862	3.617882e-02	1.198649e-07	3.730598e-03	-5.28454e-03	
3863	3.619011e-02	1.176548e-07	3.724254e-03	-5.27865e-03	
3864	3.620009e-02	1.203202e-07	3.720830e-03	-5.27486e-03	
3865	3.620874e-02	1.247165e-07	3.715637e-03	-5.27011e-03	
3866	3.621809e-02	1.283113e-07	3.712448e-03	-5.26655e-03	
3867	3.622808e-02	1.281190e-07	3.706568e-03	-5.26112e-03	
3868	3.623640e-02	1.247666e-07	3.703802e-03	-5.25798e-03	
3869	3.624540e-02	1.202220e-07	3.698324e-03	-5.25295e-03	
3870	3.625563e-02	1.176362e-07	3.694577e-03	-5.24883e-03	
3871	3.626495e-02	1.193717e-07	3.688877e-03	-5.24358e-03	
3872	3.627445e-02	1.239308e-07	3.685418e-03	-5.23975e-03	
3873	3.628314e-02	1.277574e-07	3.679974e-03	-5.23475e-03	
3874	3.629336e-02	1.285201e-07	3.676095e-03	-5.23051e-03	
3875	3.630265e-02	1.252854e-07	3.670293e-03	-5.22516e-03	
3876	3.631194e-02	1.205826e-07	3.666809e-03	-5.22130e-03	
3877	3.632142e-02	1.177317e-07	3.660841e-03	-5.21578e-03	
3878	3.633131e-02	1.190266e-07	3.656981e-03	-5.21155e-03	
3879	3.633977e-02	1.229530e-07	3.651475e-03	-5.20650e-03	
3880	3.634896e-02	1.272827e-07	3.647918e-03	-5.20257e-03	
3881	3.636137e-02	1.284608e-07	3.640311e-03	-5.19543e-03	
3882	3.637055e-02	1.251622e-07	3.636684e-03	-5.19143e-03	

Index   time            l1#branch       v1#branch       v2#branch       
--------------------------------------------------------------------------------
3883	3.637980e-02	1.204825e-07	3.630642e-03	-5.18584e-03	
3884	3.638918e-02	1.177188e-07	3.626848e-03	-5.18168e-03	
3885	3.639843e-02	1.188802e-07	3.620740e-03	-5.17603e-03	
3886	3.640699e-02	1.227738e-07	3.617327e-03	-5.17224e-03	
3887	3.641596e-02	1.270857e-07	3.611315e-03	-5.16668e-03	
3888	3.642826e-02	1.285635e-07	3.605820e-03	-5.16083e-03	
3889	3.643812e-02	1.251762e-07	3.599254e-03	-5.15472e-03	
3890	3.644803e-02	1.202363e-07	3.594971e-03	-5.15008e-03	
3891	3.645725e-02	1.176838e-07	3.588692e-03	-5.14425e-03	
3892	3.646705e-02	1.191850e-07	3.584402e-03	-5.13960e-03	
3893	3.647560e-02	1.232346e-07	3.578432e-03	-5.13408e-03	
3894	3.648479e-02	1.274700e-07	3.574428e-03	-5.12971e-03	
3895	3.649581e-02	1.285549e-07	3.567013e-03	-5.12276e-03	
3896	3.650477e-02	1.255320e-07	3.563075e-03	-5.11845e-03	
3897	3.651379e-02	1.209376e-07	3.556731e-03	-5.11257e-03	
3898	3.652298e-02	1.178565e-07	3.552593e-03	-5.10806e-03	
3899	3.653225e-02	1.185336e-07	3.546042e-03	-5.10197e-03	
3900	3.654085e-02	1.222123e-07	3.542196e-03	-5.09775e-03	
3901	3.654967e-02	1.266015e-07	3.535851e-03	-5.09186e-03	
3902	3.656095e-02	1.287741e-07	3.530377e-03	-5.08604e-03	
3903	3.657083e-02	1.261182e-07	3.523341e-03	-5.07946e-03	
3904	3.657951e-02	1.217107e-07	3.519336e-03	-5.07509e-03	
3905	3.658883e-02	1.181243e-07	3.512572e-03	-5.06878e-03	
3906	3.659874e-02	1.182921e-07	3.507759e-03	-5.06361e-03	
3907	3.660712e-02	1.216550e-07	3.501499e-03	-5.05781e-03	
3908	3.661607e-02	1.261762e-07	3.497220e-03	-5.05316e-03	
3909	3.662632e-02	1.287934e-07	3.489772e-03	-5.04618e-03	
3910	3.663574e-02	1.270476e-07	3.485142e-03	-5.04119e-03	
3911	3.664532e-02	1.224473e-07	3.478043e-03	-5.03455e-03	
3912	3.665399e-02	1.186472e-07	3.473811e-03	-5.02996e-03	
3913	3.666405e-02	1.179021e-07	3.466344e-03	-5.02295e-03	
3914	3.667323e-02	1.210731e-07	3.461735e-03	-5.01798e-03	
3915	3.668241e-02	1.257357e-07	3.454760e-03	-5.01147e-03	
3916	3.669186e-02	1.286695e-07	3.449933e-03	-5.00628e-03	
3917	3.670167e-02	1.275190e-07	3.442501e-03	-4.99932e-03	
3918	3.671010e-02	1.236690e-07	3.438266e-03	-4.99472e-03	
3919	3.671925e-02	1.192951e-07	3.431197e-03	-4.98811e-03	
3920	3.673130e-02	1.178565e-07	3.424552e-03	-4.98112e-03	
3921	3.674059e-02	1.209828e-07	3.417319e-03	-4.97435e-03	
3922	3.674996e-02	1.257253e-07	3.412349e-03	-4.96902e-03	
3923	3.675905e-02	1.286275e-07	3.405205e-03	-4.96234e-03	
3924	3.676834e-02	1.277707e-07	3.400234e-03	-4.95701e-03	
3925	3.677684e-02	1.240443e-07	3.393422e-03	-4.95066e-03	
3926	3.678577e-02	1.196514e-07	3.388631e-03	-4.94551e-03	
3927	3.679731e-02	1.176997e-07	3.379723e-03	-4.93707e-03	
3928	3.680712e-02	1.205702e-07	3.374273e-03	-4.93127e-03	
3929	3.681585e-02	1.250264e-07	3.367197e-03	-4.92466e-03	
3930	3.682516e-02	1.284281e-07	3.362031e-03	-4.91913e-03	
3931	3.683497e-02	1.279981e-07	3.354166e-03	-4.91174e-03	
3932	3.684330e-02	1.245323e-07	3.349619e-03	-4.90683e-03	
3933	3.685231e-02	1.200186e-07	3.342243e-03	-4.89992e-03	
3934	3.686291e-02	1.176224e-07	3.336067e-03	-4.89339e-03	
3935	3.687232e-02	1.197021e-07	3.328345e-03	-4.88614e-03	
3936	3.688190e-02	1.243993e-07	3.322820e-03	-4.88026e-03	
3937	3.689063e-02	1.280257e-07	3.315529e-03	-4.87343e-03	
3938	3.690017e-02	1.284513e-07	3.309975e-03	-4.86752e-03	
3939	3.690911e-02	1.252499e-07	3.302481e-03	-4.86050e-03	
3940	3.691805e-02	1.206942e-07	3.297296e-03	-4.85495e-03	

Index   time            l1#branch       v1#branch       v2#branch       
--------------------------------------------------------------------------------
3941	3.692777e-02	1.177319e-07	3.289190e-03	-4.84732e-03	
3942	3.693759e-02	1.189859e-07	3.283311e-03	-4.84109e-03	
3943	3.694603e-02	1.228894e-07	3.276062e-03	-4.83430e-03	
3944	3.695519e-02	1.272263e-07	3.270609e-03	-4.82850e-03	
3945	3.696751e-02	1.284930e-07	3.260506e-03	-4.81888e-03	
3946	3.697685e-02	1.251973e-07	3.254860e-03	-4.81288e-03	
3947	3.698624e-02	1.204566e-07	3.246811e-03	-4.80530e-03	
3948	3.699555e-02	1.177156e-07	3.241123e-03	-4.79926e-03	
3949	3.700492e-02	1.189068e-07	3.233033e-03	-4.79164e-03	
3950	3.701347e-02	1.228135e-07	3.227857e-03	-4.78611e-03	
3951	3.702249e-02	1.271275e-07	3.219981e-03	-4.77870e-03	
3952	3.703481e-02	1.285351e-07	3.211933e-03	-4.77032e-03	
3953	3.704453e-02	1.251588e-07	3.203469e-03	-4.76233e-03	
3954	3.705431e-02	1.202737e-07	3.197260e-03	-4.75578e-03	
3955	3.706356e-02	1.176841e-07	3.189087e-03	-4.74808e-03	
3956	3.707324e-02	1.191215e-07	3.182886e-03	-4.74153e-03	
3957	3.708180e-02	1.231447e-07	3.175190e-03	-4.73430e-03	
3958	3.709094e-02	1.273946e-07	3.169353e-03	-4.72811e-03	
3959	3.710235e-02	1.285310e-07	3.159416e-03	-4.71866e-03	
3960	3.711152e-02	1.253815e-07	3.153498e-03	-4.71239e-03	
3961	3.712074e-02	1.207030e-07	3.145189e-03	-4.70456e-03	
3962	3.712999e-02	1.177797e-07	3.139153e-03	-4.69817e-03	
3963	3.713939e-02	1.187222e-07	3.130648e-03	-4.69014e-03	
3964	3.714784e-02	1.224715e-07	3.125184e-03	-4.68432e-03	
3965	3.715684e-02	1.268678e-07	3.116946e-03	-4.67655e-03	
3966	3.716849e-02	1.286918e-07	3.108913e-03	-4.66819e-03	
3967	3.717820e-02	1.257378e-07	3.100055e-03	-4.65981e-03	
3968	3.718697e-02	1.212545e-07	3.094237e-03	-4.65364e-03	
3969	3.719627e-02	1.179460e-07	3.085654e-03	-4.64553e-03	
3970	3.720597e-02	1.184733e-07	3.079031e-03	-4.63856e-03	
3971	3.721433e-02	1.219928e-07	3.071151e-03	-4.63115e-03	
3972	3.722332e-02	1.264837e-07	3.065057e-03	-4.62471e-03	
3973	3.723410e-02	1.287944e-07	3.055169e-03	-4.61531e-03	
3974	3.724360e-02	1.265505e-07	3.048619e-03	-4.60842e-03	
3975	3.725323e-02	1.217879e-07	3.039604e-03	-4.59988e-03	
3976	3.726197e-02	1.182755e-07	3.033606e-03	-4.59353e-03	
3977	3.727155e-02	1.180676e-07	3.024579e-03	-4.58498e-03	
3978	3.728035e-02	1.213564e-07	3.018479e-03	-4.57853e-03	
3979	3.728915e-02	1.258432e-07	3.010053e-03	-4.57058e-03	
3980	3.729913e-02	1.287328e-07	3.002938e-03	-4.56313e-03	
3981	3.730892e-02	1.272742e-07	2.993633e-03	-4.55430e-03	
3982	3.731743e-02	1.232619e-07	2.987686e-03	-4.54801e-03	
3983	3.732660e-02	1.190101e-07	2.978853e-03	-4.53965e-03	
3984	3.733804e-02	1.178986e-07	2.970387e-03	-4.53086e-03	
3985	3.734726e-02	1.210897e-07	2.961447e-03	-4.52239e-03	
3986	3.735652e-02	1.257844e-07	2.954765e-03	-4.51537e-03	
3987	3.736581e-02	1.286609e-07	2.945726e-03	-4.50681e-03	
3988	3.737527e-02	1.276211e-07	2.938833e-03	-4.49957e-03	
3989	3.738374e-02	1.238123e-07	2.930439e-03	-4.49165e-03	
3990	3.739277e-02	1.194386e-07	2.923857e-03	-4.48473e-03	
3991	3.740465e-02	1.177787e-07	2.912484e-03	-4.47385e-03	
3992	3.741429e-02	1.208705e-07	2.905313e-03	-4.46634e-03	
3993	3.742401e-02	1.257562e-07	2.895743e-03	-4.45725e-03	
3994	3.743292e-02	1.286103e-07	2.889171e-03	-4.45034e-03	
3995	3.744249e-02	1.277147e-07	2.879682e-03	-4.44133e-03	
3996	3.745089e-02	1.240012e-07	2.873502e-03	-4.43481e-03	
3997	3.745994e-02	1.195745e-07	2.864417e-03	-4.42620e-03	
3998	3.747146e-02	1.177085e-07	2.855446e-03	-4.41691e-03	

Index   time            l1#branch       v1#branch       v2#branch       
--------------------------------------------------------------------------------
3999	3.748097e-02	1.205184e-07	2.845899e-03	-4.40784e-03	
4000	3.749057e-02	1.253526e-07	2.838556e-03	-4.40016e-03	
4001	3.749941e-02	1.284676e-07	2.829567e-03	-4.39165e-03	
4002	3.750889e-02	1.279994e-07	2.822286e-03	-4.38403e-03	
4003	3.751741e-02	1.244524e-07	2.813533e-03	-4.37576e-03	
4004	3.752628e-02	1.200041e-07	2.806753e-03	-4.36863e-03	
4005	3.753709e-02	1.176188e-07	2.795895e-03	-4.35827e-03	
4006	3.754677e-02	1.198732e-07	2.788327e-03	-4.35036e-03	
4007	3.755545e-02	1.242056e-07	2.779340e-03	-4.34186e-03	
4008	3.756467e-02	1.280366e-07	2.772154e-03	-4.33433e-03	
4009	3.757448e-02	1.283875e-07	2.762097e-03	-4.32476e-03	
4010	3.758323e-02	1.251816e-07	2.755289e-03	-4.31761e-03	
4011	3.759198e-02	1.207075e-07	2.746152e-03	-4.30896e-03	
4012	3.760179e-02	1.177213e-07	2.738316e-03	-4.30079e-03	
4013	3.761142e-02	1.189373e-07	2.728327e-03	-4.29128e-03	
4014	3.761990e-02	1.228362e-07	2.721668e-03	-4.28428e-03	
4015	3.762900e-02	1.271661e-07	2.712126e-03	-4.27522e-03	
4016	3.764127e-02	1.285171e-07	2.701931e-03	-4.26472e-03	
4017	3.765082e-02	1.251857e-07	2.691907e-03	-4.25518e-03	
4018	3.766044e-02	1.203592e-07	2.684108e-03	-4.24705e-03	
4019	3.766970e-02	1.176953e-07	2.674312e-03	-4.23774e-03	
4020	3.767924e-02	1.190064e-07	2.666522e-03	-4.22961e-03	
4021	3.768778e-02	1.229667e-07	2.657356e-03	-4.22093e-03	
4022	3.769687e-02	1.272540e-07	2.649965e-03	-4.21320e-03	
4023	3.770950e-02	1.284248e-07	2.636902e-03	-4.20065e-03	
4024	3.771902e-02	1.249424e-07	2.629044e-03	-4.19246e-03	
4025	3.772859e-02	1.201582e-07	2.618814e-03	-4.18272e-03	
4026	3.773809e-02	1.176468e-07	2.610928e-03	-4.17450e-03	
4027	3.774765e-02	1.192453e-07	2.600656e-03	-4.16472e-03	
4028	3.775630e-02	1.233699e-07	2.593532e-03	-4.15725e-03	
4029	3.776542e-02	1.275312e-07	2.583645e-03	-4.14785e-03	
4030	3.777635e-02	1.285191e-07	2.574295e-03	-4.13818e-03	
4031	3.778553e-02	1.253550e-07	2.564301e-03	-4.12868e-03	
4032	3.779475e-02	1.206789e-07	2.556550e-03	-4.12059e-03	
4033	3.780406e-02	1.177622e-07	2.546386e-03	-4.11092e-03	
4034	3.781360e-02	1.187843e-07	2.538273e-03	-4.10247e-03	
4035	3.782203e-02	1.225702e-07	2.528917e-03	-4.09360e-03	
4036	3.783108e-02	1.269566e-07	2.521247e-03	-4.08560e-03	
4037	3.784291e-02	1.286420e-07	2.508545e-03	-4.07340e-03	
4038	3.785249e-02	1.256024e-07	2.500300e-03	-4.06483e-03	
4039	3.786216e-02	1.207386e-07	2.489657e-03	-4.05468e-03	
4040	3.787103e-02	1.178299e-07	2.482069e-03	-4.04676e-03	
4041	3.788055e-02	1.186192e-07	2.471514e-03	-4.03669e-03	
4042	3.788894e-02	1.222734e-07	2.464361e-03	-4.02920e-03	
4043	3.789797e-02	1.267228e-07	2.454262e-03	-4.01959e-03	
4044	3.790923e-02	1.287409e-07	2.444223e-03	-4.00924e-03	
4045	3.791878e-02	1.260958e-07	2.433567e-03	-3.99908e-03	
4046	3.792844e-02	1.212544e-07	2.425068e-03	-3.99025e-03	
4047	3.793722e-02	1.180270e-07	2.415131e-03	-3.98080e-03	
4048	3.794676e-02	1.183037e-07	2.406703e-03	-3.97205e-03	
4049	3.795534e-02	1.217762e-07	2.396933e-03	-3.96276e-03	
4050	3.796413e-02	1.262190e-07	2.389229e-03	-3.95472e-03	
4051	3.797471e-02	1.287898e-07	2.377403e-03	-3.94340e-03	
4052	3.798445e-02	1.267673e-07	2.368698e-03	-3.93437e-03	
4053	3.799310e-02	1.225066e-07	2.358782e-03	-3.92494e-03	
4054	3.800231e-02	1.185351e-07	2.350568e-03	-3.91640e-03	
4055	3.801234e-02	1.179436e-07	2.339205e-03	-3.90553e-03	
4056	3.802118e-02	1.210694e-07	2.331318e-03	-3.89731e-03	

Index   time            l1#branch       v1#branch       v2#branch       
--------------------------------------------------------------------------------
4057	3.803005e-02	1.255966e-07	2.321111e-03	-3.88760e-03	
4058	3.803959e-02	1.286339e-07	2.312484e-03	-3.87864e-03	
4059	3.804912e-02	1.276457e-07	2.301558e-03	-3.86821e-03	
4060	3.805753e-02	1.238845e-07	2.294046e-03	-3.86037e-03	
4061	3.806657e-02	1.194892e-07	2.283585e-03	-3.85040e-03	
4062	3.807831e-02	1.177416e-07	2.272597e-03	-3.83911e-03	
4063	3.808796e-02	1.207439e-07	2.261456e-03	-3.82846e-03	
4064	3.809768e-02	1.256327e-07	2.252509e-03	-3.81919e-03	
4065	3.810650e-02	1.285564e-07	2.242200e-03	-3.80937e-03	
4066	3.811608e-02	1.278034e-07	2.233367e-03	-3.80022e-03	
4067	3.812445e-02	1.241721e-07	2.223487e-03	-3.79082e-03	
4068	3.813350e-02	1.197082e-07	2.215171e-03	-3.78218e-03	
4069	3.814466e-02	1.176519e-07	2.202319e-03	-3.76984e-03	
4070	3.815415e-02	1.202189e-07	2.193495e-03	-3.76069e-03	
4071	3.816376e-02	1.250294e-07	2.182238e-03	-3.74993e-03	
4072	3.817255e-02	1.283269e-07	2.174124e-03	-3.74149e-03	
4073	3.818205e-02	1.281646e-07	2.162951e-03	-3.73081e-03	
4074	3.819071e-02	1.247236e-07	2.154932e-03	-3.72247e-03	
4075	3.819942e-02	1.203003e-07	2.144557e-03	-3.71258e-03	
4076	3.820990e-02	1.176194e-07	2.134562e-03	-3.70227e-03	
4077	3.821975e-02	1.195324e-07	2.122932e-03	-3.69114e-03	
4078	3.822837e-02	1.237479e-07	2.114884e-03	-3.68277e-03	
4079	3.823760e-02	1.277866e-07	2.103893e-03	-3.67227e-03	
4080	3.824782e-02	1.284745e-07	2.094104e-03	-3.66217e-03	
4081	3.825668e-02	1.253768e-07	2.083472e-03	-3.65203e-03	
4082	3.826555e-02	1.208417e-07	2.075081e-03	-3.64331e-03	
4083	3.827501e-02	1.177858e-07	2.063768e-03	-3.63250e-03	
4084	3.828446e-02	1.186837e-07	2.054718e-03	-3.62313e-03	
4085	3.829288e-02	1.223999e-07	2.044487e-03	-3.61338e-03	
4086	3.830187e-02	1.268067e-07	2.035907e-03	-3.60448e-03	
4087	3.831344e-02	1.286979e-07	2.022246e-03	-3.59134e-03	
4088	3.832316e-02	1.258105e-07	2.012838e-03	-3.58161e-03	
4089	3.833193e-02	1.213309e-07	2.002159e-03	-3.57143e-03	
4090	3.834123e-02	1.179661e-07	1.993172e-03	-3.56212e-03	
4091	3.835097e-02	1.184211e-07	1.981405e-03	-3.55085e-03	
4092	3.835934e-02	1.219112e-07	1.973402e-03	-3.54252e-03	
4093	3.836833e-02	1.264131e-07	1.962422e-03	-3.53204e-03	
4094	3.837897e-02	1.287857e-07	1.951902e-03	-3.52121e-03	
4095	3.838843e-02	1.266567e-07	1.940383e-03	-3.51019e-03	
4096	3.839804e-02	1.219292e-07	1.930949e-03	-3.50044e-03	
4097	3.840675e-02	1.183468e-07	1.920208e-03	-3.49020e-03	
4098	3.841631e-02	1.179872e-07	1.910801e-03	-3.48047e-03	
4099	3.842521e-02	1.212139e-07	1.899825e-03	-3.46999e-03	
4100	3.843409e-02	1.257446e-07	1.891132e-03	-3.46097e-03	
4101	3.844391e-02	1.286910e-07	1.879113e-03	-3.44946e-03	
4102	3.845374e-02	1.273662e-07	1.869344e-03	-3.43938e-03	
4103	3.846222e-02	1.234181e-07	1.858774e-03	-3.42930e-03	
4104	3.847139e-02	1.191080e-07	1.849695e-03	-3.41990e-03	
4105	3.848387e-02	1.179750e-07	1.834628e-03	-3.40537e-03	
4106	3.849319e-02	1.213648e-07	1.825350e-03	-3.39577e-03	
4107	3.850256e-02	1.260811e-07	1.813727e-03	-3.38465e-03	
4108	3.851200e-02	1.287256e-07	1.804281e-03	-3.37489e-03	
4109	3.852137e-02	1.273591e-07	1.792628e-03	-3.36374e-03	
4110	3.852996e-02	1.233578e-07	1.784110e-03	-3.35489e-03	
4111	3.853899e-02	1.191126e-07	1.772809e-03	-3.34409e-03	
4112	3.855190e-02	1.180338e-07	1.759385e-03	-3.33039e-03	
4113	3.856164e-02	1.217053e-07	1.747236e-03	-3.31874e-03	
4114	3.857142e-02	1.265313e-07	1.737311e-03	-3.30851e-03	

Index   time            l1#branch       v1#branch       v2#branch       
--------------------------------------------------------------------------------
4115	3.858110e-02	1.287817e-07	1.725210e-03	-3.29691e-03	
4116	3.859089e-02	1.267526e-07	1.715245e-03	-3.28664e-03	
4117	3.859964e-02	1.224443e-07	1.704171e-03	-3.27606e-03	
4118	3.860887e-02	1.184934e-07	1.694806e-03	-3.26638e-03	
4119	3.861906e-02	1.179847e-07	1.682052e-03	-3.25414e-03	
4120	3.862776e-02	1.211252e-07	1.673256e-03	-3.24502e-03	
4121	3.863651e-02	1.256037e-07	1.662125e-03	-3.23438e-03	
4122	3.864613e-02	1.286378e-07	1.652262e-03	-3.22421e-03	
4123	3.865551e-02	1.276468e-07	1.640381e-03	-3.21283e-03	
4124	3.866397e-02	1.238711e-07	1.631816e-03	-3.20395e-03	
4125	3.867295e-02	1.194977e-07	1.620371e-03	-3.19300e-03	
4126	3.868477e-02	1.177369e-07	1.607911e-03	-3.18025e-03	
4127	3.869458e-02	1.208145e-07	1.595470e-03	-3.16832e-03	
4128	3.870343e-02	1.253359e-07	1.586400e-03	-3.15893e-03	
4129	3.871273e-02	1.285209e-07	1.574537e-03	-3.14757e-03	
4130	3.872252e-02	1.277942e-07	1.564353e-03	-3.13708e-03	
4131	3.873084e-02	1.241874e-07	1.553596e-03	-3.12682e-03	
4132	3.873995e-02	1.196972e-07	1.544177e-03	-3.11708e-03	
4133	3.875100e-02	1.176391e-07	1.530219e-03	-3.10365e-03	
4134	3.876031e-02	1.201069e-07	1.520522e-03	-3.09364e-03	
4135	3.876977e-02	1.248364e-07	1.508389e-03	-3.08201e-03	
4136	3.877859e-02	1.282450e-07	1.499254e-03	-3.07256e-03	
4137	3.878794e-02	1.282639e-07	1.487217e-03	-3.06103e-03	
4138	3.879679e-02	1.248670e-07	1.478027e-03	-3.05152e-03	
4139	3.880561e-02	1.203856e-07	1.466594e-03	-3.04059e-03	
4140	3.881589e-02	1.176271e-07	1.455693e-03	-3.02939e-03	
4141	3.882592e-02	1.194372e-07	1.442807e-03	-3.01702e-03	
4142	3.883449e-02	1.236041e-07	1.433877e-03	-3.00777e-03	
4143	3.884376e-02	1.277107e-07	1.421868e-03	-2.99626e-03	
4144	3.885431e-02	1.284566e-07	1.410603e-03	-2.98470e-03	
4145	3.886309e-02	1.253770e-07	1.399149e-03	-2.97375e-03	
4146	3.887190e-02	1.208709e-07	1.389901e-03	-2.96419e-03	
4147	3.888132e-02	1.177928e-07	1.377665e-03	-2.95246e-03	
4148	3.889060e-02	1.185964e-07	1.367834e-03	-2.94231e-03	
4149	3.889917e-02	1.223261e-07	1.356578e-03	-2.93156e-03	
4150	3.890802e-02	1.266978e-07	1.347233e-03	-2.92190e-03	
4151	3.891956e-02	1.287129e-07	1.332448e-03	-2.90765e-03	
4152	3.892947e-02	1.258527e-07	1.321831e-03	-2.89673e-03	
4153	3.893817e-02	1.214071e-07	1.310371e-03	-2.88577e-03	
4154	3.894753e-02	1.179808e-07	1.300384e-03	-2.87547e-03	
4155	3.895744e-02	1.184217e-07	1.287459e-03	-2.86306e-03	
4156	3.896569e-02	1.218624e-07	1.278770e-03	-2.85405e-03	
4157	3.897479e-02	1.264097e-07	1.266806e-03	-2.84259e-03	
4158	3.898529e-02	1.287777e-07	1.255409e-03	-2.83090e-03	
4159	3.899457e-02	1.267537e-07	1.243212e-03	-2.81921e-03	
4160	3.900402e-02	1.221237e-07	1.233038e-03	-2.80873e-03	
4161	3.901276e-02	1.184391e-07	1.221459e-03	-2.79766e-03	
4162	3.902218e-02	1.178905e-07	1.211308e-03	-2.78720e-03	
4163	3.903126e-02	1.210445e-07	1.199292e-03	-2.77569e-03	
4164	3.904032e-02	1.256566e-07	1.189546e-03	-2.76563e-03	
4165	3.904992e-02	1.286440e-07	1.176903e-03	-2.75351e-03	
4166	3.905987e-02	1.274467e-07	1.166083e-03	-2.74239e-03	
4167	3.906829e-02	1.235716e-07	1.154823e-03	-2.73163e-03	
4168	3.907750e-02	1.192014e-07	1.144866e-03	-2.72136e-03	
4169	3.908958e-02	1.178638e-07	1.129181e-03	-2.70622e-03	
4170	3.909873e-02	1.209970e-07	1.119261e-03	-2.69599e-03	
4171	3.910796e-02	1.256787e-07	1.106997e-03	-2.68424e-03	
4172	3.911711e-02	1.286003e-07	1.097080e-03	-2.67401e-03	

Index   time            l1#branch       v1#branch       v2#branch       
--------------------------------------------------------------------------------
4173	3.912627e-02	1.277738e-07	1.084882e-03	-2.66232e-03	
4174	3.913488e-02	1.240202e-07	1.075590e-03	-2.65272e-03	
4175	3.914370e-02	1.196672e-07	1.063784e-03	-2.64142e-03	
4176	3.915534e-02	1.176719e-07	1.050789e-03	-2.62814e-03	
4177	3.916533e-02	1.206034e-07	1.037550e-03	-2.61542e-03	
4178	3.917401e-02	1.250457e-07	1.028125e-03	-2.60569e-03	
4179	3.918340e-02	1.284277e-07	1.015604e-03	-2.59368e-03	
4180	3.919337e-02	1.278874e-07	1.004604e-03	-2.58238e-03	
4181	3.920160e-02	1.243975e-07	9.934654e-04	-2.57175e-03	
4182	3.921075e-02	1.198512e-07	9.834498e-04	-2.56143e-03	
4183	3.922140e-02	1.176012e-07	9.693502e-04	-2.54785e-03	
4184	3.923058e-02	1.197435e-07	9.592620e-04	-2.53746e-03	
4185	3.923995e-02	1.243633e-07	9.467117e-04	-2.52542e-03	
4186	3.924873e-02	1.280051e-07	9.371041e-04	-2.51551e-03	
4187	3.925801e-02	1.284558e-07	9.246464e-04	-2.50357e-03	
4188	3.926710e-02	1.252508e-07	9.146475e-04	-2.49326e-03	
4189	3.927617e-02	1.206406e-07	9.024326e-04	-2.48156e-03	
4190	3.928589e-02	1.176987e-07	8.916475e-04	-2.47047e-03	
4191	3.929592e-02	1.190408e-07	8.782249e-04	-2.45758e-03	
4192	3.930437e-02	1.229865e-07	8.689771e-04	-2.44801e-03	
4193	3.931362e-02	1.273110e-07	8.565130e-04	-2.43607e-03	
4194	3.932605e-02	1.283878e-07	8.423679e-04	-2.42166e-03	
4195	3.933510e-02	1.250909e-07	8.301360e-04	-2.40994e-03	
4196	3.934433e-02	1.204231e-07	8.199031e-04	-2.39940e-03	
4197	3.935372e-02	1.176795e-07	8.072298e-04	-2.38725e-03	
4198	3.936285e-02	1.188329e-07	7.971070e-04	-2.37682e-03	
4199	3.937228e-02	1.231238e-07	7.843707e-04	-2.36461e-03	
4200	3.938083e-02	1.271828e-07	7.749440e-04	-2.35487e-03	
4201	3.939406e-02	1.283370e-07	7.575160e-04	-2.33801e-03	
4202	3.940412e-02	1.245216e-07	7.462139e-04	-2.32642e-03	
4203	3.941421e-02	1.196149e-07	7.326429e-04	-2.31337e-03	
4204	3.942395e-02	1.175927e-07	7.217171e-04	-2.30215e-03	
4205	3.943397e-02	1.199550e-07	7.082145e-04	-2.28918e-03	
4206	3.944277e-02	1.243675e-07	6.984375e-04	-2.27910e-03	
4207	3.945210e-02	1.281272e-07	6.857792e-04	-2.26696e-03	
4208	3.946230e-02	1.281870e-07	6.742615e-04	-2.25516e-03	
4209	3.947062e-02	1.249490e-07	6.628415e-04	-2.24425e-03	
4210	3.947965e-02	1.203755e-07	6.527687e-04	-2.23387e-03	
4211	3.948951e-02	1.176356e-07	6.394252e-04	-2.22106e-03	
4212	3.949870e-02	1.190223e-07	6.291196e-04	-2.21045e-03	
4213	3.950812e-02	1.234101e-07	6.163205e-04	-2.19818e-03	
4214	3.951673e-02	1.273949e-07	6.067325e-04	-2.18829e-03	
4215	3.952844e-02	1.284398e-07	5.910898e-04	-2.17320e-03	
4216	3.953822e-02	1.249208e-07	5.800348e-04	-2.16186e-03	
4217	3.954802e-02	1.200505e-07	5.667425e-04	-2.14910e-03	
4218	3.955757e-02	1.176074e-07	5.559677e-04	-2.13803e-03	
4219	3.956761e-02	1.194609e-07	5.423568e-04	-2.12496e-03	
4220	3.957623e-02	1.236617e-07	5.327247e-04	-2.11502e-03	
4221	3.958553e-02	1.277464e-07	5.200310e-04	-2.10286e-03	
4222	3.959625e-02	1.283829e-07	5.077898e-04	-2.09034e-03	
4223	3.960480e-02	1.253083e-07	4.960264e-04	-2.07910e-03	
4224	3.961376e-02	1.207415e-07	4.859622e-04	-2.06874e-03	
4225	3.962313e-02	1.177488e-07	4.731526e-04	-2.05647e-03	
4226	3.963218e-02	1.185782e-07	4.629612e-04	-2.04598e-03	
4227	3.964092e-02	1.223854e-07	4.509486e-04	-2.03450e-03	
4228	3.964965e-02	1.266940e-07	4.411505e-04	-2.02440e-03	
4229	3.966144e-02	1.286724e-07	4.253183e-04	-2.00914e-03	
4230	3.967160e-02	1.256218e-07	4.137304e-04	-1.99728e-03	

Index   time            l1#branch       v1#branch       v2#branch       
--------------------------------------------------------------------------------
4231	3.968032e-02	1.211587e-07	4.017311e-04	-1.98581e-03	
4232	3.968973e-02	1.178698e-07	3.910649e-04	-1.97486e-03	
4233	3.969984e-02	1.185956e-07	3.773158e-04	-1.96167e-03	
4234	3.970811e-02	1.222012e-07	3.680605e-04	-1.95211e-03	
4235	3.971732e-02	1.267228e-07	3.554343e-04	-1.94003e-03	
4236	3.972829e-02	1.287135e-07	3.428057e-04	-1.92715e-03	
4237	3.973728e-02	1.263405e-07	3.304612e-04	-1.91535e-03	
4238	3.974643e-02	1.217613e-07	3.200991e-04	-1.90471e-03	
4239	3.975532e-02	1.182061e-07	3.078574e-04	-1.89302e-03	
4240	3.976436e-02	1.179498e-07	2.976235e-04	-1.88250e-03	
4241	3.977350e-02	1.212738e-07	2.850733e-04	-1.87051e-03	
4242	3.978260e-02	1.258850e-07	2.747608e-04	-1.85993e-03	
4243	3.979259e-02	1.286978e-07	2.611465e-04	-1.84689e-03	
4244	3.980285e-02	1.270000e-07	2.493755e-04	-1.83487e-03	
4245	3.981135e-02	1.228994e-07	2.376261e-04	-1.82369e-03	
4246	3.982070e-02	1.187067e-07	2.269805e-04	-1.81279e-03	
4247	3.983176e-02	1.179228e-07	2.120219e-04	-1.79846e-03	
4248	3.984032e-02	1.209644e-07	2.023588e-04	-1.78853e-03	
4249	3.984935e-02	1.255642e-07	1.899379e-04	-1.77672e-03	
4250	3.985860e-02	1.285516e-07	1.794151e-04	-1.76596e-03	
4251	3.986752e-02	1.278172e-07	1.671441e-04	-1.75431e-03	
4252	3.987636e-02	1.240178e-07	1.571186e-04	-1.74406e-03	
4253	3.988515e-02	1.196653e-07	1.450127e-04	-1.73260e-03	
4254	3.989683e-02	1.176154e-07	1.314103e-04	-1.71888e-03	
4255	3.990710e-02	1.206226e-07	1.174532e-04	-1.70567e-03	
4256	3.991575e-02	1.250508e-07	1.076418e-04	-1.69571e-03	
4257	3.992521e-02	1.283962e-07	9.471037e-05	-1.68358e-03	
4258	3.993544e-02	1.276921e-07	8.291547e-05	-1.67180e-03	
4259	3.994371e-02	1.240869e-07	7.148979e-05	-1.66128e-03	
4260	3.995297e-02	1.195310e-07	6.089068e-05	-1.65083e-03	
4261	3.996385e-02	1.175206e-07	4.618257e-05	-1.63757e-03	
4262	3.997270e-02	1.197978e-07	3.608702e-05	-1.62811e-03	
4263	3.998173e-02	1.242786e-07	2.372546e-05	-1.61799e-03	
4264	3.999060e-02	1.278647e-07	1.358138e-05	-1.60991e-03	
4265	3.999969e-02	1.282034e-07	1.142517e-06	-1.60252e-03	
4266	4.000897e-02	1.248662e-07	-9.62561e-06	-1.59780e-03	
4267	4.001820e-02	1.202035e-07	-2.23281e-05	-1.59466e-03	
4268	4.002810e-02	1.174471e-07	-3.40090e-05	-1.59298e-03	
4269	4.003846e-02	1.192319e-07	-4.83014e-05	-1.59173e-03	
4270	4.004696e-02	1.233962e-07	-5.83276e-05	-1.59127e-03	
4271	4.005636e-02	1.276213e-07	-7.16053e-05	-1.59068e-03	
4272	4.006750e-02	1.283238e-07	-8.54355e-05	-1.59042e-03	
4273	4.007587e-02	1.252745e-07	-9.78401e-05	-1.59009e-03	
4274	4.008502e-02	1.205927e-07	-1.09689e-04	-1.59002e-03	
4275	4.009425e-02	1.176363e-07	-1.24205e-04	-1.58975e-03	
4276	4.010302e-02	1.183968e-07	-1.36775e-04	-1.58976e-03	
4277	4.011196e-02	1.222708e-07	-1.52582e-04	-1.58954e-03	
4278	4.012084e-02	1.266783e-07	-1.67774e-04	-1.58958e-03	
4279	4.013256e-02	1.286425e-07	-1.93051e-04	-1.58936e-03	
4280	4.014293e-02	1.254738e-07	-2.18038e-04	-1.58942e-03	
4281	4.015170e-02	1.209375e-07	-2.45143e-04	-1.58925e-03	
4282	4.016111e-02	1.176770e-07	-2.79311e-04	-1.58934e-03	
4283	4.017139e-02	1.185384e-07	-3.28469e-04	-1.58918e-03	
4284	4.017962e-02	1.222087e-07	-3.78259e-04	-1.58931e-03	
4285	4.018888e-02	1.267078e-07	-4.50469e-04	-1.58920e-03	
4286	4.020012e-02	1.284660e-07	-5.69068e-04	-1.58939e-03	
4287	4.020892e-02	1.258795e-07	-6.92375e-04	-1.58933e-03	
4288	4.021786e-02	1.212648e-07	-8.55404e-04	-1.58958e-03	

Index   time            l1#branch       v1#branch       v2#branch       
--------------------------------------------------------------------------------
4289	4.022698e-02	1.176264e-07	-1.06628e-03	-1.58959e-03	
4290	4.023585e-02	1.174424e-07	-1.32803e-03	-1.58991e-03	
4291	4.024502e-02	1.207927e-07	-1.66031e-03	-1.59000e-03	
4292	4.025414e-02	1.253278e-07	-2.06606e-03	-1.59040e-03	
4293	4.026419e-02	1.279016e-07	-2.59974e-03	-1.59061e-03	
4294	4.027450e-02	1.258593e-07	-3.25063e-03	-1.59115e-03	
4295	4.028310e-02	1.215090e-07	-3.86917e-03	-1.59138e-03	
4296	4.029251e-02	1.172596e-07	-4.62541e-03	-1.59197e-03	
4297	4.030332e-02	1.165915e-07	-5.58646e-03	-1.59239e-03	
4298	4.031174e-02	1.196139e-07	-6.40015e-03	-1.59300e-03	
4299	4.032067e-02	1.241086e-07	-7.31779e-03	-1.59339e-03	
4300	4.033006e-02	1.269918e-07	-8.33751e-03	-1.59411e-03	
4301	4.033902e-02	1.260405e-07	-9.35903e-03	-1.59454e-03	
4302	4.034779e-02	1.220964e-07	-1.03986e-02	-1.59527e-03	
4303	4.035660e-02	1.176528e-07	-1.14805e-02	-1.59574e-03	
4304	4.036848e-02	1.156357e-07	-1.29901e-02	-1.59672e-03	
4305	4.037866e-02	1.187207e-07	-1.43261e-02	-1.59732e-03	
4306	4.038743e-02	1.231879e-07	-1.55071e-02	-1.59807e-03	
4307	4.039620e-02	1.263159e-07	-1.67221e-02	-1.59839e-03	
4308	4.040745e-02	1.254791e-07	-1.82761e-02	-1.59897e-03	
4309	4.041636e-02	1.213735e-07	-1.95158e-02	-1.59913e-03	
4310	4.042591e-02	1.165991e-07	-2.08615e-02	-1.59959e-03	
4311	4.043739e-02	1.147519e-07	-2.24988e-02	-1.59982e-03	
4312	4.044635e-02	1.172406e-07	-2.37888e-02	-1.60026e-03	
4313	4.045539e-02	1.214574e-07	-2.51019e-02	-1.60041e-03	
4314	4.046417e-02	1.242946e-07	-2.63868e-02	-1.60084e-03	
4315	4.047313e-02	1.237788e-07	-2.77084e-02	-1.60099e-03	
4316	4.048208e-02	1.199824e-07	-2.90358e-02	-1.60143e-03	
4317	4.049100e-02	1.152471e-07	-3.03663e-02	-1.60158e-03	
4318	4.050196e-02	1.123526e-07	-3.20122e-02	-1.60209e-03	
4319	4.051222e-02	1.143021e-07	-3.35608e-02	-1.60229e-03	
4320	4.052042e-02	1.180509e-07	-3.48007e-02	-1.60270e-03	
4321	4.052964e-02	1.214728e-07	-3.61940e-02	-1.60287e-03	
4322	4.054004e-02	1.212572e-07	-3.77507e-02	-1.60335e-03	
4323	4.054887e-02	1.173278e-07	-3.90359e-02	-1.60348e-03	
4324	4.055851e-02	1.113863e-07	-4.03506e-02	-1.60389e-03	
4325	4.056962e-02	1.061272e-07	-4.16555e-02	-1.60397e-03	
4326	4.057718e-02	1.043361e-07	-4.23747e-02	-1.60420e-03	
4327	4.058531e-02	1.028865e-07	-4.30061e-02	-1.60410e-03	
4328	4.059269e-02	1.002192e-07	-4.34667e-02	-1.60424e-03	
4329	4.060407e-02	9.066679e-08	-4.40256e-02	-1.60403e-03	
4330	4.061686e-02	7.345737e-08	-4.44880e-02	-1.60404e-03	
4331	4.062940e-02	5.666156e-08	-4.48342e-02	-1.60372e-03	
4332	4.064124e-02	4.712810e-08	-4.50751e-02	-1.60367e-03	
4333	4.065126e-02	4.422325e-08	-4.52395e-02	-1.60334e-03	
4334	4.066091e-02	4.247788e-08	-4.53642e-02	-1.60330e-03	
4335	4.067013e-02	3.835401e-08	-4.54661e-02	-1.60297e-03	
4336	4.067919e-02	3.088498e-08	-4.55444e-02	-1.60292e-03	
4337	4.069064e-02	1.972044e-08	-4.56290e-02	-1.60253e-03	
4338	4.070177e-02	1.221455e-08	-4.56896e-02	-1.60242e-03	
4339	4.071269e-02	1.107453e-08	-4.57410e-02	-1.60202e-03	
4340	4.072066e-02	1.323419e-08	-4.57683e-02	-1.60197e-03	
4341	4.072841e-02	1.533427e-08	-4.57949e-02	-1.60165e-03	
4342	4.073861e-02	1.477203e-08	-4.58200e-02	-1.60152e-03	
4343	4.074736e-02	1.054416e-08	-4.58413e-02	-1.60116e-03	
4344	4.075695e-02	4.053906e-09	-4.58573e-02	-1.60102e-03	
4345	4.076672e-02	-7.01940e-10	-4.58745e-02	-1.60061e-03	
4346	4.077358e-02	-1.27713e-09	-4.58821e-02	-1.60050e-03	

Index   time            l1#branch       v1#branch       v2#branch       
--------------------------------------------------------------------------------
4347	4.078018e-02	5.048846e-10	-4.58918e-02	-1.60017e-03	
4348	4.078870e-02	4.508393e-09	-4.58994e-02	-1.59992e-03	
4349	4.079735e-02	7.804986e-09	-4.59093e-02	-1.59941e-03	
4350	4.080725e-02	7.650227e-09	-4.59157e-02	-1.59879e-03	
4351	4.081565e-02	3.983728e-09	-4.59230e-02	-1.59786e-03	
4352	4.082470e-02	-1.30344e-09	-4.59267e-02	-1.59676e-03	
4353	4.083270e-02	-4.50916e-09	-4.59328e-02	-1.59567e-03	
4354	4.084069e-02	-4.56582e-09	-4.59356e-02	-1.59499e-03	
4355	4.084998e-02	-9.76477e-10	-4.59417e-02	-1.59405e-03	
4356	4.085849e-02	3.532291e-09	-4.59447e-02	-1.59361e-03	
4357	4.086753e-02	6.287646e-09	-4.59503e-02	-1.59295e-03	
4358	4.087621e-02	5.188628e-09	-4.59534e-02	-1.59269e-03	
4359	4.088447e-02	1.213666e-09	-4.59582e-02	-1.59221e-03	
4360	4.089337e-02	-3.60468e-09	-4.59614e-02	-1.59206e-03	
4361	4.090204e-02	-5.94732e-09	-4.59662e-02	-1.59166e-03	
4362	4.091090e-02	-4.43067e-09	-4.59695e-02	-1.59159e-03	
4363	4.092011e-02	1.597431e-10	-4.59743e-02	-1.59123e-03	
4364	4.092883e-02	4.436545e-09	-4.59775e-02	-1.59122e-03	
4365	4.093733e-02	5.820078e-09	-4.59819e-02	-1.59091e-03	
4366	4.094637e-02	3.333414e-09	-4.59853e-02	-1.59092e-03	
4367	4.095526e-02	-1.46202e-09	-4.59897e-02	-1.59063e-03	
4368	4.096344e-02	-5.23920e-09	-4.59928e-02	-1.59067e-03	
4369	4.097197e-02	-6.10481e-09	-4.59969e-02	-1.59039e-03	
4370	4.098149e-02	-2.92967e-09	-4.60007e-02	-1.59043e-03	
4371	4.099010e-02	1.800882e-09	-4.60047e-02	-1.59016e-03	
4372	4.099792e-02	5.065023e-09	-4.60078e-02	-1.59023e-03	
4373	4.100634e-02	5.405234e-09	-4.60116e-02	-1.58997e-03	
4374	4.101573e-02	1.872103e-09	-4.60155e-02	-1.59002e-03	
4375	4.102422e-02	-2.82161e-09	-4.60193e-02	-1.58976e-03	
4376	4.103253e-02	-5.93939e-09	-4.60227e-02	-1.58982e-03	
4377	4.104130e-02	-5.63099e-09	-4.60265e-02	-1.58957e-03	
4378	4.104964e-02	-2.09215e-09	-4.60300e-02	-1.58963e-03	
4379	4.105832e-02	2.661548e-09	-4.60338e-02	-1.58938e-03	
4380	4.106727e-02	5.569533e-09	-4.60375e-02	-1.58944e-03	
4381	4.107553e-02	4.759325e-09	-4.60411e-02	-1.58919e-03	
4382	4.108370e-02	1.048023e-09	-4.60445e-02	-1.58926e-03	
4383	4.109247e-02	-3.68832e-09	-4.60483e-02	-1.58901e-03	
4384	4.110111e-02	-6.22178e-09	-4.60519e-02	-1.58908e-03	
4385	4.111008e-02	-4.92032e-09	-4.60557e-02	-1.58882e-03	
4386	4.111950e-02	-2.94737e-10	-4.60596e-02	-1.58888e-03	
4387	4.112809e-02	4.065808e-09	-4.60633e-02	-1.58863e-03	
4388	4.113680e-02	5.714117e-09	-4.60669e-02	-1.58870e-03	
4389	4.114554e-02	3.530650e-09	-4.60707e-02	-1.58845e-03	
4390	4.115452e-02	-1.21780e-09	-4.60744e-02	-1.58852e-03	
4391	4.116354e-02	-5.33927e-09	-4.60782e-02	-1.58826e-03	
4392	4.117177e-02	-6.13440e-09	-4.60816e-02	-1.58834e-03	
4393	4.118036e-02	-3.37670e-09	-4.60853e-02	-1.58809e-03	
4394	4.118898e-02	1.331670e-09	-4.60888e-02	-1.58816e-03	
4395	4.119692e-02	4.869615e-09	-4.60922e-02	-1.58791e-03	
4396	4.120513e-02	5.580219e-09	-4.60956e-02	-1.58799e-03	
4397	4.121450e-02	2.413390e-09	-4.60995e-02	-1.58773e-03	
4398	4.122303e-02	-2.28921e-09	-4.61030e-02	-1.58781e-03	
4399	4.123114e-02	-5.64656e-09	-4.61065e-02	-1.58756e-03	
4400	4.123983e-02	-5.86196e-09	-4.61100e-02	-1.58763e-03	
4401	4.124832e-02	-2.60886e-09	-4.61136e-02	-1.58738e-03	
4402	4.125681e-02	2.084148e-09	-4.61170e-02	-1.58746e-03	
4403	4.126477e-02	5.249101e-09	-4.61204e-02	-1.58721e-03	
4404	4.127320e-02	5.318334e-09	-4.61238e-02	-1.58729e-03	

Index   time            l1#branch       v1#branch       v2#branch       
--------------------------------------------------------------------------------
4405	4.128161e-02	2.041143e-09	-4.61274e-02	-1.58704e-03	
4406	4.129003e-02	-2.61626e-09	-4.61308e-02	-1.58712e-03	
4407	4.129921e-02	-5.97316e-09	-4.61347e-02	-1.58686e-03	
4408	4.130756e-02	-5.54730e-09	-4.61380e-02	-1.58694e-03	
4409	4.131581e-02	-2.02307e-09	-4.61415e-02	-1.58669e-03	
4410	4.132444e-02	2.706718e-09	-4.61449e-02	-1.58677e-03	
4411	4.133329e-02	5.613951e-09	-4.61487e-02	-1.58652e-03	
4412	4.134162e-02	4.832796e-09	-4.61520e-02	-1.58659e-03	
4413	4.134980e-02	1.127418e-09	-4.61555e-02	-1.58635e-03	
4414	4.135857e-02	-3.61313e-09	-4.61589e-02	-1.58642e-03	
4415	4.136722e-02	-6.16544e-09	-4.61626e-02	-1.58617e-03	
4416	4.137615e-02	-4.89365e-09	-4.61661e-02	-1.58625e-03	
4417	4.138558e-02	-2.76161e-10	-4.61700e-02	-1.58599e-03	
4418	4.139414e-02	4.084230e-09	-4.61734e-02	-1.58606e-03	
4419	4.140287e-02	5.763610e-09	-4.61771e-02	-1.58581e-03	
4420	4.141162e-02	3.599563e-09	-4.61805e-02	-1.58589e-03	
4421	4.142062e-02	-1.14860e-09	-4.61843e-02	-1.58564e-03	
4422	4.142962e-02	-5.27895e-09	-4.61877e-02	-1.58571e-03	
4423	4.143786e-02	-6.09929e-09	-4.61912e-02	-1.58546e-03	
4424	4.144647e-02	-3.35213e-09	-4.61945e-02	-1.58554e-03	
4425	4.145510e-02	1.362272e-09	-4.61982e-02	-1.58529e-03	
4426	4.146305e-02	4.904233e-09	-4.62012e-02	-1.58538e-03	
4427	4.147130e-02	5.613395e-09	-4.62047e-02	-1.58513e-03	
4428	4.148067e-02	2.433475e-09	-4.62083e-02	-1.58520e-03	
4429	4.148920e-02	-2.26686e-09	-4.62118e-02	-1.58495e-03	
4430	4.149728e-02	-5.61395e-09	-4.62149e-02	-1.58504e-03	
4431	4.150596e-02	-5.83237e-09	-4.62185e-02	-1.58479e-03	
4432	4.151446e-02	-2.57610e-09	-4.62218e-02	-1.58487e-03	
4433	4.152297e-02	2.123931e-09	-4.62253e-02	-1.58462e-03	
4434	4.153096e-02	5.289107e-09	-4.62284e-02	-1.58471e-03	
4435	4.153941e-02	5.334659e-09	-4.62318e-02	-1.58446e-03	
4436	4.154779e-02	2.049801e-09	-4.62351e-02	-1.58454e-03	
4437	4.155624e-02	-2.62108e-09	-4.62385e-02	-1.58429e-03	
4438	4.156540e-02	-5.95256e-09	-4.62420e-02	-1.58437e-03	
4439	4.157376e-02	-5.50709e-09	-4.62454e-02	-1.58412e-03	
4440	4.158202e-02	-1.96019e-09	-4.62486e-02	-1.58421e-03	
4441	4.159065e-02	2.764450e-09	-4.62521e-02	-1.58396e-03	
4442	4.159949e-02	5.647737e-09	-4.62555e-02	-1.58404e-03	
4443	4.160785e-02	4.833186e-09	-4.62588e-02	-1.58379e-03	
4444	4.161605e-02	1.098858e-09	-4.62620e-02	-1.58388e-03	
4445	4.162484e-02	-3.64022e-09	-4.62655e-02	-1.58362e-03	
4446	4.163348e-02	-6.14895e-09	-4.62688e-02	-1.58371e-03	
4447	4.164241e-02	-4.82939e-09	-4.62723e-02	-1.58345e-03	
4448	4.165178e-02	-2.18061e-10	-4.62759e-02	-1.58353e-03	
4449	4.166039e-02	4.144600e-09	-4.62793e-02	-1.58328e-03	
4450	4.166908e-02	5.786099e-09	-4.62826e-02	-1.58336e-03	
4451	4.167788e-02	3.575325e-09	-4.62861e-02	-1.58311e-03	
4452	4.168689e-02	-1.19134e-09	-4.62895e-02	-1.58319e-03	
4453	4.169592e-02	-5.29842e-09	-4.62930e-02	-1.58294e-03	
4454	4.170414e-02	-6.05990e-09	-4.62962e-02	-1.58303e-03	
4455	4.171270e-02	-3.28985e-09	-4.62995e-02	-1.58278e-03	
4456	4.172128e-02	1.402062e-09	-4.63028e-02	-1.58287e-03	
4457	4.172921e-02	4.931165e-09	-4.63058e-02	-1.58262e-03	
4458	4.173747e-02	5.632902e-09	-4.63090e-02	-1.58271e-03	
4459	4.174686e-02	2.434048e-09	-4.63126e-02	-1.58246e-03	
4460	4.175542e-02	-2.28458e-09	-4.63158e-02	-1.58254e-03	
4461	4.176351e-02	-5.61108e-09	-4.63189e-02	-1.58230e-03	
4462	4.177219e-02	-5.79326e-09	-4.63222e-02	-1.58238e-03	

Index   time            l1#branch       v1#branch       v2#branch       
--------------------------------------------------------------------------------
4463	4.178065e-02	-2.53324e-09	-4.63254e-02	-1.58214e-03	
4464	4.178911e-02	2.144200e-09	-4.63286e-02	-1.58223e-03	
4465	4.179712e-02	5.313199e-09	-4.63316e-02	-1.58198e-03	
4466	4.180556e-02	5.354707e-09	-4.63349e-02	-1.58207e-03	
4467	4.181398e-02	2.049209e-09	-4.63380e-02	-1.58182e-03	
4468	4.182242e-02	-2.61569e-09	-4.63412e-02	-1.58191e-03	
4469	4.183159e-02	-5.93747e-09	-4.63446e-02	-1.58166e-03	
4470	4.183993e-02	-5.47921e-09	-4.63478e-02	-1.58175e-03	
4471	4.184815e-02	-1.94758e-09	-4.63508e-02	-1.58151e-03	
4472	4.185679e-02	2.785163e-09	-4.63541e-02	-1.58160e-03	
4473	4.186561e-02	5.666615e-09	-4.63573e-02	-1.58134e-03	
4474	4.187400e-02	4.852248e-09	-4.63605e-02	-1.58144e-03	
4475	4.188222e-02	1.104173e-09	-4.63635e-02	-1.58119e-03	
4476	4.189101e-02	-3.63183e-09	-4.63668e-02	-1.58128e-03	
4477	4.189966e-02	-6.13093e-09	-4.63700e-02	-1.58103e-03	
4478	4.190857e-02	-4.80167e-09	-4.63733e-02	-1.58112e-03	
4479	4.191798e-02	-1.68039e-10	-4.63767e-02	-1.58086e-03	
4480	4.192657e-02	4.179438e-09	-4.63800e-02	-1.58096e-03	
4481	4.193526e-02	5.805114e-09	-4.63831e-02	-1.58071e-03	
4482	4.194408e-02	3.572911e-09	-4.63864e-02	-1.58080e-03	
4483	4.195304e-02	-1.17765e-09	-4.63896e-02	-1.58054e-03	
4484	4.196210e-02	-5.29043e-09	-4.63930e-02	-1.58063e-03	
4485	4.197031e-02	-6.03650e-09	-4.63959e-02	-1.58039e-03	
4486	4.197890e-02	-3.24438e-09	-4.63991e-02	-1.58048e-03	
4487	4.198750e-02	1.463743e-09	-4.64021e-02	-1.58023e-03	
4488	4.199543e-02	4.972278e-09	-4.64051e-02	-1.58033e-03	
4489	4.200373e-02	5.637735e-09	-4.64080e-02	-1.58009e-03	
4490	4.201313e-02	2.395142e-09	-4.64115e-02	-1.58017e-03	
4491	4.202166e-02	-2.30853e-09	-4.64144e-02	-1.57993e-03	
4492	4.202972e-02	-5.60596e-09	-4.64175e-02	-1.58003e-03	
4493	4.203840e-02	-5.76220e-09	-4.64204e-02	-1.57978e-03	
4494	4.204688e-02	-2.47255e-09	-4.64236e-02	-1.57987e-03	
4495	4.205536e-02	2.215805e-09	-4.64265e-02	-1.57963e-03	
4496	4.206341e-02	5.362206e-09	-4.64295e-02	-1.57973e-03	
4497	4.207188e-02	5.339532e-09	-4.64324e-02	-1.57948e-03	
4498	4.208025e-02	2.006018e-09	-4.64355e-02	-1.57958e-03	
4499	4.208873e-02	-2.67789e-09	-4.64383e-02	-1.57933e-03	
4500	4.209785e-02	-5.93653e-09	-4.64417e-02	-1.57942e-03	
4501	4.210623e-02	-5.42132e-09	-4.64445e-02	-1.57918e-03	
4502	4.211446e-02	-1.84403e-09	-4.64476e-02	-1.57928e-03	
4503	4.212313e-02	2.892511e-09	-4.64505e-02	-1.57903e-03	
4504	4.213193e-02	5.704268e-09	-4.64537e-02	-1.57913e-03	
4505	4.214037e-02	4.805708e-09	-4.64565e-02	-1.57888e-03	
4506	4.214864e-02	9.854240e-10	-4.64596e-02	-1.57898e-03	
4507	4.215745e-02	-3.73664e-09	-4.64624e-02	-1.57873e-03	
4508	4.216607e-02	-6.13087e-09	-4.64656e-02	-1.57883e-03	
4509	4.217502e-02	-4.67989e-09	-4.64685e-02	-1.57858e-03	
4510	4.218435e-02	-3.35774e-11	-4.64720e-02	-1.57867e-03	
4511	4.219302e-02	4.304995e-09	-4.64747e-02	-1.57843e-03	
4512	4.220164e-02	5.814265e-09	-4.64779e-02	-1.57853e-03	
4513	4.221056e-02	3.452493e-09	-4.64808e-02	-1.57828e-03	
4514	4.221948e-02	-1.31156e-09	-4.64840e-02	-1.57837e-03	
4515	4.222764e-02	-5.10662e-09	-4.64866e-02	-1.57813e-03	
4516	4.223610e-02	-6.05603e-09	-4.64897e-02	-1.57823e-03	
4517	4.224554e-02	-3.00703e-09	-4.64927e-02	-1.57798e-03	
4518	4.225419e-02	1.744054e-09	-4.64959e-02	-1.57808e-03	
4519	4.226208e-02	5.114831e-09	-4.64983e-02	-1.57784e-03	
4520	4.227052e-02	5.566748e-09	-4.65014e-02	-1.57794e-03	

Index   time            l1#branch       v1#branch       v2#branch       
--------------------------------------------------------------------------------
4521	4.227995e-02	2.103249e-09	-4.65043e-02	-1.57769e-03	
4522	4.228845e-02	-2.59336e-09	-4.65074e-02	-1.57779e-03	
4523	4.229663e-02	-5.74233e-09	-4.65099e-02	-1.57755e-03	
4524	4.230533e-02	-5.58696e-09	-4.65131e-02	-1.57765e-03	
4525	4.231372e-02	-2.12600e-09	-4.65156e-02	-1.57741e-03	
4526	4.232231e-02	2.599394e-09	-4.65187e-02	-1.57751e-03	
4527	4.233136e-02	5.666891e-09	-4.65215e-02	-1.57726e-03	
4528	4.233961e-02	4.992045e-09	-4.65245e-02	-1.57737e-03	
4529	4.234776e-02	1.370077e-09	-4.65269e-02	-1.57713e-03	
4530	4.235649e-02	-3.37454e-09	-4.65301e-02	-1.57723e-03	
4531	4.236518e-02	-6.05891e-09	-4.65326e-02	-1.57699e-03	
4532	4.237397e-02	-4.96365e-09	-4.65358e-02	-1.57709e-03	
4533	4.238242e-02	-9.24647e-10	-4.65383e-02	-1.57685e-03	
4534	4.239131e-02	3.747125e-09	-4.65415e-02	-1.57695e-03	
4535	4.239990e-02	5.840049e-09	-4.65440e-02	-1.57670e-03	
4536	4.240874e-02	4.107295e-09	-4.65471e-02	-1.57681e-03	
4537	4.241795e-02	-5.92746e-10	-4.65498e-02	-1.57656e-03	
4538	4.242674e-02	-4.86173e-09	-4.65529e-02	-1.57666e-03	
4539	4.243520e-02	-6.10612e-09	-4.65554e-02	-1.57642e-03	
4540	4.244458e-02	-3.35666e-09	-4.65587e-02	-1.57652e-03	
4541	4.245334e-02	1.407132e-09	-4.65612e-02	-1.57628e-03	
4542	4.246135e-02	4.977485e-09	-4.65640e-02	-1.57639e-03	
4543	4.246968e-02	5.675524e-09	-4.65664e-02	-1.57615e-03	
4544	4.247906e-02	2.463894e-09	-4.65697e-02	-1.57625e-03	
4545	4.248763e-02	-2.26170e-09	-4.65721e-02	-1.57600e-03	
4546	4.249569e-02	-5.56884e-09	-4.65749e-02	-1.57612e-03	
4547	4.250436e-02	-5.74167e-09	-4.65773e-02	-1.57587e-03	
4548	4.251281e-02	-2.48234e-09	-4.65803e-02	-1.57598e-03	
4549	4.252125e-02	2.191117e-09	-4.65826e-02	-1.57574e-03	
4550	4.252930e-02	5.368291e-09	-4.65855e-02	-1.57585e-03	
4551	4.253777e-02	5.392686e-09	-4.65878e-02	-1.57561e-03	
4552	4.254619e-02	2.068641e-09	-4.65908e-02	-1.57572e-03	
4553	4.255463e-02	-2.59852e-09	-4.65930e-02	-1.57548e-03	
4554	4.256380e-02	-5.89803e-09	-4.65962e-02	-1.57559e-03	
4555	4.257211e-02	-5.42220e-09	-4.65984e-02	-1.57535e-03	
4556	4.258031e-02	-1.89206e-09	-4.66013e-02	-1.57546e-03	
4557	4.258897e-02	2.845739e-09	-4.66036e-02	-1.57522e-03	
4558	4.259778e-02	5.715653e-09	-4.66066e-02	-1.57533e-03	
4559	4.260621e-02	4.882609e-09	-4.66088e-02	-1.57509e-03	
4560	4.261446e-02	1.109374e-09	-4.66117e-02	-1.57520e-03	
4561	4.262325e-02	-3.62181e-09	-4.66140e-02	-1.57496e-03	
4562	4.263190e-02	-6.09014e-09	-4.66170e-02	-1.57507e-03	
4563	4.264079e-02	-4.73275e-09	-4.66193e-02	-1.57483e-03	
4564	4.265020e-02	-8.42025e-11	-4.66225e-02	-1.57493e-03	
4565	4.265880e-02	4.253680e-09	-4.66247e-02	-1.57469e-03	
4566	4.266748e-02	5.849517e-09	-4.66277e-02	-1.57481e-03	
4567	4.267635e-02	3.572729e-09	-4.66299e-02	-1.57456e-03	
4568	4.268527e-02	-1.16941e-09	-4.66329e-02	-1.57467e-03	
4569	4.269346e-02	-5.02137e-09	-4.66349e-02	-1.57444e-03	
4570	4.270184e-02	-6.05236e-09	-4.66378e-02	-1.57455e-03	
4571	4.271127e-02	-3.10299e-09	-4.66402e-02	-1.57431e-03	
4572	4.271998e-02	1.664724e-09	-4.66431e-02	-1.57442e-03	
4573	4.272791e-02	5.099278e-09	-4.66450e-02	-1.57419e-03	
4574	4.273635e-02	5.622579e-09	-4.66479e-02	-1.57430e-03	
4575	4.274576e-02	2.224480e-09	-4.66502e-02	-1.57406e-03	
4576	4.275424e-02	-2.45957e-09	-4.66531e-02	-1.57417e-03	
4577	4.276234e-02	-5.65713e-09	-4.66550e-02	-1.57394e-03	
4578	4.277101e-02	-5.62814e-09	-4.66579e-02	-1.57405e-03	

Index   time            l1#branch       v1#branch       v2#branch       
--------------------------------------------------------------------------------
4579	4.277949e-02	-2.21629e-09	-4.66599e-02	-1.57381e-03	
4580	4.278799e-02	2.476729e-09	-4.66628e-02	-1.57393e-03	
4581	4.279616e-02	5.517723e-09	-4.66647e-02	-1.57370e-03	
4582	4.280470e-02	5.243847e-09	-4.66675e-02	-1.57381e-03	
4583	4.281296e-02	1.787093e-09	-4.66694e-02	-1.57358e-03	
4584	4.282160e-02	-2.95556e-09	-4.66723e-02	-1.57369e-03	
4585	4.283054e-02	-5.96200e-09	-4.66743e-02	-1.57345e-03	
4586	4.283907e-02	-5.19714e-09	-4.66772e-02	-1.57357e-03	
4587	4.284731e-02	-1.45856e-09	-4.66790e-02	-1.57334e-03	
4588	4.285610e-02	3.286026e-09	-4.66819e-02	-1.57345e-03	
4589	4.286478e-02	5.810955e-09	-4.66839e-02	-1.57322e-03	
4590	4.287344e-02	4.575948e-09	-4.66867e-02	-1.57334e-03	
4591	4.288191e-02	4.657597e-10	-4.66886e-02	-1.57310e-03	
4592	4.289081e-02	-4.16845e-09	-4.66915e-02	-1.57322e-03	
4593	4.289934e-02	-6.12856e-09	-4.66933e-02	-1.57298e-03	
4594	4.290848e-02	-4.17451e-09	-4.66963e-02	-1.57310e-03	
4595	4.291750e-02	5.184735e-10	-4.66983e-02	-1.57286e-03	
4596	4.292649e-02	4.767616e-09	-4.67012e-02	-1.57297e-03	
4597	4.293485e-02	5.789520e-09	-4.67029e-02	-1.57274e-03	
4598	4.294420e-02	2.872826e-09	-4.67059e-02	-1.57286e-03	
4599	4.295296e-02	-1.91573e-09	-4.67078e-02	-1.57262e-03	
4600	4.296106e-02	-5.39791e-09	-4.67104e-02	-1.57274e-03	
4601	4.296965e-02	-5.83421e-09	-4.67122e-02	-1.57251e-03	
4602	4.297810e-02	-2.77762e-09	-4.67149e-02	-1.57263e-03	
4603	4.298656e-02	1.894134e-09	-4.67167e-02	-1.57240e-03	
4604	4.299443e-02	5.206842e-09	-4.67192e-02	-1.57252e-03	
4605	4.300289e-02	5.576157e-09	-4.67209e-02	-1.57229e-03	
4606	4.301145e-02	2.438554e-09	-4.67237e-02	-1.57241e-03	
4607	4.302003e-02	-2.29002e-09	-4.67254e-02	-1.57218e-03	
4608	4.302817e-02	-5.58188e-09	-4.67280e-02	-1.57231e-03	
4609	4.303679e-02	-5.68119e-09	-4.67297e-02	-1.57207e-03	
4610	4.304514e-02	-2.42149e-09	-4.67324e-02	-1.57220e-03	
4611	4.305364e-02	2.273919e-09	-4.67340e-02	-1.57196e-03	
4612	4.306175e-02	5.435191e-09	-4.67366e-02	-1.57209e-03	
4613	4.307025e-02	5.380888e-09	-4.67382e-02	-1.57186e-03	
4614	4.307873e-02	1.974097e-09	-4.67409e-02	-1.57198e-03	
4615	4.308719e-02	-2.70051e-09	-4.67425e-02	-1.57175e-03	
4616	4.309632e-02	-5.90311e-09	-4.67453e-02	-1.57187e-03	
4617	4.310467e-02	-5.32199e-09	-4.67468e-02	-1.57164e-03	
4618	4.311277e-02	-1.77207e-09	-4.67494e-02	-1.57177e-03	
4619	4.312151e-02	2.994623e-09	-4.67510e-02	-1.57154e-03	
4620	4.313024e-02	5.766308e-09	-4.67537e-02	-1.57166e-03	
4621	4.313879e-02	4.826556e-09	-4.67553e-02	-1.57143e-03	
4622	4.314714e-02	9.312553e-10	-4.67579e-02	-1.57156e-03	
4623	4.315595e-02	-3.76998e-09	-4.67594e-02	-1.57133e-03	
4624	4.316459e-02	-6.08533e-09	-4.67621e-02	-1.57146e-03	
4625	4.317352e-02	-4.54855e-09	-4.67637e-02	-1.57122e-03	
4626	4.318292e-02	1.723038e-10	-4.67665e-02	-1.57134e-03	
4627	4.319158e-02	4.457680e-09	-4.67680e-02	-1.57111e-03	
4628	4.320018e-02	5.860351e-09	-4.67707e-02	-1.57124e-03	
4629	4.320919e-02	3.371182e-09	-4.67722e-02	-1.57101e-03	
4630	4.321794e-02	-1.34121e-09	-4.67749e-02	-1.57114e-03	
4631	4.322603e-02	-5.07887e-09	-4.67762e-02	-1.57091e-03	
4632	4.323444e-02	-5.99176e-09	-4.67787e-02	-1.57104e-03	
4633	4.324390e-02	-2.91817e-09	-4.67803e-02	-1.57081e-03	
4634	4.325264e-02	1.879977e-09	-4.67830e-02	-1.57093e-03	
4635	4.326059e-02	5.227719e-09	-4.67842e-02	-1.57071e-03	
4636	4.326911e-02	5.576759e-09	-4.67868e-02	-1.57084e-03	

Index   time            l1#branch       v1#branch       v2#branch       
--------------------------------------------------------------------------------
4637	4.327747e-02	2.506283e-09	-4.67881e-02	-1.57061e-03	
4638	4.328585e-02	-2.12625e-09	-4.67906e-02	-1.57074e-03	
4639	4.329388e-02	-5.47471e-09	-4.67918e-02	-1.57052e-03	
4640	4.330244e-02	-5.75566e-09	-4.67943e-02	-1.57065e-03	
4641	4.331104e-02	-2.51686e-09	-4.67957e-02	-1.57042e-03	
4642	4.331965e-02	2.231558e-09	-4.67982e-02	-1.57055e-03	
4643	4.332773e-02	5.418841e-09	-4.67994e-02	-1.57033e-03	
4644	4.333626e-02	5.420420e-09	-4.68019e-02	-1.57046e-03	
4645	4.334453e-02	2.148991e-09	-4.68031e-02	-1.57024e-03	
4646	4.335307e-02	-2.56405e-09	-4.68056e-02	-1.57037e-03	
4647	4.336217e-02	-5.84743e-09	-4.68070e-02	-1.57014e-03	
4648	4.337050e-02	-5.38300e-09	-4.68094e-02	-1.57027e-03	
4649	4.337887e-02	-1.77291e-09	-4.68106e-02	-1.57005e-03	
4650	4.338745e-02	2.923284e-09	-4.68131e-02	-1.57018e-03	
4651	4.339631e-02	5.774245e-09	-4.68143e-02	-1.56995e-03	
4652	4.340475e-02	4.891111e-09	-4.68168e-02	-1.57009e-03	
4653	4.341295e-02	1.110093e-09	-4.68179e-02	-1.56987e-03	
4654	4.342179e-02	-3.63148e-09	-4.68204e-02	-1.57000e-03	
4655	4.343040e-02	-6.05228e-09	-4.68215e-02	-1.56977e-03	
4656	4.343930e-02	-4.65258e-09	-4.68241e-02	-1.56991e-03	
4657	4.344850e-02	-9.56090e-11	-4.68253e-02	-1.56968e-03	
4658	4.345719e-02	4.293902e-09	-4.68278e-02	-1.56981e-03	
4659	4.346580e-02	5.896239e-09	-4.68289e-02	-1.56959e-03	
4660	4.347477e-02	3.609682e-09	-4.68314e-02	-1.56972e-03	
4661	4.348388e-02	-1.22574e-09	-4.68326e-02	-1.56950e-03	
4662	4.349292e-02	-5.26943e-09	-4.68351e-02	-1.56963e-03	
4663	4.350114e-02	-5.91416e-09	-4.68360e-02	-1.56941e-03	
4664	4.350952e-02	-3.12641e-09	-4.68384e-02	-1.56955e-03	
4665	4.351792e-02	1.484712e-09	-4.68394e-02	-1.56933e-03	
4666	4.352581e-02	5.015519e-09	-4.68417e-02	-1.56947e-03	
4667	4.353412e-02	5.748157e-09	-4.68426e-02	-1.56925e-03	
4668	4.354358e-02	2.534659e-09	-4.68451e-02	-1.56938e-03	
4669	4.355230e-02	-2.25895e-09	-4.68462e-02	-1.56916e-03	
4670	4.356039e-02	-5.54065e-09	-4.68484e-02	-1.56930e-03	
4671	4.356905e-02	-5.65526e-09	-4.68494e-02	-1.56908e-03	
4672	4.357733e-02	-2.43541e-09	-4.68517e-02	-1.56922e-03	
4673	4.358587e-02	2.278349e-09	-4.68526e-02	-1.56899e-03	
4674	4.359401e-02	5.459340e-09	-4.68549e-02	-1.56914e-03	
4675	4.360252e-02	5.411500e-09	-4.68557e-02	-1.56892e-03	
4676	4.361108e-02	1.965091e-09	-4.68581e-02	-1.56906e-03	
4677	4.361964e-02	-2.74829e-09	-4.68589e-02	-1.56884e-03	
4678	4.362877e-02	-5.89741e-09	-4.68614e-02	-1.56897e-03	
4679	4.363713e-02	-5.24458e-09	-4.68622e-02	-1.56875e-03	
4680	4.364515e-02	-1.69202e-09	-4.68644e-02	-1.56890e-03	
4681	4.365396e-02	3.097235e-09	-4.68652e-02	-1.56868e-03	
4682	4.366263e-02	5.806337e-09	-4.68675e-02	-1.56882e-03	
4683	4.367127e-02	4.796945e-09	-4.68684e-02	-1.56860e-03	
4684	4.368062e-02	3.629727e-10	-4.68708e-02	-1.56874e-03	
4685	4.368907e-02	-4.06528e-09	-4.68715e-02	-1.56852e-03	
4686	4.369790e-02	-6.08673e-09	-4.68738e-02	-1.56866e-03	
4687	4.370671e-02	-4.19912e-09	-4.68746e-02	-1.56844e-03	
4688	4.371607e-02	6.363499e-10	-4.68770e-02	-1.56858e-03	
4689	4.372482e-02	4.784206e-09	-4.68778e-02	-1.56836e-03	
4690	4.373325e-02	5.834193e-09	-4.68800e-02	-1.56851e-03	
4691	4.374251e-02	2.961677e-09	-4.68808e-02	-1.56829e-03	
4692	4.375102e-02	-1.69614e-09	-4.68830e-02	-1.56843e-03	
4693	4.375896e-02	-5.22345e-09	-4.68836e-02	-1.56822e-03	
4694	4.376745e-02	-5.88074e-09	-4.68858e-02	-1.56836e-03	

Index   time            l1#branch       v1#branch       v2#branch       
--------------------------------------------------------------------------------
4695	4.377698e-02	-2.53215e-09	-4.68866e-02	-1.56814e-03	
4696	4.378575e-02	2.290787e-09	-4.68888e-02	-1.56829e-03	
4697	4.379377e-02	5.445360e-09	-4.68893e-02	-1.56807e-03	
4698	4.380240e-02	5.423261e-09	-4.68915e-02	-1.56822e-03	
4699	4.381059e-02	2.156458e-09	-4.68921e-02	-1.56800e-03	
4700	4.381920e-02	-2.58902e-09	-4.68942e-02	-1.56815e-03	
4701	4.382826e-02	-5.83334e-09	-4.68949e-02	-1.56793e-03	
4702	4.383662e-02	-5.33429e-09	-4.68970e-02	-1.56808e-03	
4703	4.384507e-02	-1.66235e-09	-4.68975e-02	-1.56787e-03	
4704	4.385363e-02	3.019490e-09	-4.68997e-02	-1.56801e-03	
4705	4.386250e-02	5.815906e-09	-4.69003e-02	-1.56780e-03	
4706	4.387097e-02	4.858765e-09	-4.69023e-02	-1.56795e-03	
4707	4.387919e-02	1.028965e-09	-4.69028e-02	-1.56773e-03	
4708	4.388805e-02	-3.70531e-09	-4.69049e-02	-1.56788e-03	
4709	4.389664e-02	-6.04046e-09	-4.69054e-02	-1.56767e-03	
4710	4.390557e-02	-4.54576e-09	-4.69076e-02	-1.56782e-03	
4711	4.391463e-02	-1.41794e-11	-4.69081e-02	-1.56760e-03	
4712	4.392341e-02	4.389083e-09	-4.69102e-02	-1.56775e-03	
4713	4.393196e-02	5.916082e-09	-4.69107e-02	-1.56754e-03	
4714	4.394103e-02	3.537345e-09	-4.69128e-02	-1.56768e-03	
4715	4.395018e-02	-1.33879e-09	-4.69133e-02	-1.56747e-03	
4716	4.395926e-02	-5.32438e-09	-4.69154e-02	-1.56762e-03	
4717	4.396745e-02	-5.85210e-09	-4.69157e-02	-1.56741e-03	
4718	4.397571e-02	-3.03018e-09	-4.69177e-02	-1.56756e-03	
4719	4.398398e-02	1.526832e-09	-4.69180e-02	-1.56735e-03	
4720	4.399184e-02	5.040027e-09	-4.69199e-02	-1.56751e-03	
4721	4.400015e-02	5.772376e-09	-4.69202e-02	-1.56729e-03	
4722	4.400965e-02	2.542800e-09	-4.69223e-02	-1.56744e-03	
4723	4.401844e-02	-2.28841e-09	-4.69227e-02	-1.56723e-03	
4724	4.402655e-02	-5.54486e-09	-4.69246e-02	-1.56739e-03	
4725	4.403523e-02	-5.60271e-09	-4.69249e-02	-1.56718e-03	
4726	4.404340e-02	-2.39122e-09	-4.69268e-02	-1.56733e-03	
4727	4.405200e-02	2.351756e-09	-4.69271e-02	-1.56712e-03	
4728	4.406111e-02	5.668792e-09	-4.69291e-02	-1.56727e-03	
4729	4.406933e-02	5.267613e-09	-4.69293e-02	-1.56707e-03	
4730	4.407783e-02	1.646935e-09	-4.69312e-02	-1.56722e-03	
4731	4.408630e-02	-3.00492e-09	-4.69315e-02	-1.56701e-03	
4732	4.409523e-02	-5.92354e-09	-4.69334e-02	-1.56717e-03	
4733	4.410371e-02	-5.07391e-09	-4.69336e-02	-1.56696e-03	
4734	4.411185e-02	-1.33769e-09	-4.69355e-02	-1.56711e-03	
4735	4.412071e-02	3.425977e-09	-4.69357e-02	-1.56691e-03	
4736	4.412933e-02	5.886514e-09	-4.69376e-02	-1.56706e-03	
4737	4.413811e-02	4.571100e-09	-4.69377e-02	-1.56685e-03	
4738	4.414720e-02	1.049891e-10	-4.69397e-02	-1.56701e-03	
4739	4.415588e-02	-4.32979e-09	-4.69398e-02	-1.56680e-03	
4740	4.416451e-02	-6.05915e-09	-4.69417e-02	-1.56696e-03	
4741	4.417355e-02	-3.86565e-09	-4.69418e-02	-1.56675e-03	
4742	4.418282e-02	1.028312e-09	-4.69437e-02	-1.56691e-03	
4743	4.419177e-02	5.067758e-09	-4.69439e-02	-1.56670e-03	
4744	4.420005e-02	5.777908e-09	-4.69456e-02	-1.56686e-03	
4745	4.420833e-02	3.071601e-09	-4.69457e-02	-1.56665e-03	
4746	4.421665e-02	-1.48092e-09	-4.69474e-02	-1.56681e-03	
4747	4.422455e-02	-5.08265e-09	-4.69474e-02	-1.56661e-03	
4748	4.423289e-02	-5.92479e-09	-4.69492e-02	-1.56677e-03	
4749	4.424242e-02	-2.77460e-09	-4.69493e-02	-1.56656e-03	
4750	4.425129e-02	2.090714e-09	-4.69511e-02	-1.56672e-03	
4751	4.425935e-02	5.378898e-09	-4.69510e-02	-1.56652e-03	
4752	4.426795e-02	5.538508e-09	-4.69528e-02	-1.56668e-03	

Index   time            l1#branch       v1#branch       v2#branch       
--------------------------------------------------------------------------------
4753	4.427609e-02	2.422038e-09	-4.69527e-02	-1.56648e-03	
4754	4.428464e-02	-2.29573e-09	-4.69544e-02	-1.56664e-03	
4755	4.429283e-02	-5.55792e-09	-4.69543e-02	-1.56643e-03	
4756	4.430140e-02	-5.58395e-09	-4.69560e-02	-1.56660e-03	
4757	4.431012e-02	-2.10749e-09	-4.69560e-02	-1.56639e-03	
4758	4.431883e-02	2.678081e-09	-4.69577e-02	-1.56655e-03	
4759	4.432802e-02	5.784572e-09	-4.69576e-02	-1.56635e-03	
4760	4.433631e-02	5.072845e-09	-4.69593e-02	-1.56651e-03	
4761	4.434428e-02	1.515000e-09	-4.69591e-02	-1.56631e-03	
4762	4.435311e-02	-3.27826e-09	-4.69608e-02	-1.56648e-03	
4763	4.436174e-02	-5.94643e-09	-4.69606e-02	-1.56627e-03	
4764	4.437051e-02	-4.86975e-09	-4.69623e-02	-1.56644e-03	
4765	4.437968e-02	-4.87794e-10	-4.69622e-02	-1.56624e-03	
4766	4.438825e-02	3.987489e-09	-4.69638e-02	-1.56640e-03	
4767	4.439701e-02	5.956772e-09	-4.69636e-02	-1.56620e-03	
4768	4.440581e-02	4.048245e-09	-4.69653e-02	-1.56636e-03	
4769	4.441527e-02	-8.44852e-10	-4.69651e-02	-1.56616e-03	
4770	4.442399e-02	-4.94889e-09	-4.69667e-02	-1.56633e-03	
4771	4.443242e-02	-5.94909e-09	-4.69665e-02	-1.56613e-03	
4772	4.444077e-02	-3.42132e-09	-4.69680e-02	-1.56629e-03	
4773	4.444915e-02	1.129758e-09	-4.69677e-02	-1.56609e-03	
4774	4.445714e-02	4.862721e-09	-4.69693e-02	-1.56626e-03	
4775	4.446531e-02	5.882201e-09	-4.69689e-02	-1.56606e-03	
4776	4.447476e-02	2.973041e-09	-4.69706e-02	-1.56623e-03	
4777	4.448371e-02	-1.89973e-09	-4.69703e-02	-1.56603e-03	
4778	4.449182e-02	-5.35342e-09	-4.69718e-02	-1.56620e-03	
4779	4.450041e-02	-5.72885e-09	-4.69714e-02	-1.56600e-03	
4780	4.450857e-02	-2.76167e-09	-4.69729e-02	-1.56617e-03	
4781	4.451703e-02	1.904189e-09	-4.69725e-02	-1.56597e-03	
4782	4.452495e-02	5.266634e-09	-4.69740e-02	-1.56614e-03	
4783	4.453342e-02	5.668534e-09	-4.69736e-02	-1.56595e-03	
4784	4.454300e-02	2.090341e-09	-4.69751e-02	-1.56611e-03	
4785	4.455184e-02	-2.75684e-09	-4.69747e-02	-1.56592e-03	
4786	4.456009e-02	-5.73976e-09	-4.69762e-02	-1.56609e-03	
4787	4.456883e-02	-5.29177e-09	-4.69758e-02	-1.56589e-03	
4788	4.457692e-02	-1.79281e-09	-4.69772e-02	-1.56606e-03	
4789	4.458576e-02	3.025481e-09	-4.69767e-02	-1.56587e-03	
4790	4.459456e-02	5.840152e-09	-4.69782e-02	-1.56603e-03	
4791	4.460314e-02	4.903123e-09	-4.69777e-02	-1.56584e-03	
4792	4.461256e-02	4.790678e-10	-4.69791e-02	-1.56601e-03	
4793	4.462107e-02	-3.98640e-09	-4.69786e-02	-1.56582e-03	
4794	4.462994e-02	-6.03779e-09	-4.69800e-02	-1.56599e-03	
4795	4.463869e-02	-4.18595e-09	-4.69795e-02	-1.56579e-03	
4796	4.464826e-02	7.370876e-10	-4.69809e-02	-1.56596e-03	
4797	4.465690e-02	4.831542e-09	-4.69804e-02	-1.56577e-03	
4798	4.466537e-02	5.878830e-09	-4.69817e-02	-1.56594e-03	
4799	4.467462e-02	3.000794e-09	-4.69812e-02	-1.56575e-03	
4800	4.468294e-02	-1.57019e-09	-4.69825e-02	-1.56592e-03	
4801	4.469084e-02	-5.12071e-09	-4.69819e-02	-1.56573e-03	
4802	4.469923e-02	-5.86979e-09	-4.69832e-02	-1.56591e-03	
4803	4.470875e-02	-2.62578e-09	-4.69826e-02	-1.56571e-03	
4804	4.471770e-02	2.276794e-09	-4.69839e-02	-1.56589e-03	
4805	4.472582e-02	5.488111e-09	-4.69833e-02	-1.56570e-03	
4806	4.473448e-02	5.472428e-09	-4.69846e-02	-1.56587e-03	
4807	4.474258e-02	2.248277e-09	-4.69839e-02	-1.56568e-03	
4808	4.475123e-02	-2.51620e-09	-4.69851e-02	-1.56586e-03	
4809	4.476027e-02	-5.77409e-09	-4.69844e-02	-1.56567e-03	
4810	4.476861e-02	-5.30953e-09	-4.69857e-02	-1.56584e-03	

Index   time            l1#branch       v1#branch       v2#branch       
--------------------------------------------------------------------------------
4811	4.477726e-02	-1.56552e-09	-4.69850e-02	-1.56565e-03	
4812	4.478586e-02	3.127060e-09	-4.69862e-02	-1.56583e-03	
4813	4.479477e-02	5.881932e-09	-4.69855e-02	-1.56564e-03	
4814	4.480328e-02	4.842394e-09	-4.69867e-02	-1.56582e-03	
4815	4.481146e-02	9.826368e-10	-4.69859e-02	-1.56563e-03	
4816	4.482038e-02	-3.75302e-09	-4.69871e-02	-1.56580e-03	
4817	4.482892e-02	-6.00221e-09	-4.69863e-02	-1.56562e-03	
4818	4.483788e-02	-4.42020e-09	-4.69875e-02	-1.56579e-03	
4819	4.484669e-02	2.618962e-11	-4.69867e-02	-1.56561e-03	
4820	4.485562e-02	4.479934e-09	-4.69879e-02	-1.56578e-03	
4821	4.486409e-02	5.962882e-09	-4.69870e-02	-1.56560e-03	
4822	4.487330e-02	3.512248e-09	-4.69882e-02	-1.56578e-03	
4823	4.488259e-02	-1.44927e-09	-4.69873e-02	-1.56559e-03	
4824	4.489167e-02	-5.35024e-09	-4.69885e-02	-1.56577e-03	
4825	4.489989e-02	-5.75362e-09	-4.69876e-02	-1.56558e-03	
4826	4.490792e-02	-2.92716e-09	-4.69887e-02	-1.56576e-03	
4827	4.491630e-02	1.683045e-09	-4.69878e-02	-1.56558e-03	
4828	4.492415e-02	5.145332e-09	-4.69889e-02	-1.56576e-03	
4829	4.493256e-02	5.780842e-09	-4.69879e-02	-1.56557e-03	
4830	4.494207e-02	2.437350e-09	-4.69890e-02	-1.56575e-03	
4831	4.495104e-02	-2.47408e-09	-4.69880e-02	-1.56557e-03	
4832	4.495921e-02	-5.60779e-09	-4.69891e-02	-1.56575e-03	
4833	4.496793e-02	-5.42746e-09	-4.69881e-02	-1.56557e-03	
4834	4.497602e-02	-2.09622e-09	-4.69892e-02	-1.56575e-03	
4835	4.498475e-02	2.701623e-09	-4.69881e-02	-1.56557e-03	
4836	4.499370e-02	5.786492e-09	-4.69892e-02	-1.56575e-03	
4837	4.500212e-02	5.142192e-09	-4.69881e-02	-1.56557e-03	
4838	4.501078e-02	1.275041e-09	-4.69892e-02	-1.56575e-03	
4839	4.501939e-02	-3.38699e-09	-4.69881e-02	-1.56557e-03	
4840	4.502822e-02	-5.95754e-09	-4.69891e-02	-1.56575e-03	
4841	4.503685e-02	-4.71068e-09	-4.69880e-02	-1.56557e-03	
4842	4.504516e-02	-6.80674e-10	-4.69890e-02	-1.56575e-03	
4843	4.505413e-02	3.998944e-09	-4.69879e-02	-1.56557e-03	
4844	4.506261e-02	5.987476e-09	-4.69888e-02	-1.56575e-03	
4845	4.507168e-02	4.106305e-09	-4.69877e-02	-1.56557e-03	
4846	4.508031e-02	-3.62395e-10	-4.69886e-02	-1.56576e-03	
4847	4.508945e-02	-4.77284e-09	-4.69875e-02	-1.56558e-03	
4848	4.509776e-02	-5.96168e-09	-4.69884e-02	-1.56576e-03	
4849	4.510725e-02	-3.15790e-09	-4.69872e-02	-1.56559e-03	
4850	4.511644e-02	1.821207e-09	-4.69881e-02	-1.56577e-03	
4851	4.512464e-02	5.308407e-09	-4.69869e-02	-1.56559e-03	
4852	4.513322e-02	5.675513e-09	-4.69878e-02	-1.56578e-03	
4853	4.514125e-02	2.764145e-09	-4.69866e-02	-1.56560e-03	
4854	4.514975e-02	-1.92085e-09	-4.69874e-02	-1.56579e-03	
4855	4.515772e-02	-5.30891e-09	-4.69862e-02	-1.56561e-03	
4856	4.516622e-02	-5.71520e-09	-4.69871e-02	-1.56579e-03	
4857	4.517581e-02	-2.12773e-09	-4.69858e-02	-1.56562e-03	
4858	4.518478e-02	2.777113e-09	-4.69866e-02	-1.56581e-03	
4859	4.519304e-02	5.720677e-09	-4.69853e-02	-1.56563e-03	
4860	4.520179e-02	5.206384e-09	-4.69861e-02	-1.56582e-03	
4861	4.520986e-02	1.679269e-09	-4.69848e-02	-1.56564e-03	
4862	4.521873e-02	-3.14589e-09	-4.69856e-02	-1.56583e-03	
4863	4.522750e-02	-5.89503e-09	-4.69842e-02	-1.56566e-03	
4864	4.523616e-02	-4.87855e-09	-4.69850e-02	-1.56584e-03	
4865	4.524562e-02	-3.88753e-10	-4.69836e-02	-1.56567e-03	
4866	4.525425e-02	4.092797e-09	-4.69844e-02	-1.56586e-03	
4867	4.526307e-02	6.001457e-09	-4.69830e-02	-1.56569e-03	
4868	4.527189e-02	4.001025e-09	-4.69837e-02	-1.56587e-03	

Index   time            l1#branch       v1#branch       v2#branch       
--------------------------------------------------------------------------------
4869	4.528151e-02	-1.00042e-09	-4.69822e-02	-1.56570e-03	
4870	4.529019e-02	-5.00725e-09	-4.69830e-02	-1.56589e-03	
4871	4.529860e-02	-5.86997e-09	-4.69815e-02	-1.56572e-03	
4872	4.530672e-02	-3.33070e-09	-4.69823e-02	-1.56591e-03	
4873	4.531494e-02	1.146738e-09	-4.69808e-02	-1.56574e-03	
4874	4.532289e-02	4.878784e-09	-4.69815e-02	-1.56593e-03	
4875	4.533105e-02	5.935597e-09	-4.69801e-02	-1.56576e-03	
4876	4.534054e-02	3.048564e-09	-4.69807e-02	-1.56595e-03	
4877	4.534965e-02	-1.90259e-09	-4.69792e-02	-1.56578e-03	
4878	4.535782e-02	-5.34319e-09	-4.69798e-02	-1.56597e-03	
4879	4.536642e-02	-5.65840e-09	-4.69783e-02	-1.56580e-03	
4880	4.537445e-02	-2.70201e-09	-4.69790e-02	-1.56599e-03	
4881	4.538298e-02	1.998481e-09	-4.69774e-02	-1.56582e-03	
4882	4.539099e-02	5.357453e-09	-4.69781e-02	-1.56601e-03	
4883	4.539951e-02	5.675502e-09	-4.69765e-02	-1.56584e-03	
4884	4.540914e-02	1.997795e-09	-4.69770e-02	-1.56604e-03	
4885	4.541813e-02	-2.90938e-09	-4.69754e-02	-1.56587e-03	
4886	4.542645e-02	-5.77035e-09	-4.69760e-02	-1.56606e-03	
4887	4.543522e-02	-5.11012e-09	-4.69744e-02	-1.56589e-03	
4888	4.544333e-02	-1.47591e-09	-4.69750e-02	-1.56609e-03	
4889	4.545224e-02	3.340494e-09	-4.69733e-02	-1.56592e-03	
4890	4.546094e-02	5.934336e-09	-4.69738e-02	-1.56611e-03	
4891	4.546970e-02	4.736971e-09	-4.69722e-02	-1.56595e-03	
4892	4.547897e-02	2.414669e-10	-4.69726e-02	-1.56614e-03	
4893	4.548761e-02	-4.20103e-09	-4.69709e-02	-1.56598e-03	
4894	4.549633e-02	-5.99145e-09	-4.69714e-02	-1.56617e-03	
4895	4.550523e-02	-3.87837e-09	-4.69697e-02	-1.56601e-03	
4896	4.551482e-02	1.142699e-09	-4.69701e-02	-1.56620e-03	
4897	4.552358e-02	5.111168e-09	-4.69684e-02	-1.56604e-03	
4898	4.553194e-02	5.849308e-09	-4.69689e-02	-1.56624e-03	
4899	4.553996e-02	3.264914e-09	-4.69671e-02	-1.56607e-03	
4900	4.554824e-02	-1.25779e-09	-4.69676e-02	-1.56627e-03	
4901	4.555617e-02	-4.93327e-09	-4.69659e-02	-1.56610e-03	
4902	4.556439e-02	-5.89650e-09	-4.69663e-02	-1.56630e-03	
4903	4.557387e-02	-2.90759e-09	-4.69645e-02	-1.56614e-03	
4904	4.558302e-02	2.068945e-09	-4.69648e-02	-1.56633e-03	
4905	4.559123e-02	5.440483e-09	-4.69630e-02	-1.56617e-03	
4906	4.559987e-02	5.606491e-09	-4.69634e-02	-1.56637e-03	
4907	4.560794e-02	2.521567e-09	-4.69616e-02	-1.56621e-03	
4908	4.561652e-02	-2.21323e-09	-4.69620e-02	-1.56640e-03	
4909	4.562467e-02	-5.47411e-09	-4.69602e-02	-1.56624e-03	
4910	4.563321e-02	-5.53505e-09	-4.69605e-02	-1.56644e-03	
4911	4.564295e-02	-1.60636e-09	-4.69586e-02	-1.56628e-03	
4912	4.565194e-02	3.259933e-09	-4.69589e-02	-1.56648e-03	
4913	4.566131e-02	5.976624e-09	-4.69569e-02	-1.56632e-03	
4914	4.566975e-02	4.706346e-09	-4.69572e-02	-1.56652e-03	
4915	4.567787e-02	7.671107e-10	-4.69553e-02	-1.56636e-03	
4916	4.568686e-02	-3.94134e-09	-4.69556e-02	-1.56656e-03	
4917	4.569529e-02	-5.97514e-09	-4.69536e-02	-1.56640e-03	
4918	4.570438e-02	-4.15992e-09	-4.69539e-02	-1.56660e-03	
4919	4.571293e-02	2.445973e-10	-4.69519e-02	-1.56645e-03	
4920	4.572209e-02	4.712741e-09	-4.69521e-02	-1.56665e-03	
4921	4.573042e-02	5.986616e-09	-4.69501e-02	-1.56649e-03	
4922	4.573989e-02	3.269561e-09	-4.69503e-02	-1.56669e-03	
4923	4.574924e-02	-1.77158e-09	-4.69482e-02	-1.56654e-03	
4924	4.575750e-02	-5.29044e-09	-4.69484e-02	-1.56674e-03	
4925	4.576608e-02	-5.66257e-09	-4.69464e-02	-1.56658e-03	
4926	4.577412e-02	-2.75029e-09	-4.69467e-02	-1.56678e-03	

Index   time            l1#branch       v1#branch       v2#branch       
--------------------------------------------------------------------------------
4927	4.578262e-02	1.933194e-09	-4.69446e-02	-1.56663e-03	
4928	4.579059e-02	5.326769e-09	-4.69449e-02	-1.56683e-03	
4929	4.579910e-02	5.732712e-09	-4.69428e-02	-1.56667e-03	
4930	4.580871e-02	2.137662e-09	-4.69428e-02	-1.56687e-03	
4931	4.581780e-02	-2.82115e-09	-4.69407e-02	-1.56672e-03	
4932	4.582610e-02	-5.72559e-09	-4.69408e-02	-1.56692e-03	
4933	4.583487e-02	-5.13407e-09	-4.69387e-02	-1.56677e-03	
4934	4.584292e-02	-1.57016e-09	-4.69389e-02	-1.56697e-03	
4935	4.585183e-02	3.263037e-09	-4.69367e-02	-1.56682e-03	
4936	4.586055e-02	5.936695e-09	-4.69368e-02	-1.56702e-03	
4937	4.586929e-02	4.829916e-09	-4.69346e-02	-1.56687e-03	
4938	4.587877e-02	2.776717e-10	-4.69346e-02	-1.56708e-03	
4939	4.588753e-02	-4.21098e-09	-4.69324e-02	-1.56693e-03	
4940	4.589631e-02	-5.96795e-09	-4.69324e-02	-1.56713e-03	
4941	4.590519e-02	-3.80959e-09	-4.69302e-02	-1.56698e-03	
4942	4.591486e-02	1.267127e-09	-4.69301e-02	-1.56719e-03	
4943	4.592359e-02	5.178786e-09	-4.69278e-02	-1.56704e-03	
4944	4.593198e-02	5.844377e-09	-4.69279e-02	-1.56724e-03	
4945	4.593989e-02	3.243521e-09	-4.69257e-02	-1.56709e-03	
4946	4.594826e-02	-1.32514e-09	-4.69258e-02	-1.56730e-03	
4947	4.595618e-02	-4.96255e-09	-4.69236e-02	-1.56714e-03	
4948	4.596444e-02	-5.85573e-09	-4.69236e-02	-1.56735e-03	
4949	4.597391e-02	-2.79774e-09	-4.69212e-02	-1.56720e-03	
4950	4.598311e-02	2.214561e-09	-4.69211e-02	-1.56741e-03	
4951	4.599138e-02	5.529042e-09	-4.69188e-02	-1.56726e-03	
4952	4.600006e-02	5.557631e-09	-4.69188e-02	-1.56747e-03	
4953	4.600817e-02	2.357603e-09	-4.69165e-02	-1.56732e-03	
4954	4.601681e-02	-2.40239e-09	-4.69164e-02	-1.56753e-03	
4955	4.602588e-02	-5.69705e-09	-4.69140e-02	-1.56738e-03	
4956	4.603414e-02	-5.27923e-09	-4.69140e-02	-1.56759e-03	
4957	4.604306e-02	-1.44012e-09	-4.69115e-02	-1.56744e-03	
4958	4.605192e-02	3.354945e-09	-4.69114e-02	-1.56765e-03	
4959	4.606088e-02	5.981671e-09	-4.69089e-02	-1.56751e-03	
4960	4.606950e-02	4.743089e-09	-4.69088e-02	-1.56771e-03	
4961	4.607769e-02	7.768126e-10	-4.69064e-02	-1.56757e-03	
4962	4.608671e-02	-3.93546e-09	-4.69063e-02	-1.56778e-03	
4963	4.609517e-02	-5.95606e-09	-4.69038e-02	-1.56763e-03	
4964	4.610423e-02	-4.12161e-09	-4.69036e-02	-1.56784e-03	
4965	4.611286e-02	3.316166e-10	-4.69011e-02	-1.56770e-03	
4966	4.612198e-02	4.761811e-09	-4.69009e-02	-1.56791e-03	
4967	4.613031e-02	6.001938e-09	-4.68984e-02	-1.56777e-03	
4968	4.613980e-02	3.245697e-09	-4.68981e-02	-1.56798e-03	
4969	4.614921e-02	-1.83092e-09	-4.68955e-02	-1.56784e-03	
4970	4.615839e-02	-5.50262e-09	-4.68952e-02	-1.56805e-03	
4971	4.616667e-02	-5.50206e-09	-4.68927e-02	-1.56791e-03	
4972	4.617460e-02	-2.42240e-09	-4.68926e-02	-1.56812e-03	
4973	4.618319e-02	2.313968e-09	-4.68900e-02	-1.56797e-03	
4974	4.619225e-02	5.721832e-09	-4.68897e-02	-1.56819e-03	
4975	4.620052e-02	5.448761e-09	-4.68872e-02	-1.56804e-03	
4976	4.620950e-02	1.676320e-09	-4.68869e-02	-1.56826e-03	
4977	4.621844e-02	-3.16964e-09	-4.68842e-02	-1.56812e-03	
4978	4.622747e-02	-5.88152e-09	-4.68838e-02	-1.56833e-03	
4979	4.623599e-02	-4.73593e-09	-4.68812e-02	-1.56819e-03	
4980	4.624409e-02	-8.64617e-10	-4.68810e-02	-1.56840e-03	
4981	4.625308e-02	3.882687e-09	-4.68783e-02	-1.56826e-03	
4982	4.626156e-02	6.036607e-09	-4.68780e-02	-1.56847e-03	
4983	4.627063e-02	4.338749e-09	-4.68753e-02	-1.56834e-03	
4984	4.627945e-02	-1.59038e-10	-4.68749e-02	-1.56855e-03	

Index   time            l1#branch       v1#branch       v2#branch       
--------------------------------------------------------------------------------
4985	4.628844e-02	-4.57532e-09	-4.68721e-02	-1.56841e-03	
4986	4.629686e-02	-5.91801e-09	-4.68718e-02	-1.56863e-03	
4987	4.630614e-02	-3.31895e-09	-4.68690e-02	-1.56849e-03	
4988	4.631564e-02	1.776593e-09	-4.68685e-02	-1.56871e-03	
4989	4.632469e-02	5.510207e-09	-4.68657e-02	-1.56858e-03	
4990	4.633307e-02	5.665400e-09	-4.68653e-02	-1.56879e-03	
4991	4.634101e-02	2.674803e-09	-4.68627e-02	-1.56865e-03	
4992	4.634957e-02	-2.04258e-09	-4.68623e-02	-1.56886e-03	
4993	4.635764e-02	-5.35918e-09	-4.68596e-02	-1.56872e-03	
4994	4.636612e-02	-5.57201e-09	-4.68593e-02	-1.56894e-03	
4995	4.637578e-02	-1.80681e-09	-4.68563e-02	-1.56881e-03	
4996	4.638493e-02	3.158349e-09	-4.68557e-02	-1.56903e-03	
4997	4.639339e-02	5.906530e-09	-4.68529e-02	-1.56889e-03	
4998	4.640223e-02	4.996574e-09	-4.68524e-02	-1.56911e-03	
4999	4.641037e-02	1.212444e-09	-4.68497e-02	-1.56897e-03	
5000	4.641937e-02	-3.58559e-09	-4.68492e-02	-1.56919e-03	
5001	4.642797e-02	-5.91082e-09	-4.68463e-02	-1.56905e-03	
5002	4.643684e-02	-4.42064e-09	-4.68458e-02	-1.56927e-03	
5003	4.644596e-02	1.415518e-10	-4.68428e-02	-1.56914e-03	
5004	4.645476e-02	4.541226e-09	-4.68422e-02	-1.56936e-03	
5005	4.646331e-02	6.045651e-09	-4.68393e-02	-1.56923e-03	
5006	4.647249e-02	3.601731e-09	-4.68387e-02	-1.56945e-03	
5007	4.648211e-02	-1.51738e-09	-4.68356e-02	-1.56932e-03	
5008	4.649101e-02	-5.29904e-09	-4.68350e-02	-1.56954e-03	
5009	4.649935e-02	-5.63041e-09	-4.68321e-02	-1.56941e-03	
5010	4.650728e-02	-2.77874e-09	-4.68317e-02	-1.56962e-03	
5011	4.651575e-02	1.886931e-09	-4.68288e-02	-1.56949e-03	
5012	4.652373e-02	5.323424e-09	-4.68283e-02	-1.56970e-03	
5013	4.653223e-02	5.799305e-09	-4.68254e-02	-1.56957e-03	
5014	4.654184e-02	2.260481e-09	-4.68246e-02	-1.56980e-03	
5015	4.655109e-02	-2.77240e-09	-4.68214e-02	-1.56967e-03	
5016	4.655939e-02	-5.68345e-09	-4.68209e-02	-1.56989e-03	
5017	4.656816e-02	-5.09913e-09	-4.68178e-02	-1.56976e-03	
5018	4.657623e-02	-1.53282e-09	-4.68173e-02	-1.56998e-03	
5019	4.658513e-02	3.297997e-09	-4.68142e-02	-1.56985e-03	
5020	4.659386e-02	5.975502e-09	-4.68136e-02	-1.57007e-03	
5021	4.660262e-02	4.862918e-09	-4.68105e-02	-1.56994e-03	
5022	4.661226e-02	2.272349e-10	-4.68096e-02	-1.57017e-03	
5023	4.662119e-02	-4.29260e-09	-4.68064e-02	-1.57004e-03	
5024	4.662998e-02	-5.91895e-09	-4.68057e-02	-1.57026e-03	
5025	4.663888e-02	-3.62190e-09	-4.68025e-02	-1.57014e-03	
5026	4.664761e-02	1.032003e-09	-4.68018e-02	-1.57036e-03	
5027	4.665577e-02	4.903115e-09	-4.67988e-02	-1.57023e-03	
5028	4.666404e-02	6.010042e-09	-4.67982e-02	-1.57045e-03	
5029	4.667188e-02	3.824716e-09	-4.67952e-02	-1.57032e-03	
5030	4.668003e-02	-5.19822e-10	-4.67946e-02	-1.57054e-03	
5031	4.668808e-02	-4.49172e-09	-4.67916e-02	-1.57041e-03	
5032	4.669619e-02	-5.91805e-09	-4.67909e-02	-1.57063e-03	
5033	4.670548e-02	-3.49681e-09	-4.67876e-02	-1.57051e-03	
5034	4.671498e-02	1.558119e-09	-4.67866e-02	-1.57073e-03	
5035	4.672401e-02	5.418822e-09	-4.67833e-02	-1.57061e-03	
5036	4.673236e-02	5.778609e-09	-4.67826e-02	-1.57083e-03	
5037	4.674025e-02	2.962016e-09	-4.67796e-02	-1.57071e-03	
5038	4.674874e-02	-1.70429e-09	-4.67788e-02	-1.57093e-03	
5039	4.675661e-02	-5.13410e-09	-4.67758e-02	-1.57080e-03	
5040	4.676502e-02	-5.69772e-09	-4.67750e-02	-1.57102e-03	
5041	4.677451e-02	-2.30565e-09	-4.67715e-02	-1.57091e-03	
5042	4.678381e-02	2.757741e-09	-4.67705e-02	-1.57113e-03	

Index   time            l1#branch       v1#branch       v2#branch       
--------------------------------------------------------------------------------
5043	4.679219e-02	5.786994e-09	-4.67673e-02	-1.57101e-03	
5044	4.680101e-02	5.302295e-09	-4.67664e-02	-1.57123e-03	
5045	4.680908e-02	1.785931e-09	-4.67633e-02	-1.57111e-03	
5046	4.681796e-02	-3.04499e-09	-4.67624e-02	-1.57133e-03	
5047	4.682674e-02	-5.80831e-09	-4.67590e-02	-1.57122e-03	
5048	4.683533e-02	-4.82087e-09	-4.67581e-02	-1.57144e-03	
5049	4.684520e-02	-1.49489e-10	-4.67545e-02	-1.57133e-03	
5050	4.685418e-02	4.414283e-09	-4.67535e-02	-1.57155e-03	
5051	4.686305e-02	6.072080e-09	-4.67501e-02	-1.57144e-03	
5052	4.687203e-02	3.752359e-09	-4.67491e-02	-1.57166e-03	
5053	4.688073e-02	-8.93507e-10	-4.67457e-02	-1.57154e-03	
5054	4.688888e-02	-4.75404e-09	-4.67449e-02	-1.57177e-03	
5055	4.689707e-02	-5.85665e-09	-4.67416e-02	-1.57165e-03	
5056	4.690485e-02	-3.71085e-09	-4.67409e-02	-1.57187e-03	
5057	4.691308e-02	6.588920e-10	-4.67376e-02	-1.57175e-03	
5058	4.692115e-02	4.646593e-09	-4.67368e-02	-1.57197e-03	
5059	4.692928e-02	6.078013e-09	-4.67335e-02	-1.57185e-03	
5060	4.693868e-02	3.611841e-09	-4.67323e-02	-1.57208e-03	
5061	4.694823e-02	-1.47371e-09	-4.67286e-02	-1.57197e-03	
5062	4.695726e-02	-5.29277e-09	-4.67275e-02	-1.57220e-03	
5063	4.696552e-02	-5.60349e-09	-4.67242e-02	-1.57208e-03	
5064	4.697341e-02	-2.76423e-09	-4.67233e-02	-1.57230e-03	
5065	4.698188e-02	1.898114e-09	-4.67199e-02	-1.57218e-03	
5066	4.698988e-02	5.346396e-09	-4.67190e-02	-1.57241e-03	
5067	4.699839e-02	5.825521e-09	-4.67156e-02	-1.57229e-03	
5068	4.700802e-02	2.279771e-09	-4.67143e-02	-1.57252e-03	
5069	4.701736e-02	-2.79330e-09	-4.67106e-02	-1.57241e-03	
5070	4.702567e-02	-5.67490e-09	-4.67096e-02	-1.57264e-03	
5071	4.703446e-02	-5.03988e-09	-4.67060e-02	-1.57253e-03	
5072	4.704252e-02	-1.44201e-09	-4.67051e-02	-1.57275e-03	
5073	4.705145e-02	3.387981e-09	-4.67015e-02	-1.57264e-03	
5074	4.706015e-02	6.012597e-09	-4.67003e-02	-1.57287e-03	
5075	4.706896e-02	4.833347e-09	-4.66967e-02	-1.57276e-03	
5076	4.707863e-02	1.521388e-10	-4.66953e-02	-1.57299e-03	
5077	4.708765e-02	-4.36784e-09	-4.66917e-02	-1.57288e-03	
5078	4.709640e-02	-5.88223e-09	-4.66905e-02	-1.57311e-03	
5079	4.710536e-02	-3.47249e-09	-4.66868e-02	-1.57300e-03	
5080	4.711412e-02	1.225514e-09	-4.66856e-02	-1.57323e-03	
5081	4.712224e-02	5.016890e-09	-4.66821e-02	-1.57312e-03	
5082	4.713059e-02	6.003453e-09	-4.66811e-02	-1.57335e-03	
5083	4.713836e-02	3.727578e-09	-4.66777e-02	-1.57323e-03	
5084	4.714660e-02	-6.96774e-10	-4.66766e-02	-1.57346e-03	
5085	4.715463e-02	-4.58866e-09	-4.66731e-02	-1.57334e-03	
5086	4.716271e-02	-5.87786e-09	-4.66721e-02	-1.57357e-03	
5087	4.717205e-02	-3.30601e-09	-4.66682e-02	-1.57346e-03	
5088	4.718158e-02	1.795034e-09	-4.66668e-02	-1.57370e-03	
5089	4.719066e-02	5.551979e-09	-4.66629e-02	-1.57359e-03	
5090	4.719907e-02	5.713386e-09	-4.66618e-02	-1.57382e-03	
5091	4.720701e-02	2.722944e-09	-4.66583e-02	-1.57371e-03	
5092	4.721557e-02	-1.99785e-09	-4.66571e-02	-1.57394e-03	
5093	4.722361e-02	-5.30525e-09	-4.66535e-02	-1.57383e-03	
5094	4.723207e-02	-5.53277e-09	-4.66523e-02	-1.57406e-03	
5095	4.724169e-02	-1.80109e-09	-4.66483e-02	-1.57396e-03	
5096	4.725101e-02	3.239241e-09	-4.66468e-02	-1.57419e-03	
5097	4.726039e-02	6.046898e-09	-4.66428e-02	-1.57409e-03	
5098	4.726894e-02	4.835893e-09	-4.66416e-02	-1.57432e-03	
5099	4.727692e-02	9.942580e-10	-4.66380e-02	-1.57421e-03	
5100	4.728598e-02	-3.77413e-09	-4.66366e-02	-1.57445e-03	

Index   time            l1#branch       v1#branch       v2#branch       
--------------------------------------------------------------------------------
5101	4.729441e-02	-5.88145e-09	-4.66329e-02	-1.57434e-03	
5102	4.730343e-02	-4.17353e-09	-4.66314e-02	-1.57457e-03	
5103	4.731246e-02	4.324432e-10	-4.66275e-02	-1.57447e-03	
5104	4.732143e-02	4.802568e-09	-4.66261e-02	-1.57471e-03	
5105	4.732988e-02	6.065950e-09	-4.66223e-02	-1.57460e-03	
5106	4.733927e-02	3.333367e-09	-4.66207e-02	-1.57484e-03	
5107	4.734894e-02	-1.85962e-09	-4.66166e-02	-1.57474e-03	
5108	4.735797e-02	-5.44488e-09	-4.66151e-02	-1.57498e-03	
5109	4.736633e-02	-5.41006e-09	-4.66113e-02	-1.57487e-03	
5110	4.737433e-02	-2.26302e-09	-4.66101e-02	-1.57510e-03	
5111	4.738292e-02	2.479625e-09	-4.66063e-02	-1.57500e-03	
5112	4.739192e-02	5.812527e-09	-4.66048e-02	-1.57523e-03	
5113	4.740029e-02	5.459440e-09	-4.66010e-02	-1.57513e-03	
5114	4.740952e-02	1.504516e-09	-4.65994e-02	-1.57537e-03	
5115	4.741869e-02	-3.40488e-09	-4.65953e-02	-1.57527e-03	
5116	4.742770e-02	-5.85982e-09	-4.65938e-02	-1.57550e-03	
5117	4.743631e-02	-4.41927e-09	-4.65899e-02	-1.57540e-03	
5118	4.744446e-02	-3.75869e-10	-4.65886e-02	-1.57563e-03	
5119	4.745355e-02	4.302585e-09	-4.65845e-02	-1.57554e-03	
5120	4.746193e-02	6.121259e-09	-4.65831e-02	-1.57577e-03	
5121	4.747125e-02	4.006741e-09	-4.65789e-02	-1.57567e-03	
5122	4.747988e-02	-5.41897e-10	-4.65775e-02	-1.57591e-03	
5123	4.748812e-02	-4.55084e-09	-4.65736e-02	-1.57580e-03	
5124	4.749641e-02	-5.85041e-09	-4.65723e-02	-1.57604e-03	
5125	4.750561e-02	-3.28032e-09	-4.65681e-02	-1.57594e-03	
5126	4.751526e-02	1.879927e-09	-4.65663e-02	-1.57618e-03	
5127	4.752424e-02	5.579066e-09	-4.65622e-02	-1.57609e-03	
5128	4.753274e-02	5.710207e-09	-4.65607e-02	-1.57632e-03	
5129	4.754073e-02	2.661884e-09	-4.65569e-02	-1.57622e-03	
5130	4.754931e-02	-2.07191e-09	-4.65554e-02	-1.57645e-03	
5131	4.755739e-02	-5.33593e-09	-4.65515e-02	-1.57635e-03	
5132	4.756586e-02	-5.46930e-09	-4.65500e-02	-1.57658e-03	
5133	4.757550e-02	-1.65092e-09	-4.65457e-02	-1.57650e-03	
5134	4.758486e-02	3.392351e-09	-4.65439e-02	-1.57674e-03	
5135	4.759419e-02	6.084443e-09	-4.65396e-02	-1.57665e-03	
5136	4.760281e-02	4.751426e-09	-4.65380e-02	-1.57688e-03	
5137	4.761084e-02	8.232704e-10	-4.65342e-02	-1.57678e-03	
5138	4.761994e-02	-3.91292e-09	-4.65324e-02	-1.57702e-03	
5139	4.762833e-02	-5.87174e-09	-4.65284e-02	-1.57692e-03	
5140	4.763742e-02	-3.99161e-09	-4.65266e-02	-1.57716e-03	
5141	4.764632e-02	6.186497e-10	-4.65225e-02	-1.57707e-03	
5142	4.765535e-02	4.939233e-09	-4.65207e-02	-1.57731e-03	
5143	4.766371e-02	6.066203e-09	-4.65167e-02	-1.57721e-03	
5144	4.767324e-02	3.171668e-09	-4.65148e-02	-1.57746e-03	
5145	4.768290e-02	-2.03585e-09	-4.65103e-02	-1.57737e-03	
5146	4.769202e-02	-5.51595e-09	-4.65085e-02	-1.57761e-03	
5147	4.770038e-02	-5.28551e-09	-4.65044e-02	-1.57752e-03	
5148	4.770834e-02	-2.02368e-09	-4.65030e-02	-1.57775e-03	
5149	4.771702e-02	2.752953e-09	-4.64988e-02	-1.57765e-03	
5150	4.772590e-02	5.897238e-09	-4.64971e-02	-1.57789e-03	
5151	4.773442e-02	5.340887e-09	-4.64929e-02	-1.57780e-03	
5152	4.774370e-02	1.212071e-09	-4.64910e-02	-1.57804e-03	
5153	4.775292e-02	-3.65573e-09	-4.64866e-02	-1.57796e-03	
5154	4.776185e-02	-5.86080e-09	-4.64848e-02	-1.57820e-03	
5155	4.777055e-02	-4.16079e-09	-4.64806e-02	-1.57810e-03	
5156	4.777883e-02	6.019286e-11	-4.64790e-02	-1.57834e-03	
5157	4.778798e-02	4.631143e-09	-4.64746e-02	-1.57825e-03	
5158	4.779628e-02	6.131021e-09	-4.64730e-02	-1.57849e-03	

Index   time            l1#branch       v1#branch       v2#branch       
--------------------------------------------------------------------------------
5159	4.780459e-02	4.106725e-09	-4.64689e-02	-1.57839e-03	
5160	4.781328e-02	-4.47160e-10	-4.64671e-02	-1.57863e-03	
5161	4.782233e-02	-4.73734e-09	-4.64627e-02	-1.57855e-03	
5162	4.783056e-02	-5.78833e-09	-4.64611e-02	-1.57878e-03	
5163	4.784001e-02	-2.89346e-09	-4.64566e-02	-1.57870e-03	
5164	4.784966e-02	2.306967e-09	-4.64544e-02	-1.57895e-03	
5165	4.785880e-02	5.793879e-09	-4.64500e-02	-1.57886e-03	
5166	4.786735e-02	5.514426e-09	-4.64482e-02	-1.57910e-03	
5167	4.787531e-02	2.200751e-09	-4.64442e-02	-1.57900e-03	
5168	4.788407e-02	-2.60419e-09	-4.64423e-02	-1.57925e-03	
5169	4.789292e-02	-5.65404e-09	-4.64380e-02	-1.57916e-03	
5170	4.790130e-02	-5.03002e-09	-4.64362e-02	-1.57940e-03	
5171	4.791057e-02	-8.74890e-10	-4.64317e-02	-1.57931e-03	
5172	4.791978e-02	3.977755e-09	-4.64297e-02	-1.57956e-03	
5173	4.792867e-02	6.146073e-09	-4.64253e-02	-1.57947e-03	
5174	4.793760e-02	4.339962e-09	-4.64233e-02	-1.57971e-03	
5175	4.794595e-02	3.854503e-11	-4.64191e-02	-1.57963e-03	
5176	4.795516e-02	-4.48199e-09	-4.64170e-02	-1.57987e-03	
5177	4.796345e-02	-5.82644e-09	-4.64128e-02	-1.57978e-03	
5178	4.797168e-02	-3.69069e-09	-4.64111e-02	-1.58002e-03	
5179	4.798027e-02	8.540684e-10	-4.64067e-02	-1.57993e-03	
5180	4.798843e-02	4.825839e-09	-4.64050e-02	-1.58017e-03	
5181	4.799665e-02	6.125489e-09	-4.64008e-02	-1.58008e-03	
5182	4.800609e-02	3.479439e-09	-4.63986e-02	-1.58032e-03	
5183	4.801581e-02	-1.71913e-09	-4.63938e-02	-1.58025e-03	
5184	4.802482e-02	-5.35928e-09	-4.63918e-02	-1.58049e-03	
5185	4.803315e-02	-5.41627e-09	-4.63875e-02	-1.58041e-03	
5186	4.804114e-02	-2.34060e-09	-4.63858e-02	-1.58064e-03	
5187	4.804969e-02	2.380465e-09	-4.63814e-02	-1.58055e-03	
5188	4.805884e-02	5.830037e-09	-4.63793e-02	-1.58080e-03	
5189	4.806714e-02	5.554702e-09	-4.63750e-02	-1.58071e-03	
5190	4.807649e-02	1.599470e-09	-4.63728e-02	-1.58096e-03	
5191	4.808580e-02	-3.37213e-09	-4.63681e-02	-1.58088e-03	
5192	4.809485e-02	-5.81913e-09	-4.63660e-02	-1.58113e-03	
5193	4.810343e-02	-4.36018e-09	-4.63616e-02	-1.58105e-03	
5194	4.811153e-02	-3.36684e-10	-4.63598e-02	-1.58128e-03	
5195	4.812065e-02	4.352418e-09	-4.63552e-02	-1.58120e-03	
5196	4.812900e-02	6.165653e-09	-4.63533e-02	-1.58144e-03	
5197	4.813839e-02	4.032003e-09	-4.63485e-02	-1.58137e-03	
5198	4.814714e-02	-5.84823e-10	-4.63465e-02	-1.58161e-03	
5199	4.815539e-02	-4.56550e-09	-4.63422e-02	-1.58152e-03	
5200	4.816369e-02	-5.79392e-09	-4.63403e-02	-1.58176e-03	
5201	4.817287e-02	-3.16041e-09	-4.63356e-02	-1.58169e-03	
5202	4.818262e-02	2.057903e-09	-4.63331e-02	-1.58194e-03	
5203	4.819157e-02	5.676266e-09	-4.63285e-02	-1.58186e-03	
5204	4.820018e-02	5.688797e-09	-4.63265e-02	-1.58210e-03	
5205	4.820822e-02	2.521182e-09	-4.63222e-02	-1.58202e-03	
5206	4.821685e-02	-2.23942e-09	-4.63202e-02	-1.58226e-03	
5207	4.822590e-02	-5.55045e-09	-4.63155e-02	-1.58218e-03	
5208	4.823406e-02	-5.19212e-09	-4.63136e-02	-1.58242e-03	
5209	4.824340e-02	-1.20065e-09	-4.63088e-02	-1.58235e-03	
5210	4.825270e-02	3.754053e-09	-4.63065e-02	-1.58260e-03	
5211	4.826170e-02	6.154325e-09	-4.63018e-02	-1.58252e-03	
5212	4.827055e-02	4.574098e-09	-4.62996e-02	-1.58277e-03	
5213	4.827874e-02	4.476667e-10	-4.62952e-02	-1.58268e-03	
5214	4.828792e-02	-4.19502e-09	-4.62929e-02	-1.58293e-03	
5215	4.829626e-02	-5.82539e-09	-4.62885e-02	-1.58285e-03	
5216	4.830547e-02	-3.57059e-09	-4.62861e-02	-1.58310e-03	

Index   time            l1#branch       v1#branch       v2#branch       
--------------------------------------------------------------------------------
5217	4.831412e-02	1.029730e-09	-4.62816e-02	-1.58302e-03	
5218	4.832229e-02	4.949145e-09	-4.62796e-02	-1.58326e-03	
5219	4.833060e-02	6.126862e-09	-4.62752e-02	-1.58318e-03	
5220	4.834007e-02	3.323015e-09	-4.62727e-02	-1.58343e-03	
5221	4.834982e-02	-1.91527e-09	-4.62677e-02	-1.58336e-03	
5222	4.835886e-02	-5.42774e-09	-4.62654e-02	-1.58361e-03	
5223	4.836722e-02	-5.28639e-09	-4.62609e-02	-1.58353e-03	
5224	4.837521e-02	-2.06802e-09	-4.62590e-02	-1.58377e-03	
5225	4.838385e-02	2.689835e-09	-4.62543e-02	-1.58369e-03	
5226	4.839278e-02	5.919444e-09	-4.62521e-02	-1.58394e-03	
5227	4.840127e-02	5.443688e-09	-4.62475e-02	-1.58386e-03	
5228	4.841070e-02	1.299944e-09	-4.62450e-02	-1.58411e-03	
5229	4.842006e-02	-3.63074e-09	-4.62401e-02	-1.58404e-03	
5230	4.842903e-02	-5.81317e-09	-4.62378e-02	-1.58429e-03	
5231	4.843771e-02	-4.08182e-09	-4.62331e-02	-1.58422e-03	
5232	4.844593e-02	1.257848e-10	-4.62311e-02	-1.58446e-03	
5233	4.845512e-02	4.701009e-09	-4.62262e-02	-1.58439e-03	
5234	4.846340e-02	6.180727e-09	-4.62241e-02	-1.58463e-03	
5235	4.847181e-02	4.103668e-09	-4.62195e-02	-1.58455e-03	
5236	4.848059e-02	-5.11918e-10	-4.62173e-02	-1.58480e-03	
5237	4.848964e-02	-4.75288e-09	-4.62124e-02	-1.58473e-03	
5238	4.849787e-02	-5.71733e-09	-4.62103e-02	-1.58497e-03	
5239	4.850730e-02	-2.74840e-09	-4.62053e-02	-1.58490e-03	
5240	4.851704e-02	2.500044e-09	-4.62027e-02	-1.58516e-03	
5241	4.852617e-02	5.893878e-09	-4.61978e-02	-1.58509e-03	
5242	4.853481e-02	5.478172e-09	-4.61955e-02	-1.58533e-03	
5243	4.854278e-02	2.068842e-09	-4.61911e-02	-1.58525e-03	
5244	4.855161e-02	-2.75548e-09	-4.61887e-02	-1.58550e-03	
5245	4.856039e-02	-5.64890e-09	-4.61839e-02	-1.58543e-03	
5246	4.856883e-02	-4.85576e-09	-4.61818e-02	-1.58567e-03	
5247	4.857821e-02	-5.41127e-10	-4.61767e-02	-1.58561e-03	
5248	4.858753e-02	4.285062e-09	-4.61742e-02	-1.58586e-03	
5249	4.859636e-02	6.205607e-09	-4.61694e-02	-1.58579e-03	
5250	4.860545e-02	4.111543e-09	-4.61669e-02	-1.58604e-03	
5251	4.861391e-02	-3.47065e-10	-4.61622e-02	-1.58596e-03	
5252	4.862212e-02	-4.38572e-09	-4.61601e-02	-1.58620e-03	
5253	4.863038e-02	-5.77784e-09	-4.61555e-02	-1.58613e-03	
5254	4.863950e-02	-3.34046e-09	-4.61530e-02	-1.58638e-03	
5255	4.864795e-02	1.206948e-09	-4.61483e-02	-1.58631e-03	
5256	4.865602e-02	5.036851e-09	-4.61462e-02	-1.58655e-03	
5257	4.866437e-02	6.141031e-09	-4.61415e-02	-1.58647e-03	
5258	4.867388e-02	3.235797e-09	-4.61388e-02	-1.58673e-03	
5259	4.868368e-02	-2.03102e-09	-4.61336e-02	-1.58667e-03	
5260	4.869274e-02	-5.45411e-09	-4.61311e-02	-1.58692e-03	
5261	4.870110e-02	-5.18181e-09	-4.61264e-02	-1.58685e-03	
5262	4.870909e-02	-1.87931e-09	-4.61243e-02	-1.58708e-03	
5263	4.871778e-02	2.897892e-09	-4.61195e-02	-1.58702e-03	
5264	4.872664e-02	5.995419e-09	-4.61171e-02	-1.58726e-03	
5265	4.873524e-02	5.367431e-09	-4.61123e-02	-1.58719e-03	
5266	4.874473e-02	1.088514e-09	-4.61095e-02	-1.58745e-03	
5267	4.875415e-02	-3.80672e-09	-4.61044e-02	-1.58739e-03	
5268	4.876306e-02	-5.78630e-09	-4.61019e-02	-1.58764e-03	
5269	4.877180e-02	-3.85112e-09	-4.60971e-02	-1.58757e-03	
5270	4.878012e-02	4.812722e-10	-4.60948e-02	-1.58781e-03	
5271	4.878834e-02	4.625089e-09	-4.60901e-02	-1.58774e-03	
5272	4.879663e-02	6.220227e-09	-4.60879e-02	-1.58798e-03	
5273	4.880599e-02	3.886139e-09	-4.60828e-02	-1.58792e-03	
5274	4.881461e-02	-7.14619e-10	-4.60804e-02	-1.58817e-03	

Index   time            l1#branch       v1#branch       v2#branch       
--------------------------------------------------------------------------------
5275	4.882275e-02	-4.58969e-09	-4.60757e-02	-1.58809e-03	
5276	4.883096e-02	-5.72086e-09	-4.60735e-02	-1.58833e-03	
5277	4.884018e-02	-3.00334e-09	-4.60684e-02	-1.58827e-03	
5278	4.885000e-02	2.257912e-09	-4.60655e-02	-1.58853e-03	
5279	4.885898e-02	5.804385e-09	-4.60605e-02	-1.58847e-03	
5280	4.886767e-02	5.679230e-09	-4.60580e-02	-1.58872e-03	
5281	4.887571e-02	2.412258e-09	-4.60534e-02	-1.58864e-03	
5282	4.888442e-02	-2.37117e-09	-4.60509e-02	-1.58889e-03	
5283	4.889337e-02	-5.51474e-09	-4.60459e-02	-1.58883e-03	
5284	4.890158e-02	-4.99156e-09	-4.60437e-02	-1.58907e-03	
5285	4.891103e-02	-8.21416e-10	-4.60384e-02	-1.58901e-03	
5286	4.892043e-02	4.139014e-09	-4.60357e-02	-1.58926e-03	
5287	4.892939e-02	6.323767e-09	-4.60306e-02	-1.58920e-03	
5288	4.893845e-02	4.462887e-09	-4.60280e-02	-1.58945e-03	
5289	4.894674e-02	1.858473e-10	-4.60232e-02	-1.58939e-03	
5290	4.895498e-02	-3.96643e-09	-4.60209e-02	-1.58963e-03	
5291	4.896329e-02	-5.59196e-09	-4.60162e-02	-1.58956e-03	
5292	4.897214e-02	-3.48175e-09	-4.60136e-02	-1.58981e-03	
5293	4.898100e-02	1.188287e-09	-4.60086e-02	-1.58975e-03	
5294	4.898925e-02	5.180635e-09	-4.60062e-02	-1.58999e-03	
5295	4.899777e-02	6.396511e-09	-4.60014e-02	-1.58992e-03	
5296	4.900731e-02	3.535236e-09	-4.59984e-02	-1.59018e-03	
5297	4.901725e-02	-1.78818e-09	-4.59929e-02	-1.59013e-03	
5298	4.902620e-02	-5.18062e-09	-4.59903e-02	-1.59038e-03	
5299	4.903443e-02	-4.95992e-09	-4.59855e-02	-1.59031e-03	
5300	4.904248e-02	-1.66718e-09	-4.59831e-02	-1.59055e-03	
5301	4.905110e-02	3.113019e-09	-4.59782e-02	-1.59048e-03	
5302	4.906002e-02	6.330358e-09	-4.59754e-02	-1.59073e-03	
5303	4.906880e-02	5.762286e-09	-4.59703e-02	-1.59067e-03	
5304	4.907839e-02	1.476339e-09	-4.59672e-02	-1.59093e-03	
5305	4.908792e-02	-3.39035e-09	-4.59617e-02	-1.59087e-03	
5306	4.909682e-02	-5.23169e-09	-4.59588e-02	-1.59112e-03	
5307	4.910516e-02	-3.30275e-09	-4.59538e-02	-1.59105e-03	
5308	4.911346e-02	1.074389e-09	-4.59511e-02	-1.59129e-03	
5309	4.912268e-02	5.701057e-09	-4.59455e-02	-1.59124e-03	
5310	4.913102e-02	7.126879e-09	-4.59426e-02	-1.59147e-03	
5311	4.913915e-02	5.111582e-09	-4.59373e-02	-1.59141e-03	
5312	4.914798e-02	6.082319e-10	-4.59342e-02	-1.59212e-03	
5313	4.915602e-02	-3.09910e-09	-4.59293e-02	-1.59346e-03	
5314	4.916412e-02	-4.14244e-09	-4.59262e-02	-1.59460e-03	
5315	4.917191e-02	-1.91370e-09	-4.59208e-02	-1.59528e-03	
5316	4.918066e-02	2.979856e-09	-4.59169e-02	-1.59645e-03	
5317	4.918993e-02	7.717214e-09	-4.59101e-02	-1.59764e-03	
5318	4.919963e-02	8.986123e-09	-4.59041e-02	-1.59909e-03	
5319	4.920695e-02	6.909236e-09	-4.58965e-02	-1.59964e-03	
5320	4.921557e-02	2.804023e-09	-4.58889e-02	-1.60026e-03	
5321	4.922300e-02	-5.55946e-11	-4.58790e-02	-1.60030e-03	
5322	4.922856e-02	-6.33513e-10	-4.58730e-02	-1.60057e-03	
5323	4.923401e-02	5.263752e-10	-4.58643e-02	-1.60061e-03	
5324	4.924299e-02	5.366112e-09	-4.58512e-02	-1.60102e-03	
5325	4.925173e-02	1.131552e-08	-4.58339e-02	-1.60112e-03	
5326	4.926487e-02	1.628164e-08	-4.58052e-02	-1.60161e-03	
5327	4.927315e-02	1.559253e-08	-4.57811e-02	-1.60168e-03	
5328	4.928187e-02	1.298274e-08	-4.57534e-02	-1.60203e-03	
5329	4.929046e-02	1.143398e-08	-4.57186e-02	-1.60209e-03	
5330	4.930334e-02	1.575667e-08	-4.56566e-02	-1.60253e-03	
5331	4.931532e-02	2.623633e-08	-4.55796e-02	-1.60266e-03	
5332	4.932639e-02	3.654628e-08	-4.54910e-02	-1.60303e-03	

Index   time            l1#branch       v1#branch       v2#branch       
--------------------------------------------------------------------------------
5333	4.933773e-02	4.291555e-08	-4.53740e-02	-1.60313e-03	
5334	4.934765e-02	4.500262e-08	-4.52473e-02	-1.60346e-03	
5335	4.935742e-02	4.734328e-08	-4.50924e-02	-1.60350e-03	
5336	4.936639e-02	5.302099e-08	-4.49198e-02	-1.60379e-03	
5337	4.937723e-02	6.562969e-08	-4.46604e-02	-1.60382e-03	
5338	4.938950e-02	8.312814e-08	-4.42798e-02	-1.60411e-03	
5339	4.940315e-02	9.803252e-08	-4.37075e-02	-1.60408e-03	
5340	4.941645e-02	1.043838e-07	-4.29279e-02	-1.60424e-03	
5341	4.942281e-02	1.055016e-07	-4.24520e-02	-1.60407e-03	
5342	4.943006e-02	1.072101e-07	-4.18066e-02	-1.60414e-03	
5343	4.943912e-02	1.113753e-07	-4.08353e-02	-1.60384e-03	
5344	4.944852e-02	1.175601e-07	-3.96493e-02	-1.60376e-03	
5345	4.945830e-02	1.231927e-07	-3.82814e-02	-1.60334e-03	
5346	4.947253e-02	1.244360e-07	-3.61704e-02	-1.60302e-03	
5347	4.948036e-02	1.213441e-07	-3.49854e-02	-1.60262e-03	
5348	4.949079e-02	1.164703e-07	-3.34102e-02	-1.60241e-03	
5349	4.950157e-02	1.148062e-07	-3.17822e-02	-1.60191e-03	
5350	4.950933e-02	1.170458e-07	-3.06186e-02	-1.60179e-03	
5351	4.951945e-02	1.225028e-07	-2.91045e-02	-1.60132e-03	
5352	4.952871e-02	1.267063e-07	-2.77290e-02	-1.60115e-03	
5353	4.953888e-02	1.271057e-07	-2.62270e-02	-1.60068e-03	
5354	4.954921e-02	1.231285e-07	-2.47153e-02	-1.60048e-03	
5355	4.955943e-02	1.184007e-07	-2.32318e-02	-1.60001e-03	
5356	4.956998e-02	1.171208e-07	-2.17199e-02	-1.59980e-03	
5357	4.958113e-02	1.210938e-07	-2.01367e-02	-1.59930e-03	
5358	4.959062e-02	1.263560e-07	-1.88096e-02	-1.59912e-03	
5359	4.960052e-02	1.295243e-07	-1.74402e-02	-1.59862e-03	
5360	4.961178e-02	1.277094e-07	-1.59170e-02	-1.59824e-03	
5361	4.961988e-02	1.237481e-07	-1.48429e-02	-1.59759e-03	
5362	4.962416e-02	1.215486e-07	-1.42734e-02	-1.59742e-03	
5363	4.962830e-02	1.198850e-07	-1.37241e-02	-1.59698e-03	
5364	4.963234e-02	1.189761e-07	-1.31952e-02	-1.59682e-03	
5365	4.963838e-02	1.191908e-07	-1.24115e-02	-1.59625e-03	
5366	4.964627e-02	1.219299e-07	-1.14112e-02	-1.59583e-03	
5367	4.965455e-02	1.261767e-07	-1.03862e-02	-1.59511e-03	
5368	4.966487e-02	1.297137e-07	-9.15538e-03	-1.59456e-03	
5369	4.967356e-02	1.291712e-07	-8.16069e-03	-1.59385e-03	
5370	4.968362e-02	1.249400e-07	-7.06770e-03	-1.59337e-03	
5371	4.969354e-02	1.202399e-07	-6.05463e-03	-1.59265e-03	
5372	4.970547e-02	1.189021e-07	-4.93696e-03	-1.59214e-03	
5373	4.971686e-02	1.228912e-07	-3.98144e-03	-1.59144e-03	
5374	4.972663e-02	1.275683e-07	-3.25839e-03	-1.59115e-03	
5375	4.973677e-02	1.294975e-07	-2.60551e-03	-1.59060e-03	
5376	4.974818e-02	1.263829e-07	-1.99444e-03	-1.59035e-03	
5377	4.975691e-02	1.218468e-07	-1.61105e-03	-1.58996e-03	
5378	4.976673e-02	1.183339e-07	-1.26248e-03	-1.58986e-03	
5379	4.977824e-02	1.193884e-07	-9.47504e-04	-1.58950e-03	
5380	4.978633e-02	1.230857e-07	-7.79404e-04	-1.58952e-03	
5381	4.979605e-02	1.275564e-07	-6.21188e-04	-1.58928e-03	
5382	4.980926e-02	1.284433e-07	-4.68678e-04	-1.58934e-03	
5383	4.981727e-02	1.254118e-07	-4.00454e-04	-1.58918e-03	
5384	4.982731e-02	1.203979e-07	-3.35796e-04	-1.58932e-03	
5385	4.983723e-02	1.177484e-07	-2.86260e-04	-1.58920e-03	
5386	4.984502e-02	1.188229e-07	-2.56367e-04	-1.58936e-03	
5387	4.985481e-02	1.231772e-07	-2.24469e-04	-1.58927e-03	
5388	4.986446e-02	1.275676e-07	-1.99863e-04	-1.58947e-03	
5389	4.987819e-02	1.281072e-07	-1.69836e-04	-1.58944e-03	
5390	4.988969e-02	1.233236e-07	-1.49648e-04	-1.58968e-03	

Index   time            l1#branch       v1#branch       v2#branch       
--------------------------------------------------------------------------------
5391	4.990109e-02	1.184944e-07	-1.30607e-04	-1.58968e-03	
5392	4.991202e-02	1.182454e-07	-1.14885e-04	-1.58997e-03	
5393	4.992307e-02	1.226623e-07	-9.86614e-05	-1.59006e-03	
5394	4.993382e-02	1.275611e-07	-8.46200e-05	-1.59045e-03	
5395	4.994475e-02	1.285947e-07	-6.95484e-05	-1.59072e-03	
5396	4.995607e-02	1.245835e-07	-5.53748e-05	-1.59142e-03	
5397	4.996706e-02	1.194313e-07	-4.07002e-05	-1.59226e-03	
5398	4.997700e-02	1.178158e-07	-2.85752e-05	-1.59367e-03	
5399	4.998842e-02	1.211734e-07	-1.35985e-05	-1.59658e-03	
5400	4.999745e-02	1.257989e-07	-2.67174e-06	-1.60052e-03	
5401	5.000712e-02	1.288877e-07	1.001422e-05	-1.60759e-03	
5402	5.001855e-02	1.272962e-07	2.404719e-05	-1.61798e-03	
5403	5.002676e-02	1.232895e-07	3.483463e-05	-1.62719e-03	
5404	5.003651e-02	1.188298e-07	4.672601e-05	-1.63776e-03	
5405	5.004901e-02	1.182219e-07	6.288563e-05	-1.65292e-03	
5406	5.005693e-02	1.213022e-07	7.242529e-05	-1.66187e-03	
5407	5.006679e-02	1.262598e-07	8.525648e-05	-1.67428e-03	
5408	5.007675e-02	1.288835e-07	9.734544e-05	-1.68584e-03	
5409	5.008447e-02	1.277503e-07	1.075124e-04	-1.69582e-03	
5410	5.009414e-02	1.233645e-07	1.192006e-04	-1.70709e-03	
5411	5.010367e-02	1.189293e-07	1.316549e-04	-1.71936e-03	
5412	5.011744e-02	1.182912e-07	1.484623e-04	-1.73570e-03	
5413	5.012886e-02	1.230678e-07	1.632913e-04	-1.75036e-03	
5414	5.014019e-02	1.279893e-07	1.770226e-04	-1.76373e-03	
5415	5.015100e-02	1.283833e-07	1.911131e-04	-1.77771e-03	
5416	5.016199e-02	1.240414e-07	2.043866e-04	-1.79065e-03	
5417	5.017266e-02	1.190355e-07	2.183083e-04	-1.80450e-03	
5418	5.018336e-02	1.177482e-07	2.311911e-04	-1.81706e-03	
5419	5.019469e-02	1.215966e-07	2.459520e-04	-1.83175e-03	
5420	5.020435e-02	1.264458e-07	2.575098e-04	-1.84302e-03	
5421	5.021437e-02	1.288665e-07	2.706363e-04	-1.85611e-03	
5422	5.022575e-02	1.262719e-07	2.843461e-04	-1.86951e-03	
5423	5.023417e-02	1.219524e-07	2.954767e-04	-1.88064e-03	
5424	5.024399e-02	1.180888e-07	3.071965e-04	-1.89208e-03	
5425	5.025560e-02	1.186213e-07	3.223234e-04	-1.90716e-03	
5426	5.026362e-02	1.221627e-07	3.317720e-04	-1.91636e-03	
5427	5.027335e-02	1.269314e-07	3.445582e-04	-1.92914e-03	
5428	5.028504e-02	1.287469e-07	3.585973e-04	-1.94288e-03	
5429	5.029265e-02	1.265862e-07	3.687283e-04	-1.95303e-03	
5430	5.030287e-02	1.215147e-07	3.809034e-04	-1.96493e-03	
5431	5.031227e-02	1.179825e-07	3.932851e-04	-1.97732e-03	
5432	5.032201e-02	1.183143e-07	4.048298e-04	-1.98859e-03	
5433	5.033237e-02	1.226803e-07	4.184069e-04	-2.00216e-03	
5434	5.034260e-02	1.274607e-07	4.305532e-04	-2.01403e-03	
5435	5.035417e-02	1.285601e-07	4.456519e-04	-2.02912e-03	
5436	5.036551e-02	1.243932e-07	4.591728e-04	-2.04235e-03	
5437	5.037661e-02	1.191494e-07	4.736743e-04	-2.05685e-03	
5438	5.038661e-02	1.176367e-07	4.854950e-04	-2.06840e-03	
5439	5.039804e-02	1.211568e-07	5.004024e-04	-2.08330e-03	
5440	5.040732e-02	1.259003e-07	5.113086e-04	-2.09394e-03	
5441	5.041713e-02	1.287864e-07	5.241951e-04	-2.10685e-03	
5442	5.042858e-02	1.268241e-07	5.378047e-04	-2.12017e-03	
5443	5.043687e-02	1.226918e-07	5.487943e-04	-2.13120e-03	
5444	5.044668e-02	1.184480e-07	5.603242e-04	-2.14246e-03	
5445	5.045876e-02	1.183110e-07	5.760246e-04	-2.15815e-03	
5446	5.046669e-02	1.215636e-07	5.852022e-04	-2.16709e-03	
5447	5.047651e-02	1.264781e-07	5.980809e-04	-2.17999e-03	
5448	5.048718e-02	1.288584e-07	6.106743e-04	-2.19231e-03	

Index   time            l1#branch       v1#branch       v2#branch       
--------------------------------------------------------------------------------
5449	5.049496e-02	1.272728e-07	6.210175e-04	-2.20270e-03	
5450	5.050469e-02	1.226319e-07	6.324084e-04	-2.21383e-03	
5451	5.051428e-02	1.184677e-07	6.449862e-04	-2.22643e-03	
5452	5.052616e-02	1.182501e-07	6.590267e-04	-2.24019e-03	
5453	5.053723e-02	1.228634e-07	6.734233e-04	-2.25459e-03	
5454	5.054818e-02	1.277736e-07	6.863002e-04	-2.26719e-03	
5455	5.055923e-02	1.284580e-07	7.006789e-04	-2.28159e-03	
5456	5.057053e-02	1.241274e-07	7.139681e-04	-2.29460e-03	
5457	5.058151e-02	1.190016e-07	7.282262e-04	-2.30887e-03	
5458	5.059196e-02	1.177161e-07	7.404417e-04	-2.32081e-03	
5459	5.060358e-02	1.216230e-07	7.554718e-04	-2.33585e-03	
5460	5.061331e-02	1.264964e-07	7.667856e-04	-2.34691e-03	
5461	5.062342e-02	1.288590e-07	7.799486e-04	-2.36010e-03	
5462	5.063501e-02	1.260876e-07	7.935423e-04	-2.37341e-03	
5463	5.064340e-02	1.217588e-07	8.045717e-04	-2.38449e-03	
5464	5.065331e-02	1.179883e-07	8.160666e-04	-2.39572e-03	
5465	5.066508e-02	1.187951e-07	8.312344e-04	-2.41090e-03	
5466	5.067312e-02	1.224621e-07	8.404149e-04	-2.41984e-03	
5467	5.068294e-02	1.271810e-07	8.531727e-04	-2.43263e-03	
5468	5.069554e-02	1.285498e-07	8.679353e-04	-2.44710e-03	
5469	5.070320e-02	1.259518e-07	8.780362e-04	-2.45726e-03	
5470	5.071325e-02	1.208829e-07	8.896533e-04	-2.46862e-03	
5471	5.072274e-02	1.177523e-07	9.019807e-04	-2.48098e-03	
5472	5.073185e-02	1.185340e-07	9.124209e-04	-2.49117e-03	
5473	5.074216e-02	1.230753e-07	9.257294e-04	-2.50451e-03	
5474	5.075233e-02	1.276962e-07	9.374647e-04	-2.51598e-03	
5475	5.076501e-02	1.282300e-07	9.536601e-04	-2.53218e-03	
5476	5.077655e-02	1.234817e-07	9.670276e-04	-2.54527e-03	
5477	5.078790e-02	1.185052e-07	9.815745e-04	-2.55984e-03	
5478	5.079881e-02	1.180364e-07	9.941385e-04	-2.57213e-03	
5479	5.081019e-02	1.225135e-07	1.008691e-03	-2.58670e-03	
5480	5.082119e-02	1.275718e-07	1.021358e-03	-2.59910e-03	
5481	5.083197e-02	1.286070e-07	1.035170e-03	-2.61294e-03	
5482	5.084361e-02	1.244279e-07	1.048577e-03	-2.62607e-03	
5483	5.085478e-02	1.191533e-07	1.062827e-03	-2.64034e-03	
5484	5.086487e-02	1.176409e-07	1.074341e-03	-2.65160e-03	
5485	5.087657e-02	1.212935e-07	1.089200e-03	-2.66647e-03	
5486	5.088595e-02	1.260709e-07	1.099829e-03	-2.67685e-03	
5487	5.089589e-02	1.288206e-07	1.112545e-03	-2.68960e-03	
5488	5.090758e-02	1.265423e-07	1.125944e-03	-2.70273e-03	
5489	5.091586e-02	1.223430e-07	1.136641e-03	-2.71348e-03	
5490	5.092578e-02	1.182441e-07	1.147865e-03	-2.72445e-03	
5491	5.093786e-02	1.185220e-07	1.163114e-03	-2.73971e-03	
5492	5.094579e-02	1.219546e-07	1.171933e-03	-2.74830e-03	
5493	5.095568e-02	1.268217e-07	1.184517e-03	-2.76092e-03	
5494	5.096736e-02	1.287690e-07	1.197821e-03	-2.77395e-03	
5495	5.097529e-02	1.265664e-07	1.208048e-03	-2.78424e-03	
5496	5.098589e-02	1.213341e-07	1.220028e-03	-2.79596e-03	
5497	5.099573e-02	1.178468e-07	1.232505e-03	-2.80847e-03	
5498	5.100542e-02	1.185030e-07	1.243371e-03	-2.81909e-03	
5499	5.101604e-02	1.231558e-07	1.256757e-03	-2.83250e-03	
5500	5.102649e-02	1.278180e-07	1.268513e-03	-2.84401e-03	
5501	5.103897e-02	1.281733e-07	1.284098e-03	-2.85960e-03	
5502	5.105057e-02	1.233322e-07	1.297184e-03	-2.87242e-03	
5503	5.106196e-02	1.184173e-07	1.311429e-03	-2.88669e-03	
5504	5.107312e-02	1.181550e-07	1.323953e-03	-2.89895e-03	
5505	5.108460e-02	1.228300e-07	1.338265e-03	-2.91328e-03	
5506	5.109571e-02	1.277952e-07	1.350702e-03	-2.92546e-03	

Index   time            l1#branch       v1#branch       v2#branch       
--------------------------------------------------------------------------------
5507	5.110687e-02	1.284284e-07	1.364621e-03	-2.93940e-03	
5508	5.111850e-02	1.239103e-07	1.377634e-03	-2.95215e-03	
5509	5.112973e-02	1.187893e-07	1.391597e-03	-2.96613e-03	
5510	5.114041e-02	1.178335e-07	1.403448e-03	-2.97773e-03	
5511	5.115220e-02	1.221150e-07	1.418029e-03	-2.99233e-03	
5512	5.116347e-02	1.273815e-07	1.430541e-03	-3.00458e-03	
5513	5.117372e-02	1.287403e-07	1.443293e-03	-3.01737e-03	
5514	5.118560e-02	1.248380e-07	1.456493e-03	-3.03030e-03	
5515	5.119529e-02	1.199777e-07	1.468539e-03	-3.04239e-03	
5516	5.120543e-02	1.175665e-07	1.479664e-03	-3.05327e-03	
5517	5.121729e-02	1.203940e-07	1.494215e-03	-3.06783e-03	
5518	5.122562e-02	1.247024e-07	1.503203e-03	-3.07660e-03	
5519	5.123562e-02	1.284657e-07	1.515569e-03	-3.08900e-03	
5520	5.124766e-02	1.275067e-07	1.528847e-03	-3.10201e-03	
5521	5.125568e-02	1.237833e-07	1.538874e-03	-3.11210e-03	
5522	5.126560e-02	1.190828e-07	1.549661e-03	-3.12264e-03	
5523	5.127894e-02	1.180700e-07	1.565816e-03	-3.13880e-03	
5524	5.128677e-02	1.210196e-07	1.574139e-03	-3.14690e-03	
5525	5.129694e-02	1.261273e-07	1.586604e-03	-3.15940e-03	
5526	5.130723e-02	1.288444e-07	1.597756e-03	-3.17031e-03	
5527	5.131546e-02	1.275262e-07	1.607949e-03	-3.18056e-03	
5528	5.132574e-02	1.227572e-07	1.619055e-03	-3.19142e-03	
5529	5.133587e-02	1.184055e-07	1.631406e-03	-3.20381e-03	
5530	5.134887e-02	1.185545e-07	1.645587e-03	-3.21772e-03	
5531	5.136051e-02	1.236862e-07	1.659623e-03	-3.23177e-03	
5532	5.137200e-02	1.283147e-07	1.672040e-03	-3.24394e-03	
5533	5.138399e-02	1.277564e-07	1.686446e-03	-3.25836e-03	
5534	5.139543e-02	1.226256e-07	1.698749e-03	-3.27041e-03	
5535	5.140661e-02	1.181218e-07	1.712173e-03	-3.28386e-03	
5536	5.141927e-02	1.188283e-07	1.725816e-03	-3.29724e-03	
5537	5.143077e-02	1.240817e-07	1.739558e-03	-3.31100e-03	
5538	5.144206e-02	1.284413e-07	1.751612e-03	-3.32281e-03	
5539	5.145544e-02	1.271876e-07	1.767439e-03	-3.33864e-03	
5540	5.146690e-02	1.217586e-07	1.779635e-03	-3.35058e-03	
5541	5.147822e-02	1.177873e-07	1.793077e-03	-3.36405e-03	
5542	5.148954e-02	1.190822e-07	1.805061e-03	-3.37578e-03	
5543	5.150058e-02	1.242697e-07	1.818151e-03	-3.38890e-03	
5544	5.151144e-02	1.284425e-07	1.829578e-03	-3.40009e-03	
5545	5.152364e-02	1.275083e-07	1.843926e-03	-3.41445e-03	
5546	5.153496e-02	1.222776e-07	1.855825e-03	-3.42610e-03	
5547	5.154612e-02	1.179828e-07	1.868959e-03	-3.43926e-03	
5548	5.156007e-02	1.194105e-07	1.883708e-03	-3.45374e-03	
5549	5.157285e-02	1.254050e-07	1.898584e-03	-3.46862e-03	
5550	5.158440e-02	1.288189e-07	1.910634e-03	-3.48043e-03	
5551	5.159384e-02	1.273196e-07	1.921781e-03	-3.49162e-03	
5552	5.160453e-02	1.222702e-07	1.932834e-03	-3.50244e-03	
5553	5.161497e-02	1.181070e-07	1.945028e-03	-3.51466e-03	
5554	5.162707e-02	1.187114e-07	1.957577e-03	-3.52696e-03	
5555	5.163849e-02	1.238607e-07	1.970800e-03	-3.54021e-03	
5556	5.164975e-02	1.283476e-07	1.982387e-03	-3.55155e-03	
5557	5.166267e-02	1.274762e-07	1.997197e-03	-3.56637e-03	
5558	5.167426e-02	1.221191e-07	2.009082e-03	-3.57802e-03	
5559	5.168565e-02	1.178910e-07	2.022170e-03	-3.59113e-03	
5560	5.169807e-02	1.191689e-07	2.034899e-03	-3.60361e-03	
5561	5.170943e-02	1.245262e-07	2.047897e-03	-3.61663e-03	
5562	5.172062e-02	1.285824e-07	2.059242e-03	-3.62774e-03	
5563	5.173226e-02	1.273968e-07	2.072500e-03	-3.64102e-03	
5564	5.174348e-02	1.221530e-07	2.083834e-03	-3.65212e-03	

Index   time            l1#branch       v1#branch       v2#branch       
--------------------------------------------------------------------------------
5565	5.175453e-02	1.179557e-07	2.096388e-03	-3.66470e-03	
5566	5.176681e-02	1.190038e-07	2.108791e-03	-3.67685e-03	
5567	5.177821e-02	1.243091e-07	2.121678e-03	-3.68976e-03	
5568	5.178945e-02	1.285172e-07	2.132920e-03	-3.70077e-03	
5569	5.180177e-02	1.273420e-07	2.146731e-03	-3.71460e-03	
5570	5.181317e-02	1.220007e-07	2.158087e-03	-3.72572e-03	
5571	5.182439e-02	1.178757e-07	2.170669e-03	-3.73833e-03	
5572	5.183633e-02	1.190659e-07	2.182529e-03	-3.74995e-03	
5573	5.184765e-02	1.243652e-07	2.195162e-03	-3.76261e-03	
5574	5.185880e-02	1.285235e-07	2.206142e-03	-3.77336e-03	
5575	5.187088e-02	1.273972e-07	2.219519e-03	-3.78675e-03	
5576	5.188226e-02	1.220869e-07	2.230688e-03	-3.79769e-03	
5577	5.189347e-02	1.179079e-07	2.243083e-03	-3.81011e-03	
5578	5.190564e-02	1.190683e-07	2.255010e-03	-3.82180e-03	
5579	5.191705e-02	1.244032e-07	2.267557e-03	-3.83437e-03	
5580	5.192828e-02	1.285491e-07	2.278454e-03	-3.84504e-03	
5581	5.194030e-02	1.273641e-07	2.291581e-03	-3.85819e-03	
5582	5.195168e-02	1.220397e-07	2.302572e-03	-3.86895e-03	
5583	5.196288e-02	1.178928e-07	2.314786e-03	-3.88119e-03	
5584	5.197490e-02	1.190563e-07	2.326364e-03	-3.89253e-03	
5585	5.198629e-02	1.243814e-07	2.338721e-03	-3.90492e-03	
5586	5.199751e-02	1.285400e-07	2.349428e-03	-3.91540e-03	
5587	5.200958e-02	1.273698e-07	2.362414e-03	-3.92840e-03	
5588	5.202100e-02	1.220318e-07	2.373263e-03	-3.93903e-03	
5589	5.203224e-02	1.178851e-07	2.385335e-03	-3.95113e-03	
5590	5.204425e-02	1.190718e-07	2.396713e-03	-3.96227e-03	
5591	5.205566e-02	1.244108e-07	2.408904e-03	-3.97449e-03	
5592	5.206689e-02	1.285524e-07	2.419443e-03	-3.98480e-03	
5593	5.207888e-02	1.273693e-07	2.432148e-03	-3.99753e-03	
5594	5.209030e-02	1.220298e-07	2.442812e-03	-4.00797e-03	
5595	5.210154e-02	1.178847e-07	2.454698e-03	-4.01989e-03	
5596	5.211354e-02	1.190696e-07	2.465863e-03	-4.03082e-03	
5597	5.212497e-02	1.244161e-07	2.477883e-03	-4.04287e-03	
5598	5.213622e-02	1.285571e-07	2.488253e-03	-4.05302e-03	
5599	5.214820e-02	1.273631e-07	2.500748e-03	-4.06554e-03	
5600	5.215964e-02	1.220128e-07	2.511238e-03	-4.07580e-03	
5601	5.217089e-02	1.178769e-07	2.522950e-03	-4.08755e-03	
5602	5.218284e-02	1.190737e-07	2.533864e-03	-4.09823e-03	
5603	5.219429e-02	1.244261e-07	2.545698e-03	-4.11010e-03	
5604	5.220555e-02	1.285617e-07	2.555882e-03	-4.12006e-03	
5605	5.221749e-02	1.273631e-07	2.568141e-03	-4.13235e-03	
5606	5.222895e-02	1.220064e-07	2.578446e-03	-4.14243e-03	
5607	5.224022e-02	1.178732e-07	2.589975e-03	-4.15399e-03	
5608	5.225215e-02	1.190776e-07	2.600662e-03	-4.16445e-03	
5609	5.226361e-02	1.244386e-07	2.612311e-03	-4.17613e-03	
5610	5.227489e-02	1.285681e-07	2.622311e-03	-4.18592e-03	
5611	5.228680e-02	1.273597e-07	2.634326e-03	-4.19796e-03	
5612	5.229827e-02	1.219959e-07	2.644440e-03	-4.20785e-03	
5613	5.230955e-02	1.178685e-07	2.655778e-03	-4.21922e-03	
5614	5.232145e-02	1.190799e-07	2.666221e-03	-4.22945e-03	
5615	5.233293e-02	1.244474e-07	2.677676e-03	-4.24093e-03	
5616	5.234421e-02	1.285729e-07	2.687483e-03	-4.25052e-03	
5617	5.235610e-02	1.273574e-07	2.699259e-03	-4.26233e-03	
5618	5.236759e-02	1.219861e-07	2.709179e-03	-4.27203e-03	
5619	5.237888e-02	1.178637e-07	2.720321e-03	-4.28321e-03	
5620	5.239075e-02	1.190834e-07	2.730520e-03	-4.29319e-03	
5621	5.240224e-02	1.244581e-07	2.741776e-03	-4.30448e-03	
5622	5.241354e-02	1.285782e-07	2.751385e-03	-4.31387e-03	

Index   time            l1#branch       v1#branch       v2#branch       
--------------------------------------------------------------------------------
5623	5.242540e-02	1.273552e-07	2.762912e-03	-4.32543e-03	
5624	5.243690e-02	1.219772e-07	2.772629e-03	-4.33494e-03	
5625	5.244820e-02	1.178595e-07	2.783570e-03	-4.34591e-03	
5626	5.246005e-02	1.190863e-07	2.793522e-03	-4.35565e-03	
5627	5.247156e-02	1.244680e-07	2.804573e-03	-4.36673e-03	
5628	5.248287e-02	1.285832e-07	2.813979e-03	-4.37593e-03	
5629	5.249470e-02	1.273527e-07	2.825256e-03	-4.38724e-03	
5630	5.250621e-02	1.219677e-07	2.834766e-03	-4.39654e-03	
5631	5.251753e-02	1.178551e-07	2.845500e-03	-4.40731e-03	
5632	5.252935e-02	1.190893e-07	2.855200e-03	-4.41679e-03	
5633	5.254087e-02	1.244777e-07	2.866040e-03	-4.42767e-03	
5634	5.255219e-02	1.285881e-07	2.875236e-03	-4.43666e-03	
5635	5.256400e-02	1.273504e-07	2.886260e-03	-4.44772e-03	
5636	5.257552e-02	1.219588e-07	2.895557e-03	-4.45681e-03	
5637	5.258685e-02	1.178510e-07	2.906079e-03	-4.46736e-03	
5638	5.259865e-02	1.190923e-07	2.915525e-03	-4.47660e-03	
5639	5.261018e-02	1.244873e-07	2.926148e-03	-4.48726e-03	
5640	5.262151e-02	1.285929e-07	2.935130e-03	-4.49604e-03	
5641	5.263329e-02	1.273481e-07	2.945897e-03	-4.50684e-03	
5642	5.264483e-02	1.219499e-07	2.954975e-03	-4.51571e-03	
5643	5.265617e-02	1.178469e-07	2.965279e-03	-4.52605e-03	
5644	5.266794e-02	1.190952e-07	2.974467e-03	-4.53503e-03	
5645	5.267949e-02	1.244967e-07	2.984868e-03	-4.54547e-03	
5646	5.269083e-02	1.285975e-07	2.993631e-03	-4.55403e-03	
5647	5.270259e-02	1.273458e-07	3.004137e-03	-4.56458e-03	
5648	5.271414e-02	1.219412e-07	3.012992e-03	-4.57323e-03	
5649	5.272549e-02	1.178429e-07	3.023073e-03	-4.58335e-03	
5650	5.273724e-02	1.190981e-07	3.031999e-03	-4.59207e-03	
5651	5.274880e-02	1.245060e-07	3.042173e-03	-4.60228e-03	
5652	5.276015e-02	1.286020e-07	3.050711e-03	-4.61062e-03	
5653	5.277189e-02	1.273436e-07	3.060954e-03	-4.62090e-03	
5654	5.278345e-02	1.219326e-07	3.069579e-03	-4.62933e-03	
5655	5.279481e-02	1.178390e-07	3.079432e-03	-4.63922e-03	
5656	5.280653e-02	1.191009e-07	3.088094e-03	-4.64768e-03	
5657	5.281810e-02	1.245150e-07	3.098036e-03	-4.65766e-03	
5658	5.282947e-02	1.286064e-07	3.106345e-03	-4.66578e-03	
5659	5.284118e-02	1.273413e-07	3.116320e-03	-4.67579e-03	
5660	5.285276e-02	1.219241e-07	3.124711e-03	-4.68399e-03	
5661	5.286413e-02	1.178352e-07	3.134331e-03	-4.69365e-03	
5662	5.287583e-02	1.191036e-07	3.142726e-03	-4.70185e-03	
5663	5.288741e-02	1.245239e-07	3.152430e-03	-4.71159e-03	
5664	5.289879e-02	1.286106e-07	3.160504e-03	-4.71947e-03	
5665	5.291047e-02	1.273391e-07	3.170210e-03	-4.72922e-03	
5666	5.292206e-02	1.219159e-07	3.178362e-03	-4.73718e-03	
5667	5.293345e-02	1.178315e-07	3.187744e-03	-4.74660e-03	
5668	5.294512e-02	1.191063e-07	3.195869e-03	-4.75453e-03	
5669	5.295672e-02	1.245326e-07	3.205330e-03	-4.76403e-03	
5670	5.296811e-02	1.286148e-07	3.213165e-03	-4.77168e-03	
5671	5.297977e-02	1.273369e-07	3.222598e-03	-4.78116e-03	
5672	5.299137e-02	1.219077e-07	3.230506e-03	-4.78888e-03	
5673	5.300276e-02	1.178279e-07	3.239645e-03	-4.79806e-03	
5674	5.301441e-02	1.191090e-07	3.247497e-03	-4.80572e-03	
5675	5.302602e-02	1.245411e-07	3.256710e-03	-4.81497e-03	
5676	5.303742e-02	1.286188e-07	3.264301e-03	-4.82238e-03	
5677	5.304906e-02	1.273347e-07	3.273459e-03	-4.83158e-03	
5678	5.306068e-02	1.218998e-07	3.281118e-03	-4.83905e-03	
5679	5.307208e-02	1.178244e-07	3.290010e-03	-4.84799e-03	
5680	5.308371e-02	1.191116e-07	3.297586e-03	-4.85538e-03	

Index   time            l1#branch       v1#branch       v2#branch       
--------------------------------------------------------------------------------
5681	5.309533e-02	1.245495e-07	3.306547e-03	-4.86438e-03	
5682	5.310674e-02	1.286227e-07	3.313890e-03	-4.87154e-03	
5683	5.311835e-02	1.273326e-07	3.322770e-03	-4.88047e-03	
5684	5.312998e-02	1.218919e-07	3.330175e-03	-4.88769e-03	
5685	5.314139e-02	1.178210e-07	3.338816e-03	-4.89637e-03	
5686	5.315300e-02	1.191141e-07	3.346113e-03	-4.90349e-03	
5687	5.316463e-02	1.245577e-07	3.354817e-03	-4.91224e-03	
5688	5.317605e-02	1.286265e-07	3.361907e-03	-4.91915e-03	
5689	5.318765e-02	1.273305e-07	3.370506e-03	-4.92779e-03	
5690	5.319928e-02	1.218843e-07	3.377653e-03	-4.93476e-03	
5691	5.321071e-02	1.178176e-07	3.386038e-03	-4.94319e-03	
5692	5.322229e-02	1.191166e-07	3.393054e-03	-4.95003e-03	
5693	5.323393e-02	1.245657e-07	3.401497e-03	-4.95852e-03	
5694	5.324536e-02	1.286302e-07	3.408330e-03	-4.96517e-03	
5695	5.325694e-02	1.273284e-07	3.416646e-03	-4.97354e-03	
5696	5.326859e-02	1.218767e-07	3.423530e-03	-4.98025e-03	
5697	5.328002e-02	1.178144e-07	3.431655e-03	-4.98842e-03	
5698	5.329158e-02	1.191191e-07	3.438388e-03	-4.99497e-03	
5699	5.330324e-02	1.245735e-07	3.446565e-03	-5.00320e-03	
5700	5.331468e-02	1.286337e-07	3.453136e-03	-5.00960e-03	
5701	5.332623e-02	1.273263e-07	3.461167e-03	-5.01768e-03	
5702	5.333789e-02	1.218693e-07	3.467785e-03	-5.02412e-03	
5703	5.334933e-02	1.178112e-07	3.475645e-03	-5.03203e-03	
5704	5.336088e-02	1.191215e-07	3.482092e-03	-5.03830e-03	
5705	5.337254e-02	1.245811e-07	3.490000e-03	-5.04626e-03	
5706	5.338399e-02	1.286372e-07	3.496306e-03	-5.05240e-03	
5707	5.339552e-02	1.273243e-07	3.504049e-03	-5.06019e-03	
5708	5.340719e-02	1.218621e-07	3.510396e-03	-5.06637e-03	
5709	5.341864e-02	1.178081e-07	3.517988e-03	-5.07401e-03	
5710	5.343017e-02	1.191238e-07	3.524148e-03	-5.08000e-03	
5711	5.344184e-02	1.245886e-07	3.531781e-03	-5.08768e-03	
5712	5.345330e-02	1.286406e-07	3.537818e-03	-5.09355e-03	
5713	5.346481e-02	1.273223e-07	3.545272e-03	-5.10106e-03	
5714	5.347649e-02	1.218550e-07	3.551343e-03	-5.10696e-03	
5715	5.348796e-02	1.178051e-07	3.558663e-03	-5.11433e-03	
5716	5.349946e-02	1.191261e-07	3.564533e-03	-5.12004e-03	
5717	5.351115e-02	1.245959e-07	3.571889e-03	-5.12745e-03	
5718	5.352261e-02	1.286438e-07	3.577653e-03	-5.13305e-03	
5719	5.353411e-02	1.273203e-07	3.584815e-03	-5.14026e-03	
5720	5.354580e-02	1.218480e-07	3.590607e-03	-5.14589e-03	
5721	5.355727e-02	1.178022e-07	3.597651e-03	-5.15299e-03	
5722	5.356875e-02	1.191283e-07	3.603230e-03	-5.15841e-03	
5723	5.358045e-02	1.246031e-07	3.610304e-03	-5.16553e-03	
5724	5.359192e-02	1.286470e-07	3.615791e-03	-5.17086e-03	
5725	5.360340e-02	1.273184e-07	3.622660e-03	-5.17778e-03	
5726	5.361510e-02	1.218412e-07	3.628170e-03	-5.18313e-03	
5727	5.362658e-02	1.177993e-07	3.634935e-03	-5.18995e-03	
5728	5.363804e-02	1.191305e-07	3.640220e-03	-5.19508e-03	
5729	5.364975e-02	1.246100e-07	3.647009e-03	-5.20192e-03	
5730	5.366123e-02	1.286500e-07	3.652216e-03	-5.20697e-03	
5731	5.367269e-02	1.273164e-07	3.658789e-03	-5.21360e-03	
5732	5.368440e-02	1.218345e-07	3.664013e-03	-5.21867e-03	
5733	5.369589e-02	1.177965e-07	3.670495e-03	-5.22521e-03	
5734	5.370734e-02	1.191326e-07	3.675485e-03	-5.23004e-03	
5735	5.371905e-02	1.246168e-07	3.681985e-03	-5.23660e-03	
5736	5.373054e-02	1.286529e-07	3.686909e-03	-5.24137e-03	
5737	5.374198e-02	1.273145e-07	3.693185e-03	-5.24770e-03	
5738	5.375370e-02	1.218280e-07	3.698120e-03	-5.25249e-03	

Index   time            l1#branch       v1#branch       v2#branch       
--------------------------------------------------------------------------------
5739	5.376520e-02	1.177938e-07	3.704316e-03	-5.25874e-03	
5740	5.377663e-02	1.191347e-07	3.709009e-03	-5.26328e-03	
5741	5.378835e-02	1.246235e-07	3.715218e-03	-5.26955e-03	
5742	5.379985e-02	1.286558e-07	3.719855e-03	-5.27403e-03	
5743	5.381127e-02	1.273126e-07	3.725832e-03	-5.28007e-03	
5744	5.382300e-02	1.218216e-07	3.730474e-03	-5.28456e-03	
5745	5.383451e-02	1.177912e-07	3.736381e-03	-5.29053e-03	
5746	5.384592e-02	1.191367e-07	3.740776e-03	-5.29478e-03	
5747	5.385765e-02	1.246300e-07	3.746689e-03	-5.30075e-03	
5748	5.386916e-02	1.286585e-07	3.751037e-03	-5.30495e-03	
5749	5.388057e-02	1.273108e-07	3.756715e-03	-5.31069e-03	
5750	5.389230e-02	1.218153e-07	3.761061e-03	-5.31489e-03	
5751	5.390381e-02	1.177886e-07	3.766676e-03	-5.32056e-03	
5752	5.391521e-02	1.191386e-07	3.770771e-03	-5.32452e-03	
5753	5.392695e-02	1.246363e-07	3.776386e-03	-5.33019e-03	
5754	5.393847e-02	1.286612e-07	3.780441e-03	-5.33410e-03	
5755	5.394986e-02	1.273089e-07	3.785817e-03	-5.33954e-03	
5756	5.396160e-02	1.218092e-07	3.789865e-03	-5.34345e-03	
5757	5.397312e-02	1.177861e-07	3.795185e-03	-5.34883e-03	
5758	5.398450e-02	1.191405e-07	3.798980e-03	-5.35248e-03	
5759	5.399626e-02	1.246424e-07	3.804293e-03	-5.35786e-03	
5760	5.400778e-02	1.286637e-07	3.808053e-03	-5.36148e-03	
5761	5.401915e-02	1.273071e-07	3.813127e-03	-5.36662e-03	
5762	5.403091e-02	1.218032e-07	3.816874e-03	-5.37023e-03	
5763	5.404243e-02	1.177836e-07	3.821896e-03	-5.37531e-03	
5764	5.405380e-02	1.191424e-07	3.825389e-03	-5.37867e-03	
5765	5.406556e-02	1.246484e-07	3.830398e-03	-5.38374e-03	
5766	5.407709e-02	1.286662e-07	3.833861e-03	-5.38707e-03	
5767	5.408844e-02	1.273054e-07	3.838631e-03	-5.39190e-03	
5768	5.410021e-02	1.217973e-07	3.842073e-03	-5.39521e-03	
5769	5.411174e-02	1.177812e-07	3.846795e-03	-5.40000e-03	
5770	5.412309e-02	1.191442e-07	3.849986e-03	-5.40305e-03	
5771	5.413486e-02	1.246542e-07	3.854688e-03	-5.40782e-03	
5772	5.414640e-02	1.286686e-07	3.857851e-03	-5.41085e-03	
5773	5.415774e-02	1.273036e-07	3.862317e-03	-5.41539e-03	
5774	5.416951e-02	1.217915e-07	3.865452e-03	-5.41839e-03	
5775	5.418105e-02	1.177789e-07	3.869872e-03	-5.42288e-03	
5776	5.419238e-02	1.191459e-07	3.872758e-03	-5.42563e-03	
5777	5.420416e-02	1.246599e-07	3.877152e-03	-5.43009e-03	
5778	5.421570e-02	1.286709e-07	3.880012e-03	-5.43283e-03	
5779	5.422703e-02	1.273019e-07	3.884173e-03	-5.43705e-03	
5780	5.423881e-02	1.217859e-07	3.886999e-03	-5.43975e-03	
5781	5.425036e-02	1.177766e-07	3.891115e-03	-5.44394e-03	
5782	5.426168e-02	1.191476e-07	3.893696e-03	-5.44639e-03	
5783	5.427346e-02	1.246654e-07	3.897779e-03	-5.45054e-03	
5784	5.428501e-02	1.286731e-07	3.900335e-03	-5.45297e-03	
5785	5.429632e-02	1.273001e-07	3.904189e-03	-5.45690e-03	
5786	5.430811e-02	1.217804e-07	3.906705e-03	-5.45929e-03	
5787	5.431967e-02	1.177743e-07	3.910513e-03	-5.46317e-03	
5788	5.433097e-02	1.191492e-07	3.912790e-03	-5.46532e-03	
5789	5.434276e-02	1.246707e-07	3.916559e-03	-5.46916e-03	
5790	5.435432e-02	1.286752e-07	3.918808e-03	-5.47129e-03	
5791	5.436562e-02	1.272985e-07	3.922356e-03	-5.47491e-03	
5792	5.437741e-02	1.217751e-07	3.924559e-03	-5.47699e-03	
5793	5.438897e-02	1.177722e-07	3.928059e-03	-5.48056e-03	
5794	5.440027e-02	1.191508e-07	3.930029e-03	-5.48242e-03	
5795	5.441206e-02	1.246759e-07	3.933484e-03	-5.48594e-03	
5796	5.442363e-02	1.286772e-07	3.935425e-03	-5.48777e-03	

Index   time            l1#branch       v1#branch       v2#branch       
--------------------------------------------------------------------------------
5797	5.443491e-02	1.272968e-07	3.938665e-03	-5.49108e-03	
5798	5.444671e-02	1.217698e-07	3.940553e-03	-5.49285e-03	
5799	5.445828e-02	1.177700e-07	3.943743e-03	-5.49611e-03	
5800	5.446956e-02	1.191523e-07	3.945407e-03	-5.49766e-03	
5801	5.448137e-02	1.246810e-07	3.948545e-03	-5.50087e-03	
5802	5.449294e-02	1.286792e-07	3.950176e-03	-5.50239e-03	
5803	5.450421e-02	1.272952e-07	3.953108e-03	-5.50540e-03	
5804	5.451602e-02	1.217647e-07	3.954680e-03	-5.50686e-03	
5805	5.452759e-02	1.177680e-07	3.957558e-03	-5.50981e-03	
5806	5.453886e-02	1.191537e-07	3.958916e-03	-5.51106e-03	
5807	5.455067e-02	1.246859e-07	3.961735e-03	-5.51395e-03	
5808	5.456224e-02	1.286811e-07	3.963054e-03	-5.51516e-03	
5809	5.457350e-02	1.272935e-07	3.965679e-03	-5.51786e-03	
5810	5.458532e-02	1.217597e-07	3.966932e-03	-5.51901e-03	
5811	5.459690e-02	1.177659e-07	3.969497e-03	-5.52165e-03	
5812	5.460815e-02	1.191551e-07	3.970548e-03	-5.52259e-03	
5813	5.461997e-02	1.246906e-07	3.973048e-03	-5.52517e-03	
5814	5.463155e-02	1.286829e-07	3.974055e-03	-5.52607e-03	
5815	5.464280e-02	1.272919e-07	3.976372e-03	-5.52846e-03	
5816	5.465462e-02	1.217548e-07	3.977305e-03	-5.52929e-03	
5817	5.466621e-02	1.177640e-07	3.979556e-03	-5.53162e-03	
5818	5.467745e-02	1.191565e-07	3.980300e-03	-5.53226e-03	
5819	5.468927e-02	1.246952e-07	3.982478e-03	-5.53452e-03	
5820	5.470086e-02	1.286846e-07	3.983171e-03	-5.53511e-03	
5821	5.471209e-02	1.272904e-07	3.985180e-03	-5.53720e-03	
5822	5.472392e-02	1.217500e-07	3.985793e-03	-5.53771e-03	
5823	5.473552e-02	1.177620e-07	3.987728e-03	-5.53972e-03	
5824	5.474674e-02	1.191578e-07	3.988166e-03	-5.54006e-03	
5825	5.475858e-02	1.246997e-07	3.990022e-03	-5.54199e-03	
5826	5.477017e-02	1.286862e-07	3.990400e-03	-5.54227e-03	
5827	5.478139e-02	1.272888e-07	3.992101e-03	-5.54406e-03	
5828	5.479323e-02	1.217454e-07	3.992393e-03	-5.54425e-03	
5829	5.480482e-02	1.177601e-07	3.994011e-03	-5.54595e-03	
5830	5.481604e-02	1.191591e-07	3.994142e-03	-5.54598e-03	
5831	5.482788e-02	1.247040e-07	3.995675e-03	-5.54760e-03	
5832	5.483948e-02	1.286878e-07	3.995737e-03	-5.54757e-03	
5833	5.485069e-02	1.272873e-07	3.997131e-03	-5.54904e-03	
5834	5.486253e-02	1.217408e-07	3.997100e-03	-5.54892e-03	
5835	5.487413e-02	1.177583e-07	3.998401e-03	-5.55030e-03	
5836	5.488534e-02	1.191603e-07	3.998226e-03	-5.55003e-03	
5837	5.489718e-02	1.247081e-07	3.999434e-03	-5.55133e-03	
5838	5.490879e-02	1.286893e-07	3.999181e-03	-5.55098e-03	
5839	5.491998e-02	1.272858e-07	4.000267e-03	-5.55215e-03	
5840	5.493183e-02	1.217364e-07	3.999913e-03	-5.55171e-03	
5841	5.494344e-02	1.177565e-07	4.000897e-03	-5.55278e-03	
5842	5.495463e-02	1.191614e-07	4.000415e-03	-5.55220e-03	
5843	5.496648e-02	1.247121e-07	4.001299e-03	-5.55317e-03	
5844	5.497809e-02	1.286907e-07	4.000729e-03	-5.55252e-03	
5845	5.498928e-02	1.272843e-07	4.001508e-03	-5.55338e-03	
5846	5.500114e-02	1.217321e-07	4.000830e-03	-5.55262e-03	
5847	5.501275e-02	1.177547e-07	4.001496e-03	-5.55337e-03	
5848	5.502393e-02	1.191625e-07	4.000709e-03	-5.55250e-03	
5849	5.503579e-02	1.247160e-07	4.001268e-03	-5.55314e-03	
5850	5.504740e-02	1.286921e-07	4.000381e-03	-5.55217e-03	
5851	5.505858e-02	1.272828e-07	4.000853e-03	-5.55273e-03	
5852	5.507044e-02	1.217279e-07	3.999852e-03	-5.55165e-03	
5853	5.508206e-02	1.177530e-07	4.000199e-03	-5.55208e-03	
5854	5.509323e-02	1.191635e-07	3.999107e-03	-5.55091e-03	

Index   time            l1#branch       v1#branch       v2#branch       
--------------------------------------------------------------------------------
5855	5.510509e-02	1.247198e-07	3.999341e-03	-5.55123e-03	
5856	5.511671e-02	1.286933e-07	3.998136e-03	-5.54995e-03	
5857	5.512788e-02	1.272814e-07	3.998303e-03	-5.55020e-03	
5858	5.513974e-02	1.217238e-07	3.996978e-03	-5.54880e-03	
5859	5.515137e-02	1.177513e-07	3.997006e-03	-5.54892e-03	
5860	5.516253e-02	1.191645e-07	3.995610e-03	-5.54744e-03	
5861	5.517439e-02	1.247234e-07	3.995519e-03	-5.54744e-03	
5862	5.518602e-02	1.286945e-07	3.993997e-03	-5.54584e-03	
5863	5.519718e-02	1.272800e-07	3.993858e-03	-5.54580e-03	
5864	5.520905e-02	1.217198e-07	3.992209e-03	-5.54407e-03	
5865	5.522067e-02	1.177497e-07	3.991919e-03	-5.54387e-03	
5866	5.523183e-02	1.191655e-07	3.990219e-03	-5.54210e-03	
5867	5.524370e-02	1.247268e-07	3.989803e-03	-5.54177e-03	
5868	5.525533e-02	1.286957e-07	3.987964e-03	-5.53986e-03	
5869	5.526647e-02	1.272786e-07	3.987521e-03	-5.53951e-03	
5870	5.527835e-02	1.217159e-07	3.985549e-03	-5.53747e-03	
5871	5.528998e-02	1.177481e-07	3.984940e-03	-5.53695e-03	
5872	5.530112e-02	1.191664e-07	3.982938e-03	-5.53488e-03	
5873	5.531300e-02	1.247302e-07	3.982197e-03	-5.53423e-03	
5874	5.532464e-02	1.286968e-07	3.980041e-03	-5.53201e-03	
5875	5.533577e-02	1.272772e-07	3.979295e-03	-5.53136e-03	
5876	5.534766e-02	1.217121e-07	3.976999e-03	-5.52899e-03	
5877	5.535929e-02	1.177465e-07	3.976073e-03	-5.52816e-03	
5878	5.537042e-02	1.191672e-07	3.973770e-03	-5.52579e-03	
5879	5.538231e-02	1.247334e-07	3.972704e-03	-5.52482e-03	
5880	5.539395e-02	1.286978e-07	3.970232e-03	-5.52228e-03	
5881	5.540507e-02	1.272758e-07	3.969184e-03	-5.52133e-03	
5882	5.541696e-02	1.217084e-07	3.966565e-03	-5.51865e-03	
5883	5.542860e-02	1.177450e-07	3.965321e-03	-5.51750e-03	
5884	5.543972e-02	1.191680e-07	3.962718e-03	-5.51483e-03	
5885	5.545161e-02	1.247364e-07	3.961329e-03	-5.51354e-03	
5886	5.546326e-02	1.286987e-07	3.958541e-03	-5.51069e-03	
5887	5.547437e-02	1.272745e-07	3.957192e-03	-5.50944e-03	
5888	5.548626e-02	1.217048e-07	3.954251e-03	-5.50644e-03	
5889	5.549791e-02	1.177435e-07	3.952691e-03	-5.50498e-03	
5890	5.550902e-02	1.191687e-07	3.949789e-03	-5.50202e-03	
5891	5.552092e-02	1.247394e-07	3.948076e-03	-5.50040e-03	
5892	5.553256e-02	1.286996e-07	3.944973e-03	-5.49724e-03	
5893	5.554367e-02	1.272732e-07	3.943326e-03	-5.49569e-03	
5894	5.555557e-02	1.217013e-07	3.940063e-03	-5.49238e-03	
5895	5.556722e-02	1.177420e-07	3.938187e-03	-5.49060e-03	
5896	5.557833e-02	1.191694e-07	3.934988e-03	-5.48734e-03	
5897	5.559022e-02	1.247422e-07	3.932953e-03	-5.48541e-03	
5898	5.560187e-02	1.287004e-07	3.929536e-03	-5.48194e-03	
5899	5.561298e-02	1.272719e-07	3.927591e-03	-5.48009e-03	
5900	5.562488e-02	1.216979e-07	3.924008e-03	-5.47646e-03	
5901	5.563653e-02	1.177405e-07	3.921816e-03	-5.47437e-03	
5902	5.564763e-02	1.191701e-07	3.918322e-03	-5.47082e-03	
5903	5.565953e-02	1.247449e-07	3.915966e-03	-5.46857e-03	
5904	5.567118e-02	1.287012e-07	3.912236e-03	-5.46479e-03	
5905	5.568228e-02	1.272706e-07	3.909994e-03	-5.46265e-03	
5906	5.569418e-02	1.216946e-07	3.906092e-03	-5.45870e-03	
5907	5.570584e-02	1.177391e-07	3.903588e-03	-5.45629e-03	
5908	5.571693e-02	1.191707e-07	3.899799e-03	-5.45245e-03	
5909	5.572883e-02	1.247475e-07	3.897123e-03	-5.44988e-03	
5910	5.574049e-02	1.287019e-07	3.893082e-03	-5.44580e-03	
5911	5.575158e-02	1.272693e-07	3.890546e-03	-5.44336e-03	
5912	5.576349e-02	1.216914e-07	3.886326e-03	-5.43910e-03	

Index   time            l1#branch       v1#branch       v2#branch       
--------------------------------------------------------------------------------
5913	5.577515e-02	1.177378e-07	3.883509e-03	-5.43639e-03	
5914	5.578623e-02	1.191712e-07	3.879428e-03	-5.43226e-03	
5915	5.579814e-02	1.247499e-07	3.876434e-03	-5.42937e-03	
5916	5.580980e-02	1.287026e-07	3.872082e-03	-5.42498e-03	
5917	5.582088e-02	1.272681e-07	3.869253e-03	-5.42225e-03	
5918	5.583279e-02	1.216883e-07	3.864717e-03	-5.41768e-03	
5919	5.584446e-02	1.177364e-07	3.861590e-03	-5.41465e-03	
5920	5.585553e-02	1.191717e-07	3.857218e-03	-5.41024e-03	
5921	5.586745e-02	1.247522e-07	3.853907e-03	-5.40704e-03	
5922	5.587911e-02	1.287032e-07	3.849247e-03	-5.40234e-03	
5923	5.589018e-02	1.272668e-07	3.846128e-03	-5.39932e-03	
5924	5.590210e-02	1.216853e-07	3.841277e-03	-5.39444e-03	
5925	5.591376e-02	1.177351e-07	3.837840e-03	-5.39111e-03	
5926	5.592483e-02	1.191722e-07	3.833181e-03	-5.38641e-03	
5927	5.593675e-02	1.247544e-07	3.829555e-03	-5.38289e-03	
5928	5.594842e-02	1.287037e-07	3.824588e-03	-5.37789e-03	
5929	5.595949e-02	1.272656e-07	3.821180e-03	-5.37459e-03	
5930	5.597140e-02	1.216824e-07	3.816016e-03	-5.36939e-03	
5931	5.598307e-02	1.177338e-07	3.812272e-03	-5.36576e-03	
5932	5.599414e-02	1.191726e-07	3.807327e-03	-5.36078e-03	
5933	5.600606e-02	1.247565e-07	3.803387e-03	-5.35695e-03	
5934	5.601773e-02	1.287042e-07	3.798116e-03	-5.35164e-03	
5935	5.602879e-02	1.272644e-07	3.794421e-03	-5.34806e-03	
5936	5.604071e-02	1.216795e-07	3.788946e-03	-5.34255e-03	
5937	5.605238e-02	1.177325e-07	3.784898e-03	-5.33862e-03	
5938	5.606344e-02	1.191729e-07	3.779668e-03	-5.33335e-03	
5939	5.607536e-02	1.247585e-07	3.775417e-03	-5.32922e-03	
5940	5.608704e-02	1.287046e-07	3.769843e-03	-5.32361e-03	
5941	5.609809e-02	1.272632e-07	3.765865e-03	-5.31975e-03	
5942	5.611002e-02	1.216768e-07	3.760081e-03	-5.31394e-03	
5943	5.612169e-02	1.177313e-07	3.755729e-03	-5.30970e-03	
5944	5.613274e-02	1.191733e-07	3.750218e-03	-5.30416e-03	
5945	5.614467e-02	1.247603e-07	3.745658e-03	-5.29971e-03	
5946	5.615635e-02	1.287050e-07	3.739784e-03	-5.29381e-03	
5947	5.616739e-02	1.272621e-07	3.735523e-03	-5.28966e-03	
5948	5.617932e-02	1.216741e-07	3.729434e-03	-5.28355e-03	
5949	5.619100e-02	1.177300e-07	3.724781e-03	-5.27901e-03	
5950	5.620205e-02	1.191735e-07	3.718991e-03	-5.27320e-03	
5951	5.621398e-02	1.247621e-07	3.714125e-03	-5.26845e-03	
5952	5.622566e-02	1.287053e-07	3.707952e-03	-5.26225e-03	
5953	5.623670e-02	1.272609e-07	3.703412e-03	-5.25783e-03	
5954	5.624863e-02	1.216715e-07	3.697018e-03	-5.25141e-03	
5955	5.626031e-02	1.177288e-07	3.692067e-03	-5.24658e-03	
5956	5.627135e-02	1.191738e-07	3.686001e-03	-5.24049e-03	
5957	5.628328e-02	1.247637e-07	3.680831e-03	-5.23544e-03	
5958	5.629497e-02	1.287056e-07	3.674362e-03	-5.22895e-03	
5959	5.630600e-02	1.272598e-07	3.669546e-03	-5.22425e-03	
5960	5.631794e-02	1.216690e-07	3.662851e-03	-5.21754e-03	
5961	5.632962e-02	1.177277e-07	3.657604e-03	-5.21241e-03	
5962	5.634065e-02	1.191740e-07	3.651264e-03	-5.20605e-03	
5963	5.635259e-02	1.247652e-07	3.645792e-03	-5.20070e-03	
5964	5.636428e-02	1.287058e-07	3.639031e-03	-5.19392e-03	
5965	5.637531e-02	1.272587e-07	3.633941e-03	-5.18895e-03	
5966	5.638724e-02	1.216666e-07	3.626948e-03	-5.18194e-03	
5967	5.639893e-02	1.177265e-07	3.621408e-03	-5.17652e-03	
5968	5.640996e-02	1.191741e-07	3.614797e-03	-5.16990e-03	
5969	5.642190e-02	1.247667e-07	3.609027e-03	-5.16425e-03	
5970	5.643359e-02	1.287060e-07	3.601975e-03	-5.15718e-03	

Index   time            l1#branch       v1#branch       v2#branch       
--------------------------------------------------------------------------------
5971	5.644461e-02	1.272576e-07	3.596614e-03	-5.15194e-03	
5972	5.645655e-02	1.216642e-07	3.589325e-03	-5.14464e-03	
5973	5.646824e-02	1.177254e-07	3.583495e-03	-5.13893e-03	
5974	5.647926e-02	1.191742e-07	3.576616e-03	-5.13204e-03	
5975	5.649121e-02	1.247680e-07	3.570550e-03	-5.12610e-03	
5976	5.650289e-02	1.287061e-07	3.563211e-03	-5.11875e-03	
5977	5.651392e-02	1.272565e-07	3.557583e-03	-5.11324e-03	
5978	5.652586e-02	1.216620e-07	3.550001e-03	-5.10566e-03	
5979	5.653755e-02	1.177243e-07	3.543884e-03	-5.09966e-03	
5980	5.654857e-02	1.191743e-07	3.536740e-03	-5.09251e-03	
5981	5.656051e-02	1.247692e-07	3.530382e-03	-5.08627e-03	
5982	5.657220e-02	1.287062e-07	3.522759e-03	-5.07865e-03	
5983	5.658322e-02	1.272554e-07	3.516866e-03	-5.07288e-03	
5984	5.659517e-02	1.216598e-07	3.508995e-03	-5.06500e-03	
5985	5.660686e-02	1.177232e-07	3.502594e-03	-5.05873e-03	
5986	5.661787e-02	1.191743e-07	3.495188e-03	-5.05131e-03	
5987	5.662982e-02	1.247703e-07	3.488541e-03	-5.04479e-03	
5988	5.664151e-02	1.287062e-07	3.480637e-03	-5.03689e-03	
5989	5.665253e-02	1.272544e-07	3.474483e-03	-5.03086e-03	
5990	5.666447e-02	1.216577e-07	3.466326e-03	-5.02270e-03	
5991	5.667617e-02	1.177221e-07	3.459644e-03	-5.01614e-03	
5992	5.668718e-02	1.191743e-07	3.451980e-03	-5.00848e-03	
5993	5.669913e-02	1.247713e-07	3.445047e-03	-5.00167e-03	
5994	5.671082e-02	1.287062e-07	3.436866e-03	-4.99349e-03	
5995	5.672183e-02	1.272533e-07	3.430453e-03	-4.98720e-03	
5996	5.673378e-02	1.216557e-07	3.422013e-03	-4.97877e-03	
5997	5.674548e-02	1.177211e-07	3.415055e-03	-4.97194e-03	
5998	5.675648e-02	1.191742e-07	3.407135e-03	-4.96402e-03	
5999	5.676844e-02	1.247721e-07	3.399920e-03	-4.95693e-03	
6000	5.678013e-02	1.287061e-07	3.391465e-03	-4.94848e-03	
6001	5.679114e-02	1.272523e-07	3.384797e-03	-4.94194e-03	
6002	5.680309e-02	1.216537e-07	3.376079e-03	-4.93323e-03	
6003	5.681479e-02	1.177200e-07	3.368847e-03	-4.92612e-03	
6004	5.682579e-02	1.191741e-07	3.360675e-03	-4.91796e-03	
6005	5.683774e-02	1.247729e-07	3.353182e-03	-4.91059e-03	
6006	5.684944e-02	1.287060e-07	3.344457e-03	-4.90188e-03	
6007	5.686044e-02	1.272513e-07	3.337537e-03	-4.89508e-03	
6008	5.687240e-02	1.216518e-07	3.328544e-03	-4.88610e-03	
6009	5.688410e-02	1.177190e-07	3.321043e-03	-4.87873e-03	
6010	5.689510e-02	1.191740e-07	3.312623e-03	-4.87032e-03	
6011	5.690705e-02	1.247736e-07	3.304856e-03	-4.86268e-03	
6012	5.691875e-02	1.287058e-07	3.295864e-03	-4.85370e-03	
6013	5.692975e-02	1.272503e-07	3.288696e-03	-4.84666e-03	
6014	5.694170e-02	1.216500e-07	3.279432e-03	-4.83741e-03	
6015	5.695341e-02	1.177180e-07	3.271665e-03	-4.82978e-03	
6016	5.696440e-02	1.191738e-07	3.263001e-03	-4.82112e-03	
6017	5.697636e-02	1.247742e-07	3.254963e-03	-4.81321e-03	
6018	5.698806e-02	1.287056e-07	3.245709e-03	-4.80398e-03	
6019	5.699906e-02	1.272493e-07	3.238297e-03	-4.79669e-03	
6020	5.701101e-02	1.216483e-07	3.228766e-03	-4.78718e-03	
6021	5.702272e-02	1.177171e-07	3.220737e-03	-4.77928e-03	
6022	5.703371e-02	1.191736e-07	3.211832e-03	-4.77039e-03	
6023	5.704567e-02	1.247747e-07	3.203528e-03	-4.76222e-03	
6024	5.705737e-02	1.287054e-07	3.194015e-03	-4.75273e-03	
6025	5.706836e-02	1.272484e-07	3.186363e-03	-4.74521e-03	
6026	5.708032e-02	1.216466e-07	3.176570e-03	-4.73544e-03	
6027	5.709202e-02	1.177161e-07	3.168282e-03	-4.72728e-03	
6028	5.710301e-02	1.191733e-07	3.159141e-03	-4.71815e-03	

Index   time            l1#branch       v1#branch       v2#branch       
--------------------------------------------------------------------------------
6029	5.711497e-02	1.247751e-07	3.150575e-03	-4.70972e-03	
6030	5.712668e-02	1.287051e-07	3.140808e-03	-4.69998e-03	
6031	5.713767e-02	1.272474e-07	3.132920e-03	-4.69222e-03	
6032	5.714963e-02	1.216450e-07	3.122868e-03	-4.68220e-03	
6033	5.716133e-02	1.177152e-07	3.114327e-03	-4.67379e-03	
6034	5.717232e-02	1.191730e-07	3.104952e-03	-4.66443e-03	
6035	5.718428e-02	1.247755e-07	3.096128e-03	-4.65574e-03	
6036	5.719599e-02	1.287048e-07	3.086112e-03	-4.64575e-03	
6037	5.720697e-02	1.272465e-07	3.077991e-03	-4.63776e-03	
6038	5.721894e-02	1.216435e-07	3.067686e-03	-4.62749e-03	
6039	5.723064e-02	1.177143e-07	3.058896e-03	-4.61883e-03	
6040	5.724163e-02	1.191727e-07	3.049292e-03	-4.60925e-03	
6041	5.725359e-02	1.247757e-07	3.040215e-03	-4.60031e-03	
6042	5.726530e-02	1.287044e-07	3.029954e-03	-4.59008e-03	
6043	5.727628e-02	1.272455e-07	3.021605e-03	-4.58186e-03	
6044	5.728824e-02	1.216421e-07	3.011050e-03	-4.57134e-03	
6045	5.729995e-02	1.177134e-07	3.002015e-03	-4.56244e-03	
6046	5.731093e-02	1.191723e-07	2.992187e-03	-4.55264e-03	
6047	5.732290e-02	1.247758e-07	2.982862e-03	-4.54345e-03	
6048	5.733460e-02	1.287040e-07	2.972359e-03	-4.53298e-03	
6049	5.734559e-02	1.272446e-07	2.963786e-03	-4.52454e-03	
6050	5.735755e-02	1.216407e-07	2.952987e-03	-4.51378e-03	
6051	5.736926e-02	1.177125e-07	2.943712e-03	-4.50464e-03	
6052	5.738024e-02	1.191719e-07	2.933664e-03	-4.49462e-03	
6053	5.739220e-02	1.247758e-07	2.924095e-03	-4.48519e-03	
6054	5.740391e-02	1.287036e-07	2.913356e-03	-4.47449e-03	
6055	5.741489e-02	1.272437e-07	2.904563e-03	-4.46583e-03	
6056	5.742686e-02	1.216393e-07	2.893524e-03	-4.45483e-03	
6057	5.743857e-02	1.177116e-07	2.884015e-03	-4.44546e-03	
6058	5.744955e-02	1.191714e-07	2.873750e-03	-4.43522e-03	
6059	5.746151e-02	1.247758e-07	2.863942e-03	-4.42556e-03	
6060	5.747322e-02	1.287031e-07	2.852973e-03	-4.41463e-03	
6061	5.748420e-02	1.272428e-07	2.843964e-03	-4.40575e-03	
6062	5.749617e-02	1.216381e-07	2.832691e-03	-4.39452e-03	
6063	5.750788e-02	1.177107e-07	2.822951e-03	-4.38492e-03	
6064	5.751885e-02	1.191710e-07	2.812474e-03	-4.37448e-03	
6065	5.753082e-02	1.247756e-07	2.802433e-03	-4.36458e-03	
6066	5.754253e-02	1.287026e-07	2.791237e-03	-4.35342e-03	
6067	5.755351e-02	1.272419e-07	2.782018e-03	-4.34434e-03	
6068	5.756547e-02	1.216369e-07	2.770515e-03	-4.33288e-03	
6069	5.757718e-02	1.177099e-07	2.760549e-03	-4.32306e-03	
6070	5.758816e-02	1.191704e-07	2.749866e-03	-4.31241e-03	
6071	5.760013e-02	1.247754e-07	2.739596e-03	-4.30228e-03	
6072	5.761184e-02	1.287020e-07	2.728179e-03	-4.29091e-03	
6073	5.762281e-02	1.272411e-07	2.718753e-03	-4.28162e-03	
6074	5.763478e-02	1.216357e-07	2.707026e-03	-4.26994e-03	
6075	5.764649e-02	1.177091e-07	2.696840e-03	-4.25990e-03	
6076	5.765747e-02	1.191699e-07	2.685954e-03	-4.24905e-03	
6077	5.766943e-02	1.247751e-07	2.675461e-03	-4.23870e-03	
6078	5.768115e-02	1.287014e-07	2.663828e-03	-4.22712e-03	
6079	5.769212e-02	1.272402e-07	2.654200e-03	-4.21762e-03	
6080	5.770409e-02	1.216347e-07	2.642254e-03	-4.20573e-03	
6081	5.771580e-02	1.177083e-07	2.631853e-03	-4.19547e-03	
6082	5.772677e-02	1.191693e-07	2.620770e-03	-4.18443e-03	
6083	5.773874e-02	1.247747e-07	2.610058e-03	-4.17386e-03	
6084	5.775045e-02	1.287007e-07	2.598215e-03	-4.16207e-03	
6085	5.776143e-02	1.272394e-07	2.588390e-03	-4.15238e-03	
6086	5.777340e-02	1.216337e-07	2.576230e-03	-4.14028e-03	

Index   time            l1#branch       v1#branch       v2#branch       
--------------------------------------------------------------------------------
6087	5.778511e-02	1.177075e-07	2.565620e-03	-4.12981e-03	
6088	5.779608e-02	1.191687e-07	2.554343e-03	-4.11858e-03	
6089	5.780805e-02	1.247742e-07	2.543419e-03	-4.10780e-03	
6090	5.781976e-02	1.287001e-07	2.531370e-03	-4.09581e-03	
6091	5.783073e-02	1.272385e-07	2.521353e-03	-4.08593e-03	
6092	5.784270e-02	1.216327e-07	2.508985e-03	-4.07362e-03	
6093	5.785441e-02	1.177067e-07	2.498171e-03	-4.06294e-03	
6094	5.786539e-02	1.191680e-07	2.486706e-03	-4.05153e-03	
6095	5.787736e-02	1.247736e-07	2.475576e-03	-4.04054e-03	
6096	5.788907e-02	1.286993e-07	2.463327e-03	-4.02835e-03	
6097	5.790004e-02	1.272377e-07	2.453122e-03	-4.01829e-03	
6098	5.791201e-02	1.216318e-07	2.440552e-03	-4.00578e-03	
6099	5.792372e-02	1.177059e-07	2.429539e-03	-3.99491e-03	
6100	5.793469e-02	1.191673e-07	2.417891e-03	-3.98331e-03	
6101	5.794666e-02	1.247730e-07	2.406559e-03	-3.97213e-03	
6102	5.795838e-02	1.286986e-07	2.394116e-03	-3.95974e-03	
6103	5.796935e-02	1.272369e-07	2.383729e-03	-3.94950e-03	
6104	5.798132e-02	1.216310e-07	2.370962e-03	-3.93679e-03	
6105	5.799303e-02	1.177051e-07	2.359756e-03	-3.92573e-03	
6106	5.800400e-02	1.191666e-07	2.347929e-03	-3.91396e-03	
6107	5.801597e-02	1.247722e-07	2.336402e-03	-3.90258e-03	
6108	5.802768e-02	1.286978e-07	2.323771e-03	-3.89001e-03	
6109	5.803865e-02	1.272361e-07	2.313207e-03	-3.87959e-03	
6110	5.805062e-02	1.216302e-07	2.300249e-03	-3.86669e-03	
6111	5.806234e-02	1.177044e-07	2.288855e-03	-3.85544e-03	
6112	5.807331e-02	1.191658e-07	2.276856e-03	-3.84350e-03	
6113	5.808528e-02	1.247714e-07	2.265139e-03	-3.83193e-03	
6114	5.809699e-02	1.286969e-07	2.252325e-03	-3.81919e-03	
6115	5.810796e-02	1.272353e-07	2.241588e-03	-3.80859e-03	
6116	5.811993e-02	1.216295e-07	2.228446e-03	-3.79552e-03	
6117	5.813164e-02	1.177037e-07	2.216870e-03	-3.78409e-03	
6118	5.814261e-02	1.191650e-07	2.204703e-03	-3.77198e-03	
6119	5.815458e-02	1.247704e-07	2.192803e-03	-3.76023e-03	
6120	5.816629e-02	1.286961e-07	2.179811e-03	-3.74730e-03	
6121	5.817727e-02	1.272345e-07	2.168908e-03	-3.73654e-03	
6122	5.818924e-02	1.216289e-07	2.155587e-03	-3.72329e-03	
6123	5.820095e-02	1.177029e-07	2.143835e-03	-3.71169e-03	
6124	5.821192e-02	1.191641e-07	2.131506e-03	-3.69942e-03	
6125	5.822389e-02	1.247694e-07	2.119428e-03	-3.68749e-03	
6126	5.823560e-02	1.286951e-07	2.106266e-03	-3.67440e-03	
6127	5.824657e-02	1.272338e-07	2.095201e-03	-3.66348e-03	
6128	5.825854e-02	1.216283e-07	2.081707e-03	-3.65006e-03	
6129	5.827025e-02	1.177022e-07	2.069785e-03	-3.63828e-03	
6130	5.828123e-02	1.191633e-07	2.057299e-03	-3.62586e-03	
6131	5.829319e-02	1.247683e-07	2.045050e-03	-3.61376e-03	
6132	5.830491e-02	1.286942e-07	2.031722e-03	-3.60051e-03	
6133	5.831588e-02	1.272330e-07	2.020501e-03	-3.58943e-03	
6134	5.832785e-02	1.216278e-07	2.006841e-03	-3.57585e-03	
6135	5.833956e-02	1.177015e-07	1.994755e-03	-3.56391e-03	
6136	5.835053e-02	1.191623e-07	1.982117e-03	-3.55134e-03	
6137	5.836250e-02	1.247671e-07	1.969703e-03	-3.53908e-03	
6138	5.837421e-02	1.286932e-07	1.956217e-03	-3.52567e-03	
6139	5.838519e-02	1.272322e-07	1.944844e-03	-3.51444e-03	
6140	5.839715e-02	1.216273e-07	1.931024e-03	-3.50070e-03	
6141	5.840886e-02	1.177008e-07	1.918781e-03	-3.48860e-03	
6142	5.841984e-02	1.191614e-07	1.905997e-03	-3.47589e-03	
6143	5.843181e-02	1.247658e-07	1.893423e-03	-3.46346e-03	
6144	5.844352e-02	1.286921e-07	1.879784e-03	-3.44991e-03	

Index   time            l1#branch       v1#branch       v2#branch       
--------------------------------------------------------------------------------
6145	5.845449e-02	1.272315e-07	1.868267e-03	-3.43853e-03	
6146	5.846646e-02	1.216269e-07	1.854292e-03	-3.42464e-03	
6147	5.847817e-02	1.177002e-07	1.841898e-03	-3.41239e-03	
6148	5.848914e-02	1.191604e-07	1.828973e-03	-3.39954e-03	
6149	5.850111e-02	1.247645e-07	1.816247e-03	-3.38697e-03	
6150	5.851282e-02	1.286910e-07	1.802462e-03	-3.37326e-03	
6151	5.852380e-02	1.272307e-07	1.790804e-03	-3.36175e-03	
6152	5.853576e-02	1.216265e-07	1.776683e-03	-3.34771e-03	
6153	5.854747e-02	1.176995e-07	1.764143e-03	-3.33532e-03	
6154	5.855845e-02	1.191593e-07	1.751083e-03	-3.32234e-03	
6155	5.857042e-02	1.247630e-07	1.738211e-03	-3.30962e-03	
6156	5.858213e-02	1.286899e-07	1.724286e-03	-3.29578e-03	
6157	5.859310e-02	1.272300e-07	1.712494e-03	-3.28413e-03	
6158	5.860507e-02	1.216262e-07	1.698232e-03	-3.26995e-03	
6159	5.861678e-02	1.176988e-07	1.685553e-03	-3.25743e-03	
6160	5.862776e-02	1.191582e-07	1.672364e-03	-3.24431e-03	
6161	5.863972e-02	1.247614e-07	1.659352e-03	-3.23145e-03	
6162	5.865143e-02	1.286887e-07	1.645294e-03	-3.21748e-03	
6163	5.866241e-02	1.272292e-07	1.633372e-03	-3.20571e-03	
6164	5.867437e-02	1.216260e-07	1.618976e-03	-3.19140e-03	
6165	5.868608e-02	1.176981e-07	1.606165e-03	-3.17874e-03	
6166	5.869706e-02	1.191570e-07	1.592852e-03	-3.16551e-03	
6167	5.870902e-02	1.247597e-07	1.579707e-03	-3.15252e-03	
6168	5.872073e-02	1.286874e-07	1.565522e-03	-3.13842e-03	
6169	5.873171e-02	1.272285e-07	1.553478e-03	-3.12652e-03	
6170	5.874368e-02	1.216258e-07	1.538954e-03	-3.11209e-03	
6171	5.875538e-02	1.176975e-07	1.526017e-03	-3.09930e-03	
6172	5.876637e-02	1.191558e-07	1.512586e-03	-3.08596e-03	
6173	5.877833e-02	1.247579e-07	1.499315e-03	-3.07284e-03	
6174	5.879004e-02	1.286861e-07	1.485010e-03	-3.05863e-03	
6175	5.880102e-02	1.272277e-07	1.472848e-03	-3.04661e-03	
6176	5.881298e-02	1.216256e-07	1.458204e-03	-3.03206e-03	
6177	5.882469e-02	1.176968e-07	1.445148e-03	-3.01915e-03	
6178	5.883567e-02	1.191546e-07	1.431604e-03	-3.00570e-03	
6179	5.884763e-02	1.247560e-07	1.418213e-03	-2.99246e-03	
6180	5.885934e-02	1.286848e-07	1.403794e-03	-2.97814e-03	
6181	5.887032e-02	1.272270e-07	1.391520e-03	-2.96601e-03	
6182	5.888228e-02	1.216256e-07	1.376763e-03	-2.95135e-03	
6183	5.889399e-02	1.176961e-07	1.363594e-03	-2.93833e-03	
6184	5.890497e-02	1.191532e-07	1.349944e-03	-2.92477e-03	
6185	5.891693e-02	1.247539e-07	1.336441e-03	-2.91142e-03	
6186	5.892864e-02	1.286833e-07	1.321915e-03	-2.89699e-03	
6187	5.893963e-02	1.272262e-07	1.309535e-03	-2.88476e-03	
6188	5.895159e-02	1.216255e-07	1.294671e-03	-2.86999e-03	
6189	5.896329e-02	1.176954e-07	1.281395e-03	-2.85687e-03	
6190	5.897428e-02	1.191518e-07	1.267645e-03	-2.84321e-03	
6191	5.898624e-02	1.247517e-07	1.254036e-03	-2.82976e-03	
6192	5.899794e-02	1.286818e-07	1.239410e-03	-2.81523e-03	
6193	5.900893e-02	1.272254e-07	1.226929e-03	-2.80290e-03	
6194	5.902089e-02	1.216256e-07	1.211966e-03	-2.78804e-03	
6195	5.903259e-02	1.176948e-07	1.198591e-03	-2.77481e-03	
6196	5.904358e-02	1.191503e-07	1.184746e-03	-2.76106e-03	
6197	5.905554e-02	1.247494e-07	1.171037e-03	-2.74751e-03	
6198	5.906724e-02	1.286802e-07	1.156318e-03	-2.73289e-03	
6199	5.907823e-02	1.272246e-07	1.143743e-03	-2.72046e-03	
6200	5.909019e-02	1.216257e-07	1.128687e-03	-2.70552e-03	
6201	5.910189e-02	1.176940e-07	1.115219e-03	-2.69220e-03	
6202	5.911289e-02	1.191487e-07	1.101286e-03	-2.67836e-03	

Index   time            l1#branch       v1#branch       v2#branch       
--------------------------------------------------------------------------------
6203	5.912484e-02	1.247468e-07	1.087486e-03	-2.66472e-03	
6204	5.913654e-02	1.286784e-07	1.072680e-03	-2.65002e-03	
6205	5.914754e-02	1.272238e-07	1.060017e-03	-2.63750e-03	
6206	5.915949e-02	1.216258e-07	1.044875e-03	-2.62247e-03	
6207	5.917119e-02	1.176933e-07	1.031321e-03	-2.60907e-03	
6208	5.918219e-02	1.191470e-07	1.017306e-03	-2.59515e-03	
6209	5.919414e-02	1.247441e-07	1.003420e-03	-2.58142e-03	
6210	5.920584e-02	1.286766e-07	9.885353e-04	-2.56665e-03	
6211	5.921684e-02	1.272229e-07	9.757886e-04	-2.55405e-03	
6212	5.922879e-02	1.216260e-07	9.605693e-04	-2.53894e-03	
6213	5.924049e-02	1.176925e-07	9.469357e-04	-2.52546e-03	
6214	5.925149e-02	1.191451e-07	9.328441e-04	-2.51147e-03	
6215	5.926344e-02	1.247411e-07	9.188795e-04	-2.49766e-03	
6216	5.927514e-02	1.286745e-07	9.039234e-04	-2.48282e-03	
6217	5.928614e-02	1.272220e-07	8.910993e-04	-2.47014e-03	
6218	5.929809e-02	1.216262e-07	8.758094e-04	-2.45497e-03	
6219	5.930979e-02	1.176916e-07	8.621032e-04	-2.44142e-03	
6220	5.932079e-02	1.191431e-07	8.479414e-04	-2.42736e-03	
6221	5.933274e-02	1.247378e-07	8.339055e-04	-2.41349e-03	
6222	5.934444e-02	1.286723e-07	8.188848e-04	-2.39858e-03	
6223	5.935545e-02	1.272210e-07	8.059889e-04	-2.38583e-03	
6224	5.936739e-02	1.216264e-07	7.906359e-04	-2.37060e-03	
6225	5.937909e-02	1.176907e-07	7.768641e-04	-2.35698e-03	
6226	5.939010e-02	1.191408e-07	7.626382e-04	-2.34287e-03	
6227	5.940204e-02	1.247341e-07	7.485380e-04	-2.32893e-03	
6228	5.941373e-02	1.286699e-07	7.334601e-04	-2.31397e-03	
6229	5.942475e-02	1.272198e-07	7.204979e-04	-2.30116e-03	
6230	5.943669e-02	1.216267e-07	7.050896e-04	-2.28587e-03	
6231	5.944838e-02	1.176896e-07	6.912588e-04	-2.27220e-03	
6232	5.945940e-02	1.191383e-07	6.769750e-04	-2.25803e-03	
6233	5.947134e-02	1.247300e-07	6.628176e-04	-2.24403e-03	
6234	5.948303e-02	1.286671e-07	6.476901e-04	-2.22903e-03	
6235	5.949405e-02	1.272185e-07	6.346670e-04	-2.21616e-03	
6236	5.950599e-02	1.216269e-07	6.192112e-04	-2.20083e-03	
6237	5.951768e-02	1.176883e-07	6.053283e-04	-2.18711e-03	
6238	5.952870e-02	1.191353e-07	5.909928e-04	-2.17289e-03	
6239	5.954064e-02	1.247252e-07	5.767852e-04	-2.15885e-03	
6240	5.955232e-02	1.286638e-07	5.616160e-04	-2.14381e-03	
6241	5.956335e-02	1.272169e-07	5.485370e-04	-2.13089e-03	
6242	5.957528e-02	1.216270e-07	5.330420e-04	-2.11553e-03	
6243	5.958697e-02	1.176867e-07	5.191136e-04	-2.10176e-03	
6244	5.959800e-02	1.191317e-07	5.047327e-04	-2.08751e-03	
6245	5.960993e-02	1.247196e-07	4.904818e-04	-2.07342e-03	
6246	5.962162e-02	1.286598e-07	4.752791e-04	-2.05836e-03	
6247	5.963265e-02	1.272148e-07	4.621489e-04	-2.04539e-03	
6248	5.964458e-02	1.216268e-07	4.466235e-04	-2.03001e-03	
6249	5.965626e-02	1.176844e-07	4.326562e-04	-2.01621e-03	
6250	5.966730e-02	1.191272e-07	4.182364e-04	-2.00193e-03	
6251	5.967923e-02	1.247127e-07	4.039490e-04	-1.98781e-03	
6252	5.969091e-02	1.286548e-07	3.887217e-04	-1.97273e-03	
6253	5.970194e-02	1.272118e-07	3.755443e-04	-1.95972e-03	
6254	5.971387e-02	1.216261e-07	3.599979e-04	-1.94434e-03	
6255	5.972555e-02	1.176812e-07	3.459979e-04	-1.93051e-03	
6256	5.973659e-02	1.191211e-07	3.315459e-04	-1.91621e-03	
6257	5.974852e-02	1.247035e-07	3.172287e-04	-1.90208e-03	
6258	5.976019e-02	1.286478e-07	3.019866e-04	-1.88701e-03	
6259	5.977124e-02	1.272073e-07	2.887648e-04	-1.87396e-03	
6260	5.978316e-02	1.216240e-07	2.732084e-04	-1.85859e-03	

Index   time            l1#branch       v1#branch       v2#branch       
--------------------------------------------------------------------------------
6261	5.979484e-02	1.176758e-07	2.591813e-04	-1.84476e-03	
6262	5.980589e-02	1.191120e-07	2.447048e-04	-1.83046e-03	
6263	5.981781e-02	1.246902e-07	2.303638e-04	-1.81633e-03	
6264	5.982948e-02	1.286368e-07	2.151190e-04	-1.80130e-03	
6265	5.984054e-02	1.271990e-07	2.018533e-04	-1.78824e-03	
6266	5.985245e-02	1.216183e-07	1.863009e-04	-1.77293e-03	
6267	5.986412e-02	1.176650e-07	1.722509e-04	-1.75913e-03	
6268	5.987518e-02	1.190953e-07	1.577601e-04	-1.74489e-03	
6269	5.988709e-02	1.246667e-07	1.433999e-04	-1.73082e-03	
6270	5.989875e-02	1.286148e-07	1.281698e-04	-1.71592e-03	
6271	5.990983e-02	1.271788e-07	1.148546e-04	-1.70293e-03	
6272	5.992173e-02	1.215985e-07	9.932707e-05	-1.68785e-03	
6273	5.993339e-02	1.176341e-07	8.525044e-05	-1.67425e-03	
6274	5.994447e-02	1.190497e-07	7.076545e-05	-1.66038e-03	
6275	5.995636e-02	1.246010e-07	5.638221e-05	-1.64680e-03	
6276	5.996801e-02	1.285389e-07	4.120046e-05	-1.63285e-03	
6277	5.997911e-02	1.270855e-07	2.779342e-05	-1.62114e-03	
6278	5.999101e-02	1.214689e-07	1.232736e-05	-1.60923e-03	
6279	6.000267e-02	1.174532e-07	-1.88347e-06	-1.60087e-03	
6280	6.001386e-02	1.188807e-07	-1.65581e-05	-1.59592e-03	
6281	6.002576e-02	1.245094e-07	-3.12912e-05	-1.59322e-03	
6282	6.003743e-02	1.285521e-07	-4.67039e-05	-1.59194e-03	
6283	6.004862e-02	1.271457e-07	-6.07503e-05	-1.59105e-03	
6284	6.006044e-02	1.215903e-07	-7.67116e-05	-1.59065e-03	
6285	6.007203e-02	1.176050e-07	-9.18715e-05	-1.59017e-03	
6286	6.008318e-02	1.190049e-07	-1.07789e-04	-1.59007e-03	
6287	6.009497e-02	1.245539e-07	-1.24597e-04	-1.58973e-03	
6288	6.010653e-02	1.285806e-07	-1.43155e-04	-1.58973e-03	
6289	6.011782e-02	1.272031e-07	-1.62367e-04	-1.58947e-03	
6290	6.012963e-02	1.216418e-07	-1.86281e-04	-1.58952e-03	
6291	6.014122e-02	1.176075e-07	-2.13711e-04	-1.58929e-03	
6292	6.015251e-02	1.189880e-07	-2.47636e-04	-1.58938e-03	
6293	6.016431e-02	1.245212e-07	-2.93397e-04	-1.58919e-03	
6294	6.017589e-02	1.285026e-07	-3.54123e-04	-1.58932e-03	
6295	6.018714e-02	1.270707e-07	-4.35575e-04	-1.58918e-03	
6296	6.019894e-02	1.214635e-07	-5.54146e-04	-1.58938e-03	
6297	6.021051e-02	1.173776e-07	-7.19163e-04	-1.58934e-03	
6298	6.022177e-02	1.186790e-07	-9.38986e-04	-1.58964e-03	
6299	6.023356e-02	1.241175e-07	-1.25548e-03	-1.58972e-03	
6300	6.024512e-02	1.280138e-07	-1.66379e-03	-1.59014e-03	
6301	6.025641e-02	1.264925e-07	-2.17847e-03	-1.59033e-03	
6302	6.026823e-02	1.207759e-07	-2.84170e-03	-1.59090e-03	
6303	6.027982e-02	1.166020e-07	-3.62518e-03	-1.59123e-03	
6304	6.029110e-02	1.178566e-07	-4.50649e-03	-1.59190e-03	
6305	6.030293e-02	1.232826e-07	-5.55057e-03	-1.59237e-03	
6306	6.031452e-02	1.271575e-07	-6.67950e-03	-1.59316e-03	
6307	6.032574e-02	1.256358e-07	-7.86122e-03	-1.59369e-03	
6308	6.033756e-02	1.199571e-07	-9.18888e-03	-1.59459e-03	
6309	6.034914e-02	1.158412e-07	-1.05627e-02	-1.59522e-03	
6310	6.036037e-02	1.171389e-07	-1.19549e-02	-1.59615e-03	
6311	6.037221e-02	1.226083e-07	-1.34749e-02	-1.59685e-03	
6312	6.038380e-02	1.265346e-07	-1.50136e-02	-1.59783e-03	
6313	6.039771e-02	1.242839e-07	-1.69289e-02	-1.59845e-03	
6314	6.041030e-02	1.182756e-07	-1.86728e-02	-1.59907e-03	
6315	6.042254e-02	1.152132e-07	-2.03841e-02	-1.59934e-03	
6316	6.043139e-02	1.168585e-07	-2.16416e-02	-1.59978e-03	
6317	6.044283e-02	1.217156e-07	-2.32802e-02	-1.60000e-03	
6318	6.045403e-02	1.247632e-07	-2.49046e-02	-1.60051e-03	

Index   time            l1#branch       v1#branch       v2#branch       
--------------------------------------------------------------------------------
6319	6.046443e-02	1.230660e-07	-2.64241e-02	-1.60070e-03	
6320	6.047628e-02	1.174189e-07	-2.81740e-02	-1.60124e-03	
6321	6.048790e-02	1.131902e-07	-2.99035e-02	-1.60147e-03	
6322	6.049920e-02	1.140899e-07	-3.15988e-02	-1.60200e-03	
6323	6.051129e-02	1.189883e-07	-3.34198e-02	-1.60225e-03	
6324	6.052313e-02	1.222608e-07	-3.52106e-02	-1.60280e-03	
6325	6.053452e-02	1.201997e-07	-3.69269e-02	-1.60302e-03	
6326	6.054685e-02	1.139070e-07	-3.87475e-02	-1.60356e-03	
6327	6.055894e-02	1.089635e-07	-4.04053e-02	-1.60375e-03	
6328	6.056549e-02	1.081988e-07	-4.12040e-02	-1.60404e-03	
6329	6.057551e-02	1.084954e-07	-4.22276e-02	-1.60404e-03	
6330	6.058498e-02	1.071025e-07	-4.29829e-02	-1.60424e-03	
6331	6.059892e-02	9.584103e-08	-4.37926e-02	-1.60407e-03	
6332	6.061152e-02	7.761386e-08	-4.43124e-02	-1.60410e-03	
6333	6.062443e-02	5.980760e-08	-4.47059e-02	-1.60379e-03	
6334	6.063690e-02	5.066370e-08	-4.49941e-02	-1.60375e-03	
6335	6.064867e-02	4.827713e-08	-4.52002e-02	-1.60339e-03	
6336	6.066014e-02	4.519938e-08	-4.53565e-02	-1.60332e-03	
6337	6.067109e-02	3.699753e-08	-4.54744e-02	-1.60295e-03	
6338	6.068172e-02	2.533311e-08	-4.55655e-02	-1.60287e-03	
6339	6.069273e-02	1.517297e-08	-4.56407e-02	-1.60248e-03	
6340	6.070511e-02	1.172137e-08	-4.57071e-02	-1.60234e-03	
6341	6.071686e-02	1.491904e-08	-4.57559e-02	-1.60192e-03	
6342	6.072845e-02	1.745780e-08	-4.57942e-02	-1.60178e-03	
6343	6.074186e-02	1.294921e-08	-4.58285e-02	-1.60130e-03	
6344	6.075310e-02	4.583673e-09	-4.58515e-02	-1.60114e-03	
6345	6.076280e-02	-1.05228e-09	-4.58676e-02	-1.60071e-03	
6346	6.076970e-02	-1.93697e-09	-4.58780e-02	-1.60064e-03	
6347	6.077630e-02	-2.81707e-11	-4.58861e-02	-1.60028e-03	
6348	6.078439e-02	4.382391e-09	-4.58960e-02	-1.60012e-03	
6349	6.079335e-02	8.619968e-09	-4.59045e-02	-1.59958e-03	
6350	6.080275e-02	9.009990e-09	-4.59133e-02	-1.59916e-03	
6351	6.081134e-02	5.108422e-09	-4.59191e-02	-1.59828e-03	
6352	6.082052e-02	-1.06289e-09	-4.59254e-02	-1.59732e-03	
6353	6.082865e-02	-5.10635e-09	-4.59295e-02	-1.59614e-03	
6354	6.083679e-02	-5.49334e-09	-4.59346e-02	-1.59537e-03	
6355	6.084586e-02	-1.65500e-09	-4.59386e-02	-1.59438e-03	
6356	6.085471e-02	3.786159e-09	-4.59438e-02	-1.59386e-03	
6357	6.086382e-02	7.218938e-09	-4.59476e-02	-1.59315e-03	
6358	6.087248e-02	6.187637e-09	-4.59525e-02	-1.59285e-03	
6359	6.088027e-02	1.998242e-09	-4.59554e-02	-1.59238e-03	
6360	6.088933e-02	-3.76210e-09	-4.59604e-02	-1.59219e-03	
6361	6.089796e-02	-6.80725e-09	-4.59636e-02	-1.59178e-03	
6362	6.090677e-02	-5.46059e-09	-4.59684e-02	-1.59169e-03	
6363	6.091768e-02	6.084148e-10	-4.59725e-02	-1.59129e-03	
6364	6.092647e-02	5.451770e-09	-4.59772e-02	-1.59126e-03	
6365	6.093538e-02	6.683872e-09	-4.59803e-02	-1.59095e-03	
6366	6.094423e-02	3.426249e-09	-4.59851e-02	-1.59095e-03	
6367	6.095269e-02	-1.96339e-09	-4.59879e-02	-1.59067e-03	
6368	6.096070e-02	-6.14875e-09	-4.59923e-02	-1.59070e-03	
6369	6.096920e-02	-6.98788e-09	-4.59951e-02	-1.59044e-03	
6370	6.097882e-02	-3.12279e-09	-4.60001e-02	-1.59045e-03	
6371	6.098751e-02	2.418432e-09	-4.60030e-02	-1.59020e-03	
6372	6.099536e-02	6.059492e-09	-4.60073e-02	-1.59025e-03	
6373	6.100389e-02	6.181035e-09	-4.60100e-02	-1.59000e-03	
6374	6.101336e-02	1.811569e-09	-4.60150e-02	-1.59003e-03	
6375	6.102249e-02	-3.93004e-09	-4.60180e-02	-1.58979e-03	
6376	6.103181e-02	-7.18301e-09	-4.60229e-02	-1.58982e-03	

Index   time            l1#branch       v1#branch       v2#branch       
--------------------------------------------------------------------------------
6377	6.104045e-02	-5.77207e-09	-4.60257e-02	-1.58958e-03	
6378	6.104809e-02	-1.50673e-09	-4.60298e-02	-1.58964e-03	
6379	6.105734e-02	4.144355e-09	-4.60329e-02	-1.58940e-03	
6380	6.106569e-02	6.637952e-09	-4.60373e-02	-1.58945e-03	
6381	6.107468e-02	4.766156e-09	-4.60402e-02	-1.58921e-03	
6382	6.108506e-02	-1.29128e-09	-4.60455e-02	-1.58924e-03	
6383	6.109366e-02	-5.97861e-09	-4.60483e-02	-1.58901e-03	
6384	6.110240e-02	-7.10002e-09	-4.60529e-02	-1.58906e-03	
6385	6.111167e-02	-3.58684e-09	-4.60559e-02	-1.58882e-03	
6386	6.112029e-02	1.904472e-09	-4.60604e-02	-1.58887e-03	
6387	6.112816e-02	5.826660e-09	-4.60629e-02	-1.58864e-03	
6388	6.113653e-02	6.390341e-09	-4.60673e-02	-1.58870e-03	
6389	6.114593e-02	2.439691e-09	-4.60704e-02	-1.58845e-03	
6390	6.115450e-02	-3.04353e-09	-4.60748e-02	-1.58851e-03	
6391	6.116273e-02	-6.73499e-09	-4.60774e-02	-1.58828e-03	
6392	6.117147e-02	-6.55900e-09	-4.60819e-02	-1.58833e-03	
6393	6.118156e-02	-1.60278e-09	-4.60853e-02	-1.58808e-03	
6394	6.119070e-02	4.029032e-09	-4.60900e-02	-1.58813e-03	
6395	6.120001e-02	6.696744e-09	-4.60931e-02	-1.58789e-03	
6396	6.120843e-02	4.778915e-09	-4.60974e-02	-1.58795e-03	
6397	6.121621e-02	2.087617e-10	-4.60998e-02	-1.58772e-03	
6398	6.122441e-02	-4.80169e-09	-4.61040e-02	-1.58778e-03	
6399	6.123270e-02	-7.19833e-09	-4.61067e-02	-1.58755e-03	
6400	6.124189e-02	-5.16606e-09	-4.61113e-02	-1.58760e-03	
6401	6.125201e-02	8.124100e-10	-4.61147e-02	-1.58736e-03	
6402	6.126053e-02	5.449002e-09	-4.61190e-02	-1.58741e-03	
6403	6.126915e-02	6.572950e-09	-4.61218e-02	-1.58718e-03	
6404	6.127813e-02	3.241428e-09	-4.61263e-02	-1.58723e-03	
6405	6.128670e-02	-2.20267e-09	-4.61291e-02	-1.58700e-03	
6406	6.129479e-02	-6.29544e-09	-4.61332e-02	-1.58706e-03	
6407	6.130336e-02	-6.91009e-09	-4.61359e-02	-1.58683e-03	
6408	6.131191e-02	-3.39711e-09	-4.61402e-02	-1.58688e-03	
6409	6.132079e-02	2.245915e-09	-4.61431e-02	-1.58665e-03	
6410	6.132872e-02	6.028501e-09	-4.61471e-02	-1.58671e-03	
6411	6.133723e-02	6.290992e-09	-4.61498e-02	-1.58649e-03	
6412	6.134666e-02	2.051847e-09	-4.61545e-02	-1.58653e-03	
6413	6.135583e-02	-3.72070e-09	-4.61575e-02	-1.58630e-03	
6414	6.136520e-02	-7.09716e-09	-4.61620e-02	-1.58634e-03	
6415	6.137376e-02	-5.82544e-09	-4.61648e-02	-1.58612e-03	
6416	6.138144e-02	-1.61164e-09	-4.61687e-02	-1.58618e-03	
6417	6.139061e-02	4.038442e-09	-4.61716e-02	-1.58595e-03	
6418	6.139901e-02	6.684738e-09	-4.61758e-02	-1.58600e-03	
6419	6.140794e-02	4.980703e-09	-4.61787e-02	-1.58577e-03	
6420	6.141850e-02	-1.10324e-09	-4.61837e-02	-1.58581e-03	
6421	6.142718e-02	-5.87067e-09	-4.61865e-02	-1.58558e-03	
6422	6.143597e-02	-7.04920e-09	-4.61908e-02	-1.58563e-03	
6423	6.144515e-02	-3.61205e-09	-4.61937e-02	-1.58540e-03	
6424	6.145372e-02	1.842064e-09	-4.61979e-02	-1.58546e-03	
6425	6.146161e-02	5.825339e-09	-4.62003e-02	-1.58524e-03	
6426	6.146996e-02	6.479408e-09	-4.62045e-02	-1.58530e-03	
6427	6.147938e-02	2.598217e-09	-4.62075e-02	-1.58506e-03	
6428	6.148801e-02	-2.91928e-09	-4.62117e-02	-1.58512e-03	
6429	6.149619e-02	-6.64293e-09	-4.62142e-02	-1.58490e-03	
6430	6.150491e-02	-6.56208e-09	-4.62184e-02	-1.58495e-03	
6431	6.151484e-02	-1.76464e-09	-4.62216e-02	-1.58471e-03	
6432	6.152398e-02	3.904646e-09	-4.62260e-02	-1.58476e-03	
6433	6.153330e-02	6.729387e-09	-4.62290e-02	-1.58453e-03	
6434	6.154171e-02	4.962829e-09	-4.62331e-02	-1.58459e-03	

Index   time            l1#branch       v1#branch       v2#branch       
--------------------------------------------------------------------------------
6435	6.154944e-02	4.933578e-10	-4.62354e-02	-1.58437e-03	
6436	6.155768e-02	-4.59027e-09	-4.62394e-02	-1.58443e-03	
6437	6.156600e-02	-7.14169e-09	-4.62419e-02	-1.58421e-03	
6438	6.157510e-02	-5.30501e-09	-4.62463e-02	-1.58426e-03	
6439	6.158540e-02	7.007096e-10	-4.62496e-02	-1.58402e-03	
6440	6.159401e-02	5.427646e-09	-4.62537e-02	-1.58408e-03	
6441	6.160272e-02	6.617606e-09	-4.62564e-02	-1.58385e-03	
6442	6.161166e-02	3.337167e-09	-4.62607e-02	-1.58390e-03	
6443	6.162018e-02	-2.07086e-09	-4.62632e-02	-1.58368e-03	
6444	6.162821e-02	-6.19579e-09	-4.62671e-02	-1.58374e-03	
6445	6.163674e-02	-6.92011e-09	-4.62697e-02	-1.58352e-03	
6446	6.164538e-02	-3.45775e-09	-4.62738e-02	-1.58358e-03	
6447	6.165431e-02	2.205317e-09	-4.62765e-02	-1.58335e-03	
6448	6.166222e-02	6.020410e-09	-4.62804e-02	-1.58342e-03	
6449	6.167075e-02	6.349603e-09	-4.62829e-02	-1.58320e-03	
6450	6.168016e-02	2.172729e-09	-4.62873e-02	-1.58324e-03	
6451	6.168934e-02	-3.61699e-09	-4.62901e-02	-1.58302e-03	
6452	6.169873e-02	-7.05409e-09	-4.62945e-02	-1.58307e-03	
6453	6.170726e-02	-5.84828e-09	-4.62970e-02	-1.58285e-03	
6454	6.171495e-02	-1.66202e-09	-4.63008e-02	-1.58291e-03	
6455	6.172408e-02	3.985724e-09	-4.63034e-02	-1.58269e-03	
6456	6.173250e-02	6.703783e-09	-4.63075e-02	-1.58274e-03	
6457	6.174141e-02	5.079622e-09	-4.63101e-02	-1.58252e-03	
6458	6.175206e-02	-1.01572e-09	-4.63150e-02	-1.58256e-03	
6459	6.176078e-02	-5.82053e-09	-4.63175e-02	-1.58234e-03	
6460	6.176960e-02	-7.02242e-09	-4.63216e-02	-1.58239e-03	
6461	6.177875e-02	-3.61619e-09	-4.63243e-02	-1.58217e-03	
6462	6.178729e-02	1.819348e-09	-4.63283e-02	-1.58223e-03	
6463	6.179518e-02	5.828457e-09	-4.63305e-02	-1.58202e-03	
6464	6.180353e-02	6.521849e-09	-4.63345e-02	-1.58207e-03	
6465	6.181295e-02	2.669555e-09	-4.63372e-02	-1.58185e-03	
6466	6.182161e-02	-2.86213e-09	-4.63413e-02	-1.58191e-03	
6467	6.182976e-02	-6.59595e-09	-4.63435e-02	-1.58169e-03	
6468	6.183848e-02	-6.55612e-09	-4.63476e-02	-1.58175e-03	
6469	6.184833e-02	-1.82977e-09	-4.63505e-02	-1.58152e-03	
6470	6.185747e-02	3.854742e-09	-4.63547e-02	-1.58157e-03	
6471	6.186680e-02	6.749883e-09	-4.63574e-02	-1.58135e-03	
6472	6.187521e-02	5.050705e-09	-4.63614e-02	-1.58141e-03	
6473	6.188291e-02	6.268449e-10	-4.63634e-02	-1.58120e-03	
6474	6.189116e-02	-4.48703e-09	-4.63673e-02	-1.58126e-03	
6475	6.189951e-02	-7.10555e-09	-4.63695e-02	-1.58105e-03	
6476	6.190856e-02	-5.35602e-09	-4.63737e-02	-1.58110e-03	
6477	6.191895e-02	6.611116e-10	-4.63767e-02	-1.58087e-03	
6478	6.192759e-02	5.428463e-09	-4.63807e-02	-1.58093e-03	
6479	6.193635e-02	6.647164e-09	-4.63831e-02	-1.58071e-03	
6480	6.194528e-02	3.384594e-09	-4.63872e-02	-1.58077e-03	
6481	6.195377e-02	-2.00860e-09	-4.63895e-02	-1.58056e-03	
6482	6.196178e-02	-6.14232e-09	-4.63932e-02	-1.58062e-03	
6483	6.197029e-02	-6.91236e-09	-4.63955e-02	-1.58041e-03	
6484	6.197988e-02	-3.00079e-09	-4.63998e-02	-1.58045e-03	
6485	6.198855e-02	2.542243e-09	-4.64021e-02	-1.58024e-03	
6486	6.199647e-02	6.190568e-09	-4.64058e-02	-1.58030e-03	
6487	6.200505e-02	6.242846e-09	-4.64081e-02	-1.58009e-03	
6488	6.201462e-02	1.762018e-09	-4.64124e-02	-1.58014e-03	
6489	6.202373e-02	-3.95089e-09	-4.64148e-02	-1.57993e-03	
6490	6.203304e-02	-7.08593e-09	-4.64190e-02	-1.57998e-03	
6491	6.204163e-02	-5.57414e-09	-4.64212e-02	-1.57977e-03	
6492	6.204929e-02	-1.25527e-09	-4.64248e-02	-1.57983e-03	

Index   time            l1#branch       v1#branch       v2#branch       
--------------------------------------------------------------------------------
6493	6.205761e-02	3.940213e-09	-4.64269e-02	-1.57963e-03	
6494	6.206601e-02	6.714988e-09	-4.64308e-02	-1.57969e-03	
6495	6.207475e-02	5.228701e-09	-4.64330e-02	-1.57947e-03	
6496	6.208542e-02	-8.07027e-10	-4.64377e-02	-1.57951e-03	
6497	6.209418e-02	-5.70178e-09	-4.64399e-02	-1.57930e-03	
6498	6.210306e-02	-7.02277e-09	-4.64439e-02	-1.57936e-03	
6499	6.211214e-02	-3.73501e-09	-4.64463e-02	-1.57915e-03	
6500	6.212061e-02	1.645496e-09	-4.64501e-02	-1.57921e-03	
6501	6.212853e-02	5.755341e-09	-4.64520e-02	-1.57900e-03	
6502	6.213681e-02	6.601858e-09	-4.64558e-02	-1.57906e-03	
6503	6.214624e-02	2.898274e-09	-4.64582e-02	-1.57885e-03	
6504	6.215501e-02	-2.68518e-09	-4.64621e-02	-1.57891e-03	
6505	6.216308e-02	-6.48684e-09	-4.64641e-02	-1.57871e-03	
6506	6.217181e-02	-6.61416e-09	-4.64679e-02	-1.57876e-03	
6507	6.218150e-02	-2.09242e-09	-4.64704e-02	-1.57855e-03	
6508	6.219067e-02	3.648266e-09	-4.64745e-02	-1.57860e-03	
6509	6.219905e-02	6.659048e-09	-4.64765e-02	-1.57840e-03	
6510	6.220782e-02	5.458775e-09	-4.64804e-02	-1.57845e-03	
6511	6.221575e-02	1.121402e-09	-4.64822e-02	-1.57825e-03	
6512	6.222487e-02	-4.48829e-09	-4.64862e-02	-1.57831e-03	
6513	6.223337e-02	-7.09556e-09	-4.64882e-02	-1.57810e-03	
6514	6.224250e-02	-5.21749e-09	-4.64922e-02	-1.57816e-03	
6515	6.225295e-02	8.797547e-10	-4.64949e-02	-1.57794e-03	
6516	6.226156e-02	5.554134e-09	-4.64987e-02	-1.57800e-03	
6517	6.227027e-02	6.638505e-09	-4.65007e-02	-1.57779e-03	
6518	6.227926e-02	3.243365e-09	-4.65046e-02	-1.57785e-03	
6519	6.228783e-02	-2.20934e-09	-4.65067e-02	-1.57765e-03	
6520	6.229588e-02	-6.24815e-09	-4.65102e-02	-1.57771e-03	
6521	6.230443e-02	-6.81142e-09	-4.65122e-02	-1.57751e-03	
6522	6.231296e-02	-3.27485e-09	-4.65159e-02	-1.57757e-03	
6523	6.232182e-02	2.356998e-09	-4.65180e-02	-1.57737e-03	
6524	6.232982e-02	6.139836e-09	-4.65215e-02	-1.57743e-03	
6525	6.233836e-02	6.337334e-09	-4.65235e-02	-1.57723e-03	
6526	6.234787e-02	2.000845e-09	-4.65275e-02	-1.57728e-03	
6527	6.235703e-02	-3.75685e-09	-4.65297e-02	-1.57708e-03	
6528	6.236638e-02	-7.03986e-09	-4.65336e-02	-1.57713e-03	
6529	6.237492e-02	-5.68092e-09	-4.65355e-02	-1.57693e-03	
6530	6.238258e-02	-1.43805e-09	-4.65389e-02	-1.57700e-03	
6531	6.239178e-02	4.206801e-09	-4.65410e-02	-1.57679e-03	
6532	6.240014e-02	6.770949e-09	-4.65446e-02	-1.57686e-03	
6533	6.240918e-02	4.950900e-09	-4.65467e-02	-1.57665e-03	
6534	6.241963e-02	-1.12378e-09	-4.65509e-02	-1.57670e-03	
6535	6.242826e-02	-5.83438e-09	-4.65528e-02	-1.57650e-03	
6536	6.243699e-02	-6.96803e-09	-4.65565e-02	-1.57656e-03	
6537	6.244617e-02	-3.51263e-09	-4.65586e-02	-1.57636e-03	
6538	6.245476e-02	1.956103e-09	-4.65622e-02	-1.57642e-03	
6539	6.246265e-02	5.918099e-09	-4.65639e-02	-1.57623e-03	
6540	6.247107e-02	6.529996e-09	-4.65674e-02	-1.57629e-03	
6541	6.248051e-02	2.583216e-09	-4.65695e-02	-1.57608e-03	
6542	6.248912e-02	-2.92123e-09	-4.65731e-02	-1.57615e-03	
6543	6.249727e-02	-6.59755e-09	-4.65748e-02	-1.57595e-03	
6544	6.250597e-02	-6.46818e-09	-4.65785e-02	-1.57601e-03	
6545	6.251593e-02	-1.62428e-09	-4.65807e-02	-1.57581e-03	
6546	6.252506e-02	4.026218e-09	-4.65844e-02	-1.57586e-03	
6547	6.253436e-02	6.803535e-09	-4.65865e-02	-1.57566e-03	
6548	6.254283e-02	4.974839e-09	-4.65900e-02	-1.57573e-03	
6549	6.255058e-02	4.588916e-10	-4.65915e-02	-1.57554e-03	
6550	6.255881e-02	-4.59718e-09	-4.65949e-02	-1.57560e-03	

Index   time            l1#branch       v1#branch       v2#branch       
--------------------------------------------------------------------------------
6551	6.256713e-02	-7.08075e-09	-4.65966e-02	-1.57541e-03	
6552	6.257621e-02	-5.17777e-09	-4.66003e-02	-1.57547e-03	
6553	6.258645e-02	8.204396e-10	-4.66025e-02	-1.57526e-03	
6554	6.259503e-02	5.515691e-09	-4.66061e-02	-1.57533e-03	
6555	6.260371e-02	6.683961e-09	-4.66078e-02	-1.57513e-03	
6556	6.261271e-02	3.360168e-09	-4.66114e-02	-1.57519e-03	
6557	6.262126e-02	-2.06885e-09	-4.66131e-02	-1.57500e-03	
6558	6.262927e-02	-6.15494e-09	-4.66164e-02	-1.57507e-03	
6559	6.263779e-02	-6.83947e-09	-4.66181e-02	-1.57487e-03	
6560	6.264737e-02	-2.85636e-09	-4.66219e-02	-1.57493e-03	
6561	6.265599e-02	2.657928e-09	-4.66236e-02	-1.57474e-03	
6562	6.266396e-02	6.275930e-09	-4.66268e-02	-1.57481e-03	
6563	6.267256e-02	6.238499e-09	-4.66285e-02	-1.57462e-03	
6564	6.268223e-02	1.630662e-09	-4.66323e-02	-1.57467e-03	
6565	6.269133e-02	-4.05411e-09	-4.66341e-02	-1.57448e-03	
6566	6.270062e-02	-7.06316e-09	-4.66377e-02	-1.57454e-03	
6567	6.270922e-02	-5.42532e-09	-4.66393e-02	-1.57435e-03	
6568	6.271693e-02	-1.02025e-09	-4.66425e-02	-1.57442e-03	
6569	6.272521e-02	4.123568e-09	-4.66440e-02	-1.57423e-03	
6570	6.273359e-02	6.777077e-09	-4.66473e-02	-1.57430e-03	
6571	6.274241e-02	5.138359e-09	-4.66490e-02	-1.57411e-03	
6572	6.275291e-02	-8.85006e-10	-4.66529e-02	-1.57416e-03	
6573	6.276161e-02	-5.70692e-09	-4.66546e-02	-1.57397e-03	
6574	6.277041e-02	-6.97607e-09	-4.66580e-02	-1.57403e-03	
6575	6.277951e-02	-3.65543e-09	-4.66597e-02	-1.57384e-03	
6576	6.278802e-02	1.750217e-09	-4.66630e-02	-1.57391e-03	
6577	6.279594e-02	5.828817e-09	-4.66644e-02	-1.57372e-03	
6578	6.280427e-02	6.619194e-09	-4.66676e-02	-1.57379e-03	
6579	6.281372e-02	2.843997e-09	-4.66694e-02	-1.57360e-03	
6580	6.282244e-02	-2.72235e-09	-4.66727e-02	-1.57366e-03	
6581	6.283052e-02	-6.48253e-09	-4.66741e-02	-1.57348e-03	
6582	6.283923e-02	-6.54515e-09	-4.66774e-02	-1.57355e-03	
6583	6.284894e-02	-1.96853e-09	-4.66793e-02	-1.57335e-03	
6584	6.285809e-02	3.750806e-09	-4.66827e-02	-1.57341e-03	
6585	6.286744e-02	6.795295e-09	-4.66844e-02	-1.57322e-03	
6586	6.287585e-02	5.236591e-09	-4.66876e-02	-1.57329e-03	
6587	6.288350e-02	9.107231e-10	-4.66888e-02	-1.57311e-03	
6588	6.289178e-02	-4.26245e-09	-4.66920e-02	-1.57318e-03	
6589	6.290016e-02	-7.01959e-09	-4.66934e-02	-1.57300e-03	
6590	6.290911e-02	-5.45193e-09	-4.66967e-02	-1.57307e-03	
6591	6.291969e-02	5.857142e-10	-4.66986e-02	-1.57287e-03	
6592	6.292842e-02	5.437843e-09	-4.67019e-02	-1.57294e-03	
6593	6.293727e-02	6.715811e-09	-4.67034e-02	-1.57275e-03	
6594	6.294618e-02	3.485751e-09	-4.67067e-02	-1.57282e-03	
6595	6.295463e-02	-1.87790e-09	-4.67080e-02	-1.57264e-03	
6596	6.296258e-02	-6.02438e-09	-4.67110e-02	-1.57271e-03	
6597	6.297103e-02	-6.88521e-09	-4.67124e-02	-1.57253e-03	
6598	6.298057e-02	-3.09244e-09	-4.67158e-02	-1.57259e-03	
6599	6.298933e-02	2.491182e-09	-4.67172e-02	-1.57241e-03	
6600	6.299725e-02	6.201657e-09	-4.67202e-02	-1.57248e-03	
6601	6.300586e-02	6.342235e-09	-4.67215e-02	-1.57230e-03	
6602	6.301539e-02	1.937640e-09	-4.67249e-02	-1.57236e-03	
6603	6.302453e-02	-3.80201e-09	-4.67263e-02	-1.57218e-03	
6604	6.303387e-02	-7.01400e-09	-4.67297e-02	-1.57224e-03	
6605	6.304241e-02	-5.58935e-09	-4.67309e-02	-1.57206e-03	
6606	6.305004e-02	-1.32483e-09	-4.67338e-02	-1.57214e-03	
6607	6.305927e-02	4.317013e-09	-4.67353e-02	-1.57196e-03	
6608	6.306761e-02	6.816879e-09	-4.67383e-02	-1.57203e-03	

Index   time            l1#branch       v1#branch       v2#branch       
--------------------------------------------------------------------------------
6609	6.307672e-02	4.909469e-09	-4.67397e-02	-1.57185e-03	
6610	6.308708e-02	-1.15505e-09	-4.67432e-02	-1.57190e-03	
6611	6.309567e-02	-5.82336e-09	-4.67444e-02	-1.57173e-03	
6612	6.310436e-02	-6.92484e-09	-4.67475e-02	-1.57180e-03	
6613	6.311355e-02	-3.45098e-09	-4.67489e-02	-1.57162e-03	
6614	6.312216e-02	2.031074e-09	-4.67519e-02	-1.57169e-03	
6615	6.313006e-02	5.979441e-09	-4.67530e-02	-1.57151e-03	
6616	6.313852e-02	6.548319e-09	-4.67559e-02	-1.57159e-03	
6617	6.314798e-02	2.545450e-09	-4.67573e-02	-1.57140e-03	
6618	6.315656e-02	-2.94139e-09	-4.67603e-02	-1.57148e-03	
6619	6.316470e-02	-6.57991e-09	-4.67614e-02	-1.57130e-03	
6620	6.317338e-02	-6.41035e-09	-4.67644e-02	-1.57137e-03	
6621	6.318338e-02	-1.51970e-09	-4.67659e-02	-1.57119e-03	
6622	6.319250e-02	4.114737e-09	-4.67690e-02	-1.57126e-03	
6623	6.320180e-02	6.844388e-09	-4.67703e-02	-1.57108e-03	
6624	6.321030e-02	4.959390e-09	-4.67732e-02	-1.57115e-03	
6625	6.321808e-02	4.033202e-10	-4.67741e-02	-1.57098e-03	
6626	6.322630e-02	-4.62646e-09	-4.67770e-02	-1.57106e-03	
6627	6.323460e-02	-7.04985e-09	-4.67780e-02	-1.57089e-03	
6628	6.324368e-02	-5.08338e-09	-4.67810e-02	-1.57096e-03	
6629	6.325387e-02	9.057884e-10	-4.67825e-02	-1.57078e-03	
6630	6.326241e-02	5.571217e-09	-4.67854e-02	-1.57085e-03	
6631	6.327106e-02	6.718963e-09	-4.67865e-02	-1.57068e-03	
6632	6.328011e-02	3.362925e-09	-4.67894e-02	-1.57075e-03	
6633	6.328868e-02	-2.08309e-09	-4.67905e-02	-1.57058e-03	
6634	6.329668e-02	-6.14171e-09	-4.67932e-02	-1.57065e-03	
6635	6.330520e-02	-6.78910e-09	-4.67942e-02	-1.57048e-03	
6636	6.331380e-02	-3.28700e-09	-4.67970e-02	-1.57056e-03	
6637	6.332269e-02	2.359597e-09	-4.67981e-02	-1.57039e-03	
6638	6.333069e-02	6.172404e-09	-4.68008e-02	-1.57046e-03	
6639	6.333927e-02	6.408149e-09	-4.68018e-02	-1.57029e-03	
6640	6.334878e-02	2.094544e-09	-4.68048e-02	-1.57036e-03	
6641	6.335795e-02	-3.67424e-09	-4.68059e-02	-1.57019e-03	
6642	6.336733e-02	-6.97985e-09	-4.68088e-02	-1.57026e-03	
6643	6.337582e-02	-5.65121e-09	-4.68098e-02	-1.57009e-03	
6644	6.338348e-02	-1.42157e-09	-4.68123e-02	-1.57017e-03	
6645	6.339266e-02	4.220358e-09	-4.68134e-02	-1.57000e-03	
6646	6.340103e-02	6.822461e-09	-4.68161e-02	-1.57008e-03	
6647	6.341009e-02	5.035890e-09	-4.68171e-02	-1.56991e-03	
6648	6.342057e-02	-1.04533e-09	-4.68203e-02	-1.56998e-03	
6649	6.342922e-02	-5.77075e-09	-4.68212e-02	-1.56981e-03	
6650	6.343797e-02	-6.91197e-09	-4.68239e-02	-1.56988e-03	
6651	6.344710e-02	-3.48241e-09	-4.68249e-02	-1.56972e-03	
6652	6.345567e-02	1.974013e-09	-4.68276e-02	-1.56979e-03	
6653	6.346356e-02	5.956180e-09	-4.68283e-02	-1.56963e-03	
6654	6.347200e-02	6.592915e-09	-4.68309e-02	-1.56971e-03	
6655	6.348146e-02	2.651023e-09	-4.68320e-02	-1.56954e-03	
6656	6.349009e-02	-2.86111e-09	-4.68346e-02	-1.56962e-03	
6657	6.349821e-02	-6.53167e-09	-4.68354e-02	-1.56945e-03	
6658	6.350689e-02	-6.42793e-09	-4.68380e-02	-1.56953e-03	
6659	6.351678e-02	-1.64168e-09	-4.68391e-02	-1.56936e-03	
6660	6.352590e-02	4.019590e-09	-4.68418e-02	-1.56944e-03	
6661	6.353520e-02	6.854386e-09	-4.68427e-02	-1.56927e-03	
6662	6.354370e-02	5.074062e-09	-4.68453e-02	-1.56935e-03	
6663	6.355143e-02	5.879617e-10	-4.68459e-02	-1.56919e-03	
6664	6.355968e-02	-4.49080e-09	-4.68484e-02	-1.56927e-03	
6665	6.356800e-02	-7.01985e-09	-4.68491e-02	-1.56911e-03	
6666	6.357703e-02	-5.18404e-09	-4.68517e-02	-1.56919e-03	

Index   time            l1#branch       v1#branch       v2#branch       
--------------------------------------------------------------------------------
6667	6.358734e-02	8.223059e-10	-4.68528e-02	-1.56902e-03	
6668	6.359594e-02	5.549623e-09	-4.68553e-02	-1.56910e-03	
6669	6.360465e-02	6.742833e-09	-4.68561e-02	-1.56894e-03	
6670	6.361367e-02	3.424288e-09	-4.68586e-02	-1.56901e-03	
6671	6.362221e-02	-1.99656e-09	-4.68593e-02	-1.56885e-03	
6672	6.363018e-02	-6.07862e-09	-4.68617e-02	-1.56894e-03	
6673	6.363867e-02	-6.80054e-09	-4.68624e-02	-1.56878e-03	
6674	6.364821e-02	-2.87693e-09	-4.68650e-02	-1.56885e-03	
6675	6.365687e-02	2.656747e-09	-4.68657e-02	-1.56870e-03	
6676	6.366486e-02	6.312639e-09	-4.68680e-02	-1.56878e-03	
6677	6.367347e-02	6.306786e-09	-4.68687e-02	-1.56862e-03	
6678	6.368313e-02	1.727818e-09	-4.68713e-02	-1.56870e-03	
6679	6.369224e-02	-3.96711e-09	-4.68720e-02	-1.56854e-03	
6680	6.370154e-02	-7.00490e-09	-4.68745e-02	-1.56861e-03	
6681	6.371010e-02	-5.40756e-09	-4.68751e-02	-1.56846e-03	
6682	6.371778e-02	-1.03528e-09	-4.68774e-02	-1.56854e-03	
6683	6.372608e-02	4.125072e-09	-4.68779e-02	-1.56839e-03	
6684	6.373446e-02	6.823886e-09	-4.68802e-02	-1.56847e-03	
6685	6.374329e-02	5.227516e-09	-4.68809e-02	-1.56832e-03	
6686	6.375385e-02	-8.01646e-10	-4.68835e-02	-1.56839e-03	
6687	6.376256e-02	-5.64255e-09	-4.68841e-02	-1.56823e-03	
6688	6.377138e-02	-6.92220e-09	-4.68865e-02	-1.56831e-03	
6689	6.378044e-02	-3.62826e-09	-4.68871e-02	-1.56816e-03	
6690	6.378892e-02	1.763374e-09	-4.68894e-02	-1.56824e-03	
6691	6.379685e-02	5.862120e-09	-4.68898e-02	-1.56809e-03	
6692	6.380520e-02	6.680493e-09	-4.68920e-02	-1.56817e-03	
6693	6.381466e-02	2.915028e-09	-4.68927e-02	-1.56802e-03	
6694	6.382341e-02	-2.65918e-09	-4.68950e-02	-1.56810e-03	
6695	6.383144e-02	-6.41486e-09	-4.68953e-02	-1.56795e-03	
6696	6.384013e-02	-6.50791e-09	-4.68976e-02	-1.56803e-03	
6697	6.384980e-02	-1.98289e-09	-4.68982e-02	-1.56788e-03	
6698	6.385895e-02	3.746026e-09	-4.69005e-02	-1.56796e-03	
6699	6.386830e-02	6.841778e-09	-4.69011e-02	-1.56781e-03	
6700	6.387674e-02	5.325894e-09	-4.69033e-02	-1.56789e-03	
6701	6.388437e-02	1.027673e-09	-4.69035e-02	-1.56775e-03	
6702	6.389267e-02	-4.16285e-09	-4.69057e-02	-1.56783e-03	
6703	6.390106e-02	-6.95856e-09	-4.69061e-02	-1.56768e-03	
6704	6.390995e-02	-5.44871e-09	-4.69083e-02	-1.56777e-03	
6705	6.392059e-02	5.927424e-10	-4.69089e-02	-1.56761e-03	
6706	6.392935e-02	5.472915e-09	-4.69111e-02	-1.56769e-03	
6707	6.393823e-02	6.772274e-09	-4.69115e-02	-1.56755e-03	
6708	6.394715e-02	3.543425e-09	-4.69137e-02	-1.56763e-03	
6709	6.395560e-02	-1.81456e-09	-4.69140e-02	-1.56748e-03	
6710	6.396353e-02	-5.95923e-09	-4.69160e-02	-1.56757e-03	
6711	6.397194e-02	-6.84156e-09	-4.69163e-02	-1.56743e-03	
6712	6.398145e-02	-3.09111e-09	-4.69185e-02	-1.56751e-03	
6713	6.399023e-02	2.501771e-09	-4.69188e-02	-1.56736e-03	
6714	6.399817e-02	6.240440e-09	-4.69208e-02	-1.56745e-03	
6715	6.400680e-02	6.403628e-09	-4.69211e-02	-1.56731e-03	
6716	6.401635e-02	2.004608e-09	-4.69233e-02	-1.56739e-03	
6717	6.402550e-02	-3.74245e-09	-4.69236e-02	-1.56724e-03	
6718	6.403486e-02	-6.96056e-09	-4.69257e-02	-1.56733e-03	
6719	6.404335e-02	-5.54899e-09	-4.69260e-02	-1.56718e-03	
6720	6.405099e-02	-1.29071e-09	-4.69278e-02	-1.56727e-03	
6721	6.406021e-02	4.348411e-09	-4.69281e-02	-1.56713e-03	
6722	6.406855e-02	6.867773e-09	-4.69301e-02	-1.56722e-03	
6723	6.407768e-02	4.971936e-09	-4.69304e-02	-1.56707e-03	
6724	6.408806e-02	-1.09431e-09	-4.69325e-02	-1.56715e-03	

Index   time            l1#branch       v1#branch       v2#branch       
--------------------------------------------------------------------------------
6725	6.409665e-02	-5.76782e-09	-4.69327e-02	-1.56701e-03	
6726	6.410535e-02	-6.87162e-09	-4.69347e-02	-1.56710e-03	
6727	6.411449e-02	-3.41774e-09	-4.69349e-02	-1.56696e-03	
6728	6.412309e-02	2.056780e-09	-4.69368e-02	-1.56705e-03	
6729	6.413102e-02	6.026370e-09	-4.69369e-02	-1.56691e-03	
6730	6.413949e-02	6.602335e-09	-4.69388e-02	-1.56700e-03	
6731	6.414899e-02	2.585777e-09	-4.69390e-02	-1.56686e-03	
6732	6.415756e-02	-2.89827e-09	-4.69409e-02	-1.56694e-03	
6733	6.416567e-02	-6.52321e-09	-4.69409e-02	-1.56681e-03	
6734	6.417433e-02	-6.36638e-09	-4.69428e-02	-1.56690e-03	
6735	6.418428e-02	-1.51182e-09	-4.69430e-02	-1.56675e-03	
6736	6.419340e-02	4.128971e-09	-4.69449e-02	-1.56684e-03	
6737	6.420269e-02	6.894747e-09	-4.69450e-02	-1.56670e-03	
6738	6.421122e-02	5.036056e-09	-4.69469e-02	-1.56679e-03	
6739	6.421899e-02	4.942772e-10	-4.69468e-02	-1.56666e-03	
6740	6.422722e-02	-4.54836e-09	-4.69486e-02	-1.56675e-03	
6741	6.423553e-02	-6.99474e-09	-4.69486e-02	-1.56662e-03	
6742	6.424457e-02	-5.06800e-09	-4.69504e-02	-1.56670e-03	
6743	6.425479e-02	9.241801e-10	-4.69505e-02	-1.56657e-03	
6744	6.426335e-02	5.609475e-09	-4.69523e-02	-1.56666e-03	
6745	6.427202e-02	6.774699e-09	-4.69523e-02	-1.56652e-03	
6746	6.428109e-02	3.417920e-09	-4.69541e-02	-1.56661e-03	
6747	6.428966e-02	-2.02524e-09	-4.69540e-02	-1.56648e-03	
6748	6.429763e-02	-6.07600e-09	-4.69557e-02	-1.56657e-03	
6749	6.430611e-02	-6.74781e-09	-4.69556e-02	-1.56644e-03	
6750	6.431565e-02	-2.78664e-09	-4.69574e-02	-1.56653e-03	
6751	6.432427e-02	2.728630e-09	-4.69573e-02	-1.56639e-03	
6752	6.433230e-02	6.370921e-09	-4.69589e-02	-1.56649e-03	
6753	6.434092e-02	6.315099e-09	-4.69588e-02	-1.56636e-03	
6754	6.435067e-02	1.648532e-09	-4.69606e-02	-1.56645e-03	
6755	6.435979e-02	-4.03007e-09	-4.69605e-02	-1.56631e-03	
6756	6.436908e-02	-6.98163e-09	-4.69622e-02	-1.56641e-03	
6757	6.437764e-02	-5.29803e-09	-4.69620e-02	-1.56628e-03	
6758	6.438535e-02	-8.67854e-10	-4.69636e-02	-1.56637e-03	
6759	6.439362e-02	4.255947e-09	-4.69634e-02	-1.56624e-03	
6760	6.440198e-02	6.871770e-09	-4.69649e-02	-1.56633e-03	
6761	6.441088e-02	5.169131e-09	-4.69648e-02	-1.56621e-03	
6762	6.442132e-02	-8.47676e-10	-4.69665e-02	-1.56630e-03	
6763	6.442998e-02	-5.63862e-09	-4.69663e-02	-1.56617e-03	
6764	6.443875e-02	-6.88359e-09	-4.69678e-02	-1.56626e-03	
6765	6.444782e-02	-3.56964e-09	-4.69677e-02	-1.56613e-03	
6766	6.445633e-02	1.839398e-09	-4.69692e-02	-1.56623e-03	
6767	6.446425e-02	5.918155e-09	-4.69689e-02	-1.56610e-03	
6768	6.447265e-02	6.698818e-09	-4.69704e-02	-1.56620e-03	
6769	6.448212e-02	2.883413e-09	-4.69702e-02	-1.56607e-03	
6770	6.449083e-02	-2.67576e-09	-4.69717e-02	-1.56616e-03	
6771	6.449887e-02	-6.40219e-09	-4.69714e-02	-1.56604e-03	
6772	6.450754e-02	-6.45644e-09	-4.69728e-02	-1.56613e-03	
6773	6.451721e-02	-1.90117e-09	-4.69726e-02	-1.56601e-03	
6774	6.452635e-02	3.815379e-09	-4.69740e-02	-1.56610e-03	
6775	6.453569e-02	6.880214e-09	-4.69738e-02	-1.56598e-03	
6776	6.454416e-02	5.328283e-09	-4.69752e-02	-1.56607e-03	
6777	6.455181e-02	9.997365e-10	-4.69748e-02	-1.56595e-03	
6778	6.456010e-02	-4.17681e-09	-4.69761e-02	-1.56605e-03	
6779	6.456848e-02	-6.93206e-09	-4.69758e-02	-1.56593e-03	
6780	6.457737e-02	-5.37982e-09	-4.69772e-02	-1.56602e-03	
6781	6.458797e-02	6.549604e-10	-4.69769e-02	-1.56590e-03	
6782	6.459670e-02	5.516698e-09	-4.69782e-02	-1.56600e-03	

Index   time            l1#branch       v1#branch       v2#branch       
--------------------------------------------------------------------------------
6783	6.460556e-02	6.806646e-09	-4.69779e-02	-1.56587e-03	
6784	6.461452e-02	3.558739e-09	-4.69792e-02	-1.56597e-03	
6785	6.462298e-02	-1.81102e-09	-4.69788e-02	-1.56585e-03	
6786	6.463091e-02	-5.94094e-09	-4.69800e-02	-1.56595e-03	
6787	6.463931e-02	-6.80103e-09	-4.69796e-02	-1.56583e-03	
6788	6.464881e-02	-3.03973e-09	-4.69809e-02	-1.56593e-03	
6789	6.465757e-02	2.544456e-09	-4.69805e-02	-1.56581e-03	
6790	6.466553e-02	6.285016e-09	-4.69817e-02	-1.56591e-03	
6791	6.467418e-02	6.427076e-09	-4.69812e-02	-1.56579e-03	
6792	6.468376e-02	1.992266e-09	-4.69825e-02	-1.56589e-03	
6793	6.469291e-02	-3.74944e-09	-4.69820e-02	-1.56577e-03	
6794	6.470226e-02	-6.93238e-09	-4.69833e-02	-1.56587e-03	
6795	6.471075e-02	-5.48958e-09	-4.69828e-02	-1.56575e-03	
6796	6.471838e-02	-1.22160e-09	-4.69839e-02	-1.56585e-03	
6797	6.472761e-02	4.414971e-09	-4.69834e-02	-1.56573e-03	
6798	6.473593e-02	6.905487e-09	-4.69845e-02	-1.56583e-03	
6799	6.474511e-02	4.966115e-09	-4.69840e-02	-1.56572e-03	
6800	6.475544e-02	-1.09216e-09	-4.69852e-02	-1.56582e-03	
6801	6.476401e-02	-5.74549e-09	-4.69846e-02	-1.56570e-03	
6802	6.477269e-02	-6.83506e-09	-4.69858e-02	-1.56580e-03	
6803	6.478183e-02	-3.37874e-09	-4.69852e-02	-1.56569e-03	
6804	6.479043e-02	2.101160e-09	-4.69863e-02	-1.56579e-03	
6805	6.479839e-02	6.073325e-09	-4.69856e-02	-1.56567e-03	
6806	6.480688e-02	6.626061e-09	-4.69867e-02	-1.56578e-03	
6807	6.481543e-02	3.086779e-09	-4.69861e-02	-1.56566e-03	
6808	6.482426e-02	-2.53226e-09	-4.69871e-02	-1.56576e-03	
6809	6.483237e-02	-6.34672e-09	-4.69865e-02	-1.56565e-03	
6810	6.484099e-02	-6.48515e-09	-4.69875e-02	-1.56575e-03	
6811	6.485062e-02	-2.02108e-09	-4.69869e-02	-1.56564e-03	
6812	6.485979e-02	3.724054e-09	-4.69879e-02	-1.56574e-03	
6813	6.486915e-02	6.883885e-09	-4.69872e-02	-1.56563e-03	
6814	6.487760e-02	5.423040e-09	-4.69882e-02	-1.56574e-03	
6815	6.488523e-02	1.151286e-09	-4.69875e-02	-1.56563e-03	
6816	6.489446e-02	-4.48069e-09	-4.69884e-02	-1.56573e-03	
6817	6.490277e-02	-6.95677e-09	-4.69877e-02	-1.56562e-03	
6818	6.491199e-02	-4.98840e-09	-4.69886e-02	-1.56572e-03	
6819	6.492229e-02	1.066613e-09	-4.69879e-02	-1.56561e-03	
6820	6.493086e-02	5.707579e-09	-4.69888e-02	-1.56572e-03	
6821	6.493952e-02	6.786817e-09	-4.69881e-02	-1.56561e-03	
6822	6.494864e-02	3.335890e-09	-4.69890e-02	-1.56571e-03	
6823	6.495725e-02	-2.14389e-09	-4.69882e-02	-1.56561e-03	
6824	6.496523e-02	-6.12397e-09	-4.69890e-02	-1.56571e-03	
6825	6.497374e-02	-6.66099e-09	-4.69882e-02	-1.56560e-03	
6826	6.498227e-02	-3.11495e-09	-4.69891e-02	-1.56571e-03	
6827	6.499110e-02	2.503233e-09	-4.69882e-02	-1.56560e-03	
6828	6.499919e-02	6.307648e-09	-4.69891e-02	-1.56571e-03	
6829	6.500779e-02	6.449057e-09	-4.69882e-02	-1.56560e-03	
6830	6.501741e-02	2.001181e-09	-4.69890e-02	-1.56571e-03	
6831	6.502657e-02	-3.74311e-09	-4.69882e-02	-1.56561e-03	
6832	6.503592e-02	-6.91714e-09	-4.69889e-02	-1.56571e-03	
6833	6.504440e-02	-5.46605e-09	-4.69881e-02	-1.56561e-03	
6834	6.505203e-02	-1.19569e-09	-4.69888e-02	-1.56571e-03	
6835	6.506126e-02	4.439540e-09	-4.69879e-02	-1.56561e-03	
6836	6.506958e-02	6.923400e-09	-4.69886e-02	-1.56572e-03	
6837	6.507877e-02	4.971834e-09	-4.69877e-02	-1.56561e-03	
6838	6.508908e-02	-1.08321e-09	-4.69884e-02	-1.56572e-03	
6839	6.509765e-02	-5.73120e-09	-4.69875e-02	-1.56562e-03	
6840	6.510632e-02	-6.81741e-09	-4.69881e-02	-1.56573e-03	

Index   time            l1#branch       v1#branch       v2#branch       
--------------------------------------------------------------------------------
6841	6.511546e-02	-3.36353e-09	-4.69872e-02	-1.56563e-03	
6842	6.512406e-02	2.117208e-09	-4.69878e-02	-1.56574e-03	
6843	6.513203e-02	6.093206e-09	-4.69869e-02	-1.56563e-03	
6844	6.514053e-02	6.640339e-09	-4.69875e-02	-1.56574e-03	
6845	6.514906e-02	3.100319e-09	-4.69865e-02	-1.56564e-03	
6846	6.515789e-02	-2.51696e-09	-4.69871e-02	-1.56575e-03	
6847	6.516599e-02	-6.32809e-09	-4.69861e-02	-1.56565e-03	
6848	6.517461e-02	-6.47097e-09	-4.69867e-02	-1.56576e-03	
6849	6.518423e-02	-2.01691e-09	-4.69857e-02	-1.56566e-03	
6850	6.519340e-02	3.729705e-09	-4.69862e-02	-1.56577e-03	
6851	6.520275e-02	6.899385e-09	-4.69851e-02	-1.56568e-03	
6852	6.521122e-02	5.445800e-09	-4.69857e-02	-1.56579e-03	
6853	6.521885e-02	1.176013e-09	-4.69846e-02	-1.56569e-03	
6854	6.522807e-02	-4.45700e-09	-4.69852e-02	-1.56580e-03	
6855	6.523639e-02	-6.93893e-09	-4.69841e-02	-1.56570e-03	
6856	6.524560e-02	-4.98188e-09	-4.69845e-02	-1.56581e-03	
6857	6.525590e-02	1.072579e-09	-4.69834e-02	-1.56572e-03	
6858	6.526447e-02	5.719804e-09	-4.69839e-02	-1.56583e-03	
6859	6.527314e-02	6.805400e-09	-4.69827e-02	-1.56573e-03	
6860	6.528227e-02	3.354798e-09	-4.69832e-02	-1.56585e-03	
6861	6.529088e-02	-2.12450e-09	-4.69820e-02	-1.56575e-03	
6862	6.529885e-02	-6.10247e-09	-4.69825e-02	-1.56586e-03	
6863	6.530735e-02	-6.64782e-09	-4.69813e-02	-1.56577e-03	
6864	6.531588e-02	-3.10753e-09	-4.69817e-02	-1.56588e-03	
6865	6.532471e-02	2.510049e-09	-4.69805e-02	-1.56579e-03	
6866	6.533280e-02	6.321387e-09	-4.69809e-02	-1.56590e-03	
6867	6.534141e-02	6.467938e-09	-4.69797e-02	-1.56581e-03	
6868	6.535104e-02	2.019078e-09	-4.69800e-02	-1.56592e-03	
6869	6.536020e-02	-3.72719e-09	-4.69788e-02	-1.56583e-03	
6870	6.536956e-02	-6.90032e-09	-4.69791e-02	-1.56594e-03	
6871	6.537802e-02	-5.45050e-09	-4.69778e-02	-1.56585e-03	
6872	6.538566e-02	-1.18106e-09	-4.69782e-02	-1.56596e-03	
6873	6.539488e-02	4.453221e-09	-4.69769e-02	-1.56588e-03	
6874	6.540320e-02	6.940278e-09	-4.69772e-02	-1.56599e-03	
6875	6.541240e-02	4.988637e-09	-4.69759e-02	-1.56590e-03	
6876	6.542271e-02	-1.06460e-09	-4.69761e-02	-1.56602e-03	
6877	6.543128e-02	-5.71313e-09	-4.69748e-02	-1.56593e-03	
6878	6.543995e-02	-6.80041e-09	-4.69750e-02	-1.56604e-03	
6879	6.544907e-02	-3.35330e-09	-4.69737e-02	-1.56595e-03	
6880	6.545768e-02	2.125881e-09	-4.69739e-02	-1.56607e-03	
6881	6.546565e-02	6.108829e-09	-4.69726e-02	-1.56598e-03	
6882	6.547416e-02	6.657697e-09	-4.69728e-02	-1.56610e-03	
6883	6.548269e-02	3.120693e-09	-4.69714e-02	-1.56601e-03	
6884	6.549152e-02	-2.49598e-09	-4.69716e-02	-1.56612e-03	
6885	6.549960e-02	-6.30604e-09	-4.69703e-02	-1.56604e-03	
6886	6.550821e-02	-6.45962e-09	-4.69704e-02	-1.56615e-03	
6887	6.551782e-02	-2.02223e-09	-4.69690e-02	-1.56607e-03	
6888	6.552699e-02	3.727736e-09	-4.69691e-02	-1.56619e-03	
6889	6.553635e-02	6.913866e-09	-4.69676e-02	-1.56610e-03	
6890	6.554482e-02	5.474177e-09	-4.69677e-02	-1.56622e-03	
6891	6.555245e-02	1.208613e-09	-4.69663e-02	-1.56613e-03	
6892	6.556167e-02	-4.42557e-09	-4.69664e-02	-1.56625e-03	
6893	6.557000e-02	-6.92027e-09	-4.69650e-02	-1.56617e-03	
6894	6.557918e-02	-4.98308e-09	-4.69650e-02	-1.56629e-03	
6895	6.558950e-02	1.071677e-09	-4.69634e-02	-1.56621e-03	
6896	6.559808e-02	5.729345e-09	-4.69634e-02	-1.56633e-03	
6897	6.560676e-02	6.824549e-09	-4.69619e-02	-1.56624e-03	
6898	6.561589e-02	3.377430e-09	-4.69619e-02	-1.56636e-03	

Index   time            l1#branch       v1#branch       v2#branch       
--------------------------------------------------------------------------------
6899	6.562449e-02	-2.09972e-09	-4.69604e-02	-1.56628e-03	
6900	6.563245e-02	-6.07778e-09	-4.69604e-02	-1.56640e-03	
6901	6.564095e-02	-6.63674e-09	-4.69589e-02	-1.56632e-03	
6902	6.564948e-02	-3.10504e-09	-4.69589e-02	-1.56644e-03	
6903	6.565831e-02	2.512646e-09	-4.69573e-02	-1.56636e-03	
6904	6.566641e-02	6.332648e-09	-4.69573e-02	-1.56647e-03	
6905	6.567503e-02	6.489051e-09	-4.69558e-02	-1.56639e-03	
6906	6.568466e-02	2.044176e-09	-4.69556e-02	-1.56652e-03	
6907	6.569382e-02	-3.70552e-09	-4.69540e-02	-1.56644e-03	
6908	6.570319e-02	-6.88265e-09	-4.69538e-02	-1.56656e-03	
6909	6.571164e-02	-5.43902e-09	-4.69522e-02	-1.56648e-03	
6910	6.571927e-02	-1.17215e-09	-4.69522e-02	-1.56660e-03	
6911	6.572849e-02	4.461268e-09	-4.69505e-02	-1.56652e-03	
6912	6.573682e-02	6.956667e-09	-4.69504e-02	-1.56664e-03	
6913	6.574602e-02	5.011319e-09	-4.69487e-02	-1.56657e-03	
6914	6.575633e-02	-1.04067e-09	-4.69484e-02	-1.56669e-03	
6915	6.576491e-02	-5.69287e-09	-4.69467e-02	-1.56662e-03	
6916	6.577358e-02	-6.78371e-09	-4.69465e-02	-1.56674e-03	
6917	6.578269e-02	-3.34585e-09	-4.69448e-02	-1.56667e-03	
6918	6.579129e-02	2.130508e-09	-4.69446e-02	-1.56679e-03	
6919	6.579927e-02	6.122170e-09	-4.69429e-02	-1.56671e-03	
6920	6.580778e-02	6.676817e-09	-4.69427e-02	-1.56683e-03	
6921	6.581631e-02	3.145056e-09	-4.69410e-02	-1.56676e-03	
6922	6.582514e-02	-2.47150e-09	-4.69408e-02	-1.56688e-03	
6923	6.583321e-02	-6.28183e-09	-4.69391e-02	-1.56681e-03	
6924	6.584181e-02	-6.44988e-09	-4.69388e-02	-1.56693e-03	
6925	6.585140e-02	-2.03322e-09	-4.69369e-02	-1.56686e-03	
6926	6.586057e-02	3.721200e-09	-4.69366e-02	-1.56698e-03	
6927	6.586993e-02	6.927737e-09	-4.69347e-02	-1.56691e-03	
6928	6.587841e-02	5.505948e-09	-4.69344e-02	-1.56704e-03	
6929	6.588605e-02	1.246018e-09	-4.69328e-02	-1.56696e-03	
6930	6.589526e-02	-4.38938e-09	-4.69324e-02	-1.56709e-03	
6931	6.590360e-02	-6.90100e-09	-4.69306e-02	-1.56702e-03	
6932	6.591276e-02	-4.98874e-09	-4.69302e-02	-1.56714e-03	
6933	6.592310e-02	1.066601e-09	-4.69281e-02	-1.56708e-03	
6934	6.593168e-02	5.737263e-09	-4.69277e-02	-1.56720e-03	
6935	6.594037e-02	6.844137e-09	-4.69259e-02	-1.56713e-03	
6936	6.594951e-02	3.402451e-09	-4.69254e-02	-1.56726e-03	
6937	6.595811e-02	-2.07158e-09	-4.69235e-02	-1.56719e-03	
6938	6.596605e-02	-6.05103e-09	-4.69232e-02	-1.56731e-03	
6939	6.597453e-02	-6.62680e-09	-4.69213e-02	-1.56725e-03	
6940	6.598308e-02	-3.10565e-09	-4.69209e-02	-1.56737e-03	
6941	6.599191e-02	2.512443e-09	-4.69189e-02	-1.56730e-03	
6942	6.600001e-02	6.342293e-09	-4.69186e-02	-1.56743e-03	
6943	6.600864e-02	6.511737e-09	-4.69166e-02	-1.56736e-03	
6944	6.601827e-02	2.074137e-09	-4.69160e-02	-1.56749e-03	
6945	6.602744e-02	-3.67999e-09	-4.69140e-02	-1.56743e-03	
6946	6.603681e-02	-6.86435e-09	-4.69134e-02	-1.56756e-03	
6947	6.604525e-02	-5.43010e-09	-4.69114e-02	-1.56749e-03	
6948	6.605288e-02	-1.16694e-09	-4.69110e-02	-1.56761e-03	
6949	6.606209e-02	4.465665e-09	-4.69090e-02	-1.56755e-03	
6950	6.607042e-02	6.972795e-09	-4.69085e-02	-1.56768e-03	
6951	6.607963e-02	5.037932e-09	-4.69064e-02	-1.56761e-03	
6952	6.608995e-02	-1.01302e-09	-4.69056e-02	-1.56775e-03	
6953	6.609853e-02	-5.67100e-09	-4.69035e-02	-1.56768e-03	
6954	6.610721e-02	-6.76717e-09	-4.69029e-02	-1.56781e-03	
6955	6.611630e-02	-3.34029e-09	-4.69008e-02	-1.56775e-03	
6956	6.612489e-02	2.132411e-09	-4.69002e-02	-1.56788e-03	

Index   time            l1#branch       v1#branch       v2#branch       
--------------------------------------------------------------------------------
6957	6.613288e-02	6.134031e-09	-4.68983e-02	-1.56782e-03	
6958	6.614140e-02	6.697215e-09	-4.68976e-02	-1.56794e-03	
6959	6.614992e-02	3.172345e-09	-4.68956e-02	-1.56788e-03	
6960	6.615875e-02	-2.44432e-09	-4.68949e-02	-1.56801e-03	
6961	6.616681e-02	-6.25588e-09	-4.68929e-02	-1.56795e-03	
6962	6.617540e-02	-6.44126e-09	-4.68922e-02	-1.56808e-03	
6963	6.618498e-02	-2.04838e-09	-4.68899e-02	-1.56802e-03	
6964	6.619415e-02	3.711279e-09	-4.68892e-02	-1.56815e-03	
6965	6.620352e-02	6.941178e-09	-4.68869e-02	-1.56810e-03	
6966	6.621200e-02	5.540295e-09	-4.68862e-02	-1.56823e-03	
6967	6.621964e-02	1.287116e-09	-4.68842e-02	-1.56816e-03	
6968	6.622885e-02	-4.34951e-09	-4.68834e-02	-1.56830e-03	
6969	6.623719e-02	-6.88113e-09	-4.68813e-02	-1.56824e-03	
6970	6.624632e-02	-4.99757e-09	-4.68804e-02	-1.56837e-03	
6971	6.625669e-02	1.058427e-09	-4.68779e-02	-1.56832e-03	
6972	6.626528e-02	5.744006e-09	-4.68771e-02	-1.56845e-03	
6973	6.627399e-02	6.864162e-09	-4.68749e-02	-1.56839e-03	
6974	6.628312e-02	3.429372e-09	-4.68740e-02	-1.56853e-03	
6975	6.629172e-02	-2.04085e-09	-4.68718e-02	-1.56847e-03	
6976	6.629965e-02	-6.02262e-09	-4.68711e-02	-1.56860e-03	
6977	6.630812e-02	-6.61756e-09	-4.68689e-02	-1.56854e-03	
6978	6.631761e-02	-2.61751e-09	-4.68679e-02	-1.56868e-03	
6979	6.632617e-02	2.860700e-09	-4.68657e-02	-1.56862e-03	
6980	6.633426e-02	6.501705e-09	-4.68649e-02	-1.56875e-03	
6981	6.634292e-02	6.383113e-09	-4.68626e-02	-1.56870e-03	
6982	6.635282e-02	1.581413e-09	-4.68615e-02	-1.56884e-03	
6983	6.636195e-02	-4.07439e-09	-4.68591e-02	-1.56879e-03	
6984	6.637125e-02	-6.89161e-09	-4.68580e-02	-1.56892e-03	
6985	6.637977e-02	-5.08553e-09	-4.68558e-02	-1.56887e-03	
6986	6.638752e-02	-5.74969e-10	-4.68550e-02	-1.56900e-03	
6987	6.639576e-02	4.493533e-09	-4.68527e-02	-1.56894e-03	
6988	6.640409e-02	6.991679e-09	-4.68518e-02	-1.56907e-03	
6989	6.641310e-02	5.125031e-09	-4.68494e-02	-1.56902e-03	
6990	6.642336e-02	-8.60576e-10	-4.68481e-02	-1.56917e-03	
6991	6.643194e-02	-5.57740e-09	-4.68458e-02	-1.56912e-03	
6992	6.644063e-02	-6.77422e-09	-4.68448e-02	-1.56925e-03	
6993	6.644969e-02	-3.44963e-09	-4.68423e-02	-1.56920e-03	
6994	6.645824e-02	1.982500e-09	-4.68413e-02	-1.56933e-03	
6995	6.646620e-02	6.057088e-09	-4.68390e-02	-1.56928e-03	
6996	6.647468e-02	6.774376e-09	-4.68380e-02	-1.56942e-03	
6997	6.648421e-02	2.856564e-09	-4.68354e-02	-1.56937e-03	
6998	6.649283e-02	-2.65912e-09	-4.68344e-02	-1.56951e-03	
6999	6.650083e-02	-6.32595e-09	-4.68321e-02	-1.56945e-03	
7000	6.650944e-02	-6.33639e-09	-4.68310e-02	-1.56959e-03	
7001	6.651911e-02	-1.76379e-09	-4.68283e-02	-1.56955e-03	
7002	6.652823e-02	3.940124e-09	-4.68271e-02	-1.56968e-03	
7003	6.653754e-02	6.986239e-09	-4.68245e-02	-1.56964e-03	
7004	6.654609e-02	5.398264e-09	-4.68234e-02	-1.56978e-03	
7005	6.655377e-02	1.030920e-09	-4.68211e-02	-1.56973e-03	
7006	6.656206e-02	-4.13161e-09	-4.68201e-02	-1.56986e-03	
7007	6.657045e-02	-6.83718e-09	-4.68176e-02	-1.56981e-03	
7008	6.657929e-02	-5.24580e-09	-4.68164e-02	-1.56995e-03	
7009	6.658981e-02	7.684929e-10	-4.68135e-02	-1.56991e-03	
7010	6.659853e-02	5.618738e-09	-4.68123e-02	-1.57005e-03	
7011	6.660735e-02	6.915193e-09	-4.68097e-02	-1.57001e-03	
7012	6.661640e-02	3.640405e-09	-4.68084e-02	-1.57015e-03	
7013	6.662489e-02	-1.74829e-09	-4.68059e-02	-1.57010e-03	
7014	6.663281e-02	-5.85869e-09	-4.68048e-02	-1.57024e-03	

Index   time            l1#branch       v1#branch       v2#branch       
--------------------------------------------------------------------------------
7015	6.664117e-02	-6.69316e-09	-4.68023e-02	-1.57019e-03	
7016	6.665063e-02	-2.94244e-09	-4.68009e-02	-1.57033e-03	
7017	6.665935e-02	2.619886e-09	-4.67983e-02	-1.57029e-03	
7018	6.666736e-02	6.389295e-09	-4.67972e-02	-1.57043e-03	
7019	6.667604e-02	6.525563e-09	-4.67946e-02	-1.57038e-03	
7020	6.668569e-02	2.042009e-09	-4.67930e-02	-1.57053e-03	
7021	6.669486e-02	-3.70121e-09	-4.67903e-02	-1.57049e-03	
7022	6.670422e-02	-6.83651e-09	-4.67888e-02	-1.57063e-03	
7023	6.671265e-02	-5.35880e-09	-4.67862e-02	-1.57059e-03	
7024	6.672028e-02	-1.08183e-09	-4.67851e-02	-1.57072e-03	
7025	6.672950e-02	4.547888e-09	-4.67824e-02	-1.57069e-03	
7026	6.673781e-02	7.013089e-09	-4.67811e-02	-1.57082e-03	
7027	6.674708e-02	5.017754e-09	-4.67783e-02	-1.57079e-03	
7028	6.675732e-02	-1.01786e-09	-4.67765e-02	-1.57094e-03	
7029	6.676587e-02	-5.64943e-09	-4.67739e-02	-1.57090e-03	
7030	6.677452e-02	-6.72960e-09	-4.67725e-02	-1.57104e-03	
7031	6.678361e-02	-3.29882e-09	-4.67697e-02	-1.57100e-03	
7032	6.679222e-02	2.182929e-09	-4.67683e-02	-1.57114e-03	
7033	6.680024e-02	6.185740e-09	-4.67657e-02	-1.57110e-03	
7034	6.680878e-02	6.719662e-09	-4.67643e-02	-1.57124e-03	
7035	6.681726e-02	3.188960e-09	-4.67616e-02	-1.57120e-03	
7036	6.682607e-02	-2.41806e-09	-4.67601e-02	-1.57134e-03	
7037	6.683411e-02	-6.22045e-09	-4.67575e-02	-1.57130e-03	
7038	6.684268e-02	-6.40918e-09	-4.67560e-02	-1.57144e-03	
7039	6.685225e-02	-2.02968e-09	-4.67531e-02	-1.57141e-03	
7040	6.686142e-02	3.731629e-09	-4.67514e-02	-1.57156e-03	
7041	6.687078e-02	6.974556e-09	-4.67485e-02	-1.57153e-03	
7042	6.687929e-02	5.581323e-09	-4.67470e-02	-1.57167e-03	
7043	6.688693e-02	1.329656e-09	-4.67445e-02	-1.57162e-03	
7044	6.689614e-02	-4.30883e-09	-4.67428e-02	-1.57177e-03	
7045	6.690449e-02	-6.84457e-09	-4.67401e-02	-1.57173e-03	
7046	6.691359e-02	-4.97443e-09	-4.67384e-02	-1.57188e-03	
7047	6.692395e-02	1.075372e-09	-4.67351e-02	-1.57186e-03	
7048	6.693256e-02	5.770473e-09	-4.67336e-02	-1.57200e-03	
7049	6.694126e-02	6.903508e-09	-4.67307e-02	-1.57197e-03	
7050	6.695042e-02	3.468883e-09	-4.67290e-02	-1.57211e-03	
7051	6.695902e-02	-2.00266e-09	-4.67261e-02	-1.57208e-03	
7052	6.696692e-02	-5.97897e-09	-4.67247e-02	-1.57222e-03	
7053	6.697538e-02	-6.58821e-09	-4.67219e-02	-1.57218e-03	
7054	6.698485e-02	-2.61711e-09	-4.67200e-02	-1.57233e-03	
7055	6.699341e-02	2.862022e-09	-4.67172e-02	-1.57230e-03	
7056	6.700151e-02	6.527018e-09	-4.67157e-02	-1.57244e-03	
7057	6.701018e-02	6.429501e-09	-4.67128e-02	-1.57241e-03	
7058	6.702008e-02	1.644004e-09	-4.67108e-02	-1.57256e-03	
7059	6.702921e-02	-4.02021e-09	-4.67077e-02	-1.57253e-03	
7060	6.703852e-02	-6.85383e-09	-4.67058e-02	-1.57268e-03	
7061	6.704701e-02	-5.07136e-09	-4.67030e-02	-1.57265e-03	
7062	6.705476e-02	-5.77256e-10	-4.67015e-02	-1.57279e-03	
7063	6.706300e-02	4.501803e-09	-4.66987e-02	-1.57276e-03	
7064	6.707133e-02	7.025189e-09	-4.66970e-02	-1.57290e-03	
7065	6.708036e-02	5.180131e-09	-4.66940e-02	-1.57288e-03	
7066	6.709062e-02	-8.01555e-10	-4.66918e-02	-1.57303e-03	
7067	6.709922e-02	-5.53062e-09	-4.66888e-02	-1.57300e-03	
7068	6.710792e-02	-6.73952e-09	-4.66870e-02	-1.57315e-03	
7069	6.711694e-02	-3.43847e-09	-4.66839e-02	-1.57312e-03	
7070	6.712548e-02	1.985758e-09	-4.66822e-02	-1.57327e-03	
7071	6.713346e-02	6.081181e-09	-4.66793e-02	-1.57324e-03	
7072	6.714195e-02	6.816762e-09	-4.66776e-02	-1.57338e-03	

Index   time            l1#branch       v1#branch       v2#branch       
--------------------------------------------------------------------------------
7073	6.715149e-02	2.903766e-09	-4.66743e-02	-1.57336e-03	
7074	6.716011e-02	-2.60790e-09	-4.66725e-02	-1.57351e-03	
7075	6.716807e-02	-6.27462e-09	-4.66697e-02	-1.57348e-03	
7076	6.717667e-02	-6.31716e-09	-4.66678e-02	-1.57362e-03	
7077	6.718630e-02	-1.78912e-09	-4.66645e-02	-1.57361e-03	
7078	6.719543e-02	3.926201e-09	-4.66625e-02	-1.57375e-03	
7079	6.720475e-02	7.016927e-09	-4.66592e-02	-1.57374e-03	
7080	6.721330e-02	5.467730e-09	-4.66574e-02	-1.57388e-03	
7081	6.722098e-02	1.123770e-09	-4.66546e-02	-1.57385e-03	
7082	6.722928e-02	-4.05463e-09	-4.66528e-02	-1.57399e-03	
7083	6.723768e-02	-6.79415e-09	-4.66498e-02	-1.57397e-03	
7084	6.724648e-02	-5.25080e-09	-4.66478e-02	-1.57412e-03	
7085	6.725704e-02	7.594225e-10	-4.66442e-02	-1.57411e-03	
7086	6.726578e-02	5.635559e-09	-4.66422e-02	-1.57426e-03	
7087	6.727462e-02	6.956505e-09	-4.66390e-02	-1.57424e-03	
7088	6.728368e-02	3.691862e-09	-4.66369e-02	-1.57439e-03	
7089	6.729216e-02	-1.69160e-09	-4.66339e-02	-1.57436e-03	
7090	6.730009e-02	-5.81168e-09	-4.66321e-02	-1.57451e-03	
7091	6.730841e-02	-6.66454e-09	-4.66290e-02	-1.57448e-03	
7092	6.731786e-02	-2.94610e-09	-4.66268e-02	-1.57464e-03	
7093	6.732657e-02	2.614269e-09	-4.66236e-02	-1.57462e-03	
7094	6.733459e-02	6.408287e-09	-4.66218e-02	-1.57476e-03	
7095	6.734328e-02	6.576985e-09	-4.66186e-02	-1.57474e-03	
7096	6.735294e-02	2.112238e-09	-4.66163e-02	-1.57490e-03	
7097	6.736212e-02	-3.64238e-09	-4.66129e-02	-1.57488e-03	
7098	6.737052e-02	-6.70327e-09	-4.66109e-02	-1.57503e-03	
7099	6.737932e-02	-5.54530e-09	-4.66077e-02	-1.57501e-03	
7100	6.738725e-02	-1.22438e-09	-4.66059e-02	-1.57515e-03	
7101	6.739636e-02	4.389498e-09	-4.66025e-02	-1.57514e-03	
7102	6.740487e-02	7.038462e-09	-4.66005e-02	-1.57529e-03	
7103	6.741395e-02	5.221671e-09	-4.65971e-02	-1.57527e-03	
7104	6.742440e-02	-8.55272e-10	-4.65944e-02	-1.57544e-03	
7105	6.743303e-02	-5.56709e-09	-4.65912e-02	-1.57542e-03	
7106	6.744177e-02	-6.69676e-09	-4.65891e-02	-1.57557e-03	
7107	6.745077e-02	-3.32759e-09	-4.65857e-02	-1.57556e-03	
7108	6.745934e-02	2.120418e-09	-4.65836e-02	-1.57570e-03	
7109	6.746735e-02	6.172002e-09	-4.65805e-02	-1.57568e-03	
7110	6.747588e-02	6.791814e-09	-4.65784e-02	-1.57583e-03	
7111	6.748440e-02	3.309608e-09	-4.65752e-02	-1.57582e-03	
7112	6.749324e-02	-2.30853e-09	-4.65729e-02	-1.57597e-03	
7113	6.750121e-02	-6.13267e-09	-4.65698e-02	-1.57595e-03	
7114	6.750977e-02	-6.41375e-09	-4.65677e-02	-1.57610e-03	
7115	6.751926e-02	-2.14542e-09	-4.65641e-02	-1.57609e-03	
7116	6.752845e-02	3.641567e-09	-4.65617e-02	-1.57624e-03	
7117	6.753785e-02	6.992715e-09	-4.65582e-02	-1.57624e-03	
7118	6.754634e-02	5.703772e-09	-4.65560e-02	-1.57639e-03	
7119	6.755402e-02	1.489123e-09	-4.65530e-02	-1.57637e-03	
7120	6.756317e-02	-4.15208e-09	-4.65506e-02	-1.57652e-03	
7121	6.757156e-02	-6.79218e-09	-4.65473e-02	-1.57651e-03	
7122	6.758057e-02	-5.05815e-09	-4.65449e-02	-1.57666e-03	
7123	6.759105e-02	9.995393e-10	-4.65410e-02	-1.57666e-03	
7124	6.759972e-02	5.762876e-09	-4.65387e-02	-1.57681e-03	
7125	6.760849e-02	6.951404e-09	-4.65353e-02	-1.57680e-03	
7126	6.761762e-02	3.556512e-09	-4.65328e-02	-1.57696e-03	
7127	6.762619e-02	-1.89249e-09	-4.65295e-02	-1.57695e-03	
7128	6.763409e-02	-5.90038e-09	-4.65274e-02	-1.57709e-03	
7129	6.764249e-02	-6.57916e-09	-4.65241e-02	-1.57708e-03	
7130	6.765193e-02	-2.69104e-09	-4.65215e-02	-1.57724e-03	

Index   time            l1#branch       v1#branch       v2#branch       
--------------------------------------------------------------------------------
7131	6.766052e-02	2.805900e-09	-4.65181e-02	-1.57723e-03	
7132	6.766862e-02	6.523990e-09	-4.65159e-02	-1.57738e-03	
7133	6.767730e-02	6.510279e-09	-4.65125e-02	-1.57737e-03	
7134	6.768711e-02	1.833111e-09	-4.65098e-02	-1.57753e-03	
7135	6.769626e-02	-3.86229e-09	-4.65062e-02	-1.57752e-03	
7136	6.770558e-02	-6.80346e-09	-4.65035e-02	-1.57768e-03	
7137	6.771402e-02	-5.13982e-09	-4.65002e-02	-1.57767e-03	
7138	6.772173e-02	-7.28655e-10	-4.64981e-02	-1.57782e-03	
7139	6.772999e-02	4.402689e-09	-4.64948e-02	-1.57781e-03	
7140	6.773835e-02	7.047885e-09	-4.64925e-02	-1.57796e-03	
7141	6.774735e-02	5.340196e-09	-4.64889e-02	-1.57795e-03	
7142	6.775773e-02	-6.49917e-10	-4.64859e-02	-1.57812e-03	
7143	6.776639e-02	-5.44562e-09	-4.64824e-02	-1.57811e-03	
7144	6.777516e-02	-6.70580e-09	-4.64799e-02	-1.57827e-03	
7145	6.778410e-02	-3.46543e-09	-4.64763e-02	-1.57826e-03	
7146	6.779260e-02	1.927018e-09	-4.64739e-02	-1.57841e-03	
7147	6.780058e-02	6.068591e-09	-4.64706e-02	-1.57840e-03	
7148	6.780906e-02	6.885464e-09	-4.64682e-02	-1.57855e-03	
7149	6.781861e-02	3.041485e-09	-4.64644e-02	-1.57856e-03	
7150	6.782727e-02	-2.48798e-09	-4.64619e-02	-1.57871e-03	
7151	6.783516e-02	-6.18338e-09	-4.64586e-02	-1.57870e-03	
7152	6.784375e-02	-6.32575e-09	-4.64561e-02	-1.57885e-03	
7153	6.785330e-02	-1.91760e-09	-4.64523e-02	-1.57886e-03	
7154	6.786245e-02	3.829232e-09	-4.64496e-02	-1.57901e-03	
7155	6.787180e-02	7.039266e-09	-4.64458e-02	-1.57902e-03	
7156	6.788035e-02	5.604808e-09	-4.64433e-02	-1.57917e-03	
7157	6.788798e-02	1.337092e-09	-4.64401e-02	-1.57916e-03	
7158	6.789722e-02	-4.30356e-09	-4.64373e-02	-1.57932e-03	
7159	6.790555e-02	-6.78973e-09	-4.64339e-02	-1.57931e-03	
7160	6.791465e-02	-4.87306e-09	-4.64311e-02	-1.57947e-03	
7161	6.792494e-02	1.154603e-09	-4.64270e-02	-1.57948e-03	
7162	6.793352e-02	5.833864e-09	-4.64244e-02	-1.57964e-03	
7163	6.794220e-02	6.967076e-09	-4.64208e-02	-1.57963e-03	
7164	6.795141e-02	3.511937e-09	-4.64180e-02	-1.57979e-03	
7165	6.796003e-02	-1.97566e-09	-4.64144e-02	-1.57979e-03	
7166	6.796792e-02	-5.92975e-09	-4.64120e-02	-1.57994e-03	
7167	6.797636e-02	-6.52267e-09	-4.64085e-02	-1.57994e-03	
7168	6.798579e-02	-2.55941e-09	-4.64056e-02	-1.58010e-03	
7169	6.799432e-02	2.902499e-09	-4.64020e-02	-1.58010e-03	
7170	6.800245e-02	6.586716e-09	-4.63995e-02	-1.58025e-03	
7171	6.801114e-02	6.490330e-09	-4.63959e-02	-1.58025e-03	
7172	6.802108e-02	1.679295e-09	-4.63928e-02	-1.58042e-03	
7173	6.803023e-02	-3.98574e-09	-4.63889e-02	-1.58042e-03	
7174	6.803954e-02	-6.79378e-09	-4.63860e-02	-1.58058e-03	
7175	6.804800e-02	-4.99618e-09	-4.63824e-02	-1.58058e-03	
7176	6.805575e-02	-4.91584e-10	-4.63801e-02	-1.58073e-03	
7177	6.806399e-02	4.580188e-09	-4.63766e-02	-1.58073e-03	
7178	6.807232e-02	7.089850e-09	-4.63740e-02	-1.58088e-03	
7179	6.808139e-02	5.213454e-09	-4.63701e-02	-1.58089e-03	
7180	6.809160e-02	-7.50512e-10	-4.63668e-02	-1.58106e-03	
7181	6.810018e-02	-5.46897e-09	-4.63632e-02	-1.58106e-03	
7182	6.810886e-02	-6.67713e-09	-4.63604e-02	-1.58121e-03	
7183	6.811785e-02	-3.39641e-09	-4.63566e-02	-1.58122e-03	
7184	6.812639e-02	2.028404e-09	-4.63539e-02	-1.58138e-03	
7185	6.813441e-02	6.146059e-09	-4.63504e-02	-1.58137e-03	
7186	6.814293e-02	6.876723e-09	-4.63477e-02	-1.58153e-03	
7187	6.815150e-02	3.454487e-09	-4.63440e-02	-1.58153e-03	
7188	6.816038e-02	-2.17739e-09	-4.63411e-02	-1.58169e-03	

Index   time            l1#branch       v1#branch       v2#branch       
--------------------------------------------------------------------------------
7189	6.816828e-02	-6.02597e-09	-4.63377e-02	-1.58169e-03	
7190	6.817682e-02	-6.41797e-09	-4.63349e-02	-1.58184e-03	
7191	6.818623e-02	-2.28391e-09	-4.63309e-02	-1.58185e-03	
7192	6.819545e-02	3.530626e-09	-4.63279e-02	-1.58202e-03	
7193	6.820487e-02	7.010253e-09	-4.63239e-02	-1.58203e-03	
7194	6.821336e-02	5.846597e-09	-4.63211e-02	-1.58218e-03	
7195	6.822106e-02	1.680350e-09	-4.63177e-02	-1.58218e-03	
7196	6.823016e-02	-3.96202e-09	-4.63147e-02	-1.58234e-03	
7197	6.823860e-02	-6.72705e-09	-4.63110e-02	-1.58235e-03	
7198	6.824750e-02	-5.15373e-09	-4.63081e-02	-1.58251e-03	
7199	6.825813e-02	9.102471e-10	-4.63036e-02	-1.58253e-03	
7200	6.826687e-02	5.754411e-09	-4.63006e-02	-1.58269e-03	
7201	6.827571e-02	7.007505e-09	-4.62968e-02	-1.58270e-03	
7202	6.828482e-02	3.656778e-09	-4.62937e-02	-1.58286e-03	
7203	6.829335e-02	-1.76607e-09	-4.62900e-02	-1.58287e-03	
7204	6.830126e-02	-5.81419e-09	-4.62874e-02	-1.58302e-03	
7205	6.830960e-02	-6.56236e-09	-4.62837e-02	-1.58302e-03	
7206	6.831902e-02	-2.75960e-09	-4.62805e-02	-1.58318e-03	
7207	6.832764e-02	2.750405e-09	-4.62767e-02	-1.58319e-03	
7208	6.833572e-02	6.523113e-09	-4.62740e-02	-1.58334e-03	
7209	6.834443e-02	6.601265e-09	-4.62702e-02	-1.58335e-03	
7210	6.835419e-02	2.008315e-09	-4.62668e-02	-1.58352e-03	
7211	6.836337e-02	-3.71959e-09	-4.62628e-02	-1.58354e-03	
7212	6.837176e-02	-6.66637e-09	-4.62599e-02	-1.58369e-03	
7213	6.838054e-02	-5.37987e-09	-4.62561e-02	-1.58370e-03	
7214	6.838845e-02	-1.01226e-09	-4.62534e-02	-1.58385e-03	
7215	6.839761e-02	4.596407e-09	-4.62493e-02	-1.58387e-03	
7216	6.840606e-02	7.122239e-09	-4.62464e-02	-1.58402e-03	
7217	6.841527e-02	5.142673e-09	-4.62424e-02	-1.58404e-03	
7218	6.842553e-02	-8.93114e-10	-4.62387e-02	-1.58421e-03	
7219	6.843408e-02	-5.53340e-09	-4.62349e-02	-1.58422e-03	
7220	6.844274e-02	-6.62194e-09	-4.62319e-02	-1.58438e-03	
7221	6.845175e-02	-3.23677e-09	-4.62279e-02	-1.58440e-03	
7222	6.846036e-02	2.237510e-09	-4.62249e-02	-1.58455e-03	
7223	6.846844e-02	6.285775e-09	-4.62213e-02	-1.58456e-03	
7224	6.847701e-02	6.830555e-09	-4.62183e-02	-1.58472e-03	
7225	6.848543e-02	3.332640e-09	-4.62145e-02	-1.58473e-03	
7226	6.849422e-02	-2.26053e-09	-4.62114e-02	-1.58489e-03	
7227	6.850217e-02	-6.06400e-09	-4.62078e-02	-1.58489e-03	
7228	6.851068e-02	-6.34644e-09	-4.62048e-02	-1.58505e-03	
7229	6.852015e-02	-2.09905e-09	-4.62006e-02	-1.58507e-03	
7230	6.852934e-02	3.690149e-09	-4.61973e-02	-1.58523e-03	
7231	6.853873e-02	7.061652e-09	-4.61931e-02	-1.58526e-03	
7232	6.854727e-02	5.782767e-09	-4.61901e-02	-1.58541e-03	
7233	6.855494e-02	1.569215e-09	-4.61866e-02	-1.58542e-03	
7234	6.856411e-02	-4.07530e-09	-4.61832e-02	-1.58558e-03	
7235	6.857250e-02	-6.71695e-09	-4.61795e-02	-1.58559e-03	
7236	6.858146e-02	-5.00164e-09	-4.61762e-02	-1.58575e-03	
7237	6.859193e-02	1.039087e-09	-4.61716e-02	-1.58579e-03	
7238	6.860060e-02	5.819267e-09	-4.61684e-02	-1.58594e-03	
7239	6.860937e-02	7.034279e-09	-4.61645e-02	-1.58596e-03	
7240	6.861854e-02	3.639394e-09	-4.61611e-02	-1.58613e-03	
7241	6.862712e-02	-1.81403e-09	-4.61572e-02	-1.58614e-03	
7242	6.863503e-02	-5.82317e-09	-4.61544e-02	-1.58629e-03	
7243	6.864337e-02	-6.50947e-09	-4.61506e-02	-1.58630e-03	
7244	6.865279e-02	-2.65605e-09	-4.61471e-02	-1.58647e-03	
7245	6.866136e-02	2.827114e-09	-4.61432e-02	-1.58649e-03	
7246	6.866947e-02	6.582716e-09	-4.61402e-02	-1.58664e-03	

Index   time            l1#branch       v1#branch       v2#branch       
--------------------------------------------------------------------------------
7247	6.867818e-02	6.603656e-09	-4.61363e-02	-1.58666e-03	
7248	6.868801e-02	1.935154e-09	-4.61326e-02	-1.58683e-03	
7249	6.869718e-02	-3.77367e-09	-4.61285e-02	-1.58685e-03	
7250	6.870556e-02	-6.65307e-09	-4.61254e-02	-1.58701e-03	
7251	6.871434e-02	-5.28754e-09	-4.61214e-02	-1.58702e-03	
7252	6.872223e-02	-8.94336e-10	-4.61185e-02	-1.58717e-03	
7253	6.873142e-02	4.710832e-09	-4.61143e-02	-1.58720e-03	
7254	6.873985e-02	7.160388e-09	-4.61111e-02	-1.58735e-03	
7255	6.874912e-02	5.081760e-09	-4.61069e-02	-1.58738e-03	
7256	6.875927e-02	-9.30617e-10	-4.61031e-02	-1.58755e-03	
7257	6.876779e-02	-5.52682e-09	-4.60992e-02	-1.58757e-03	
7258	6.877639e-02	-6.58747e-09	-4.60959e-02	-1.58773e-03	
7259	6.878541e-02	-3.18502e-09	-4.60918e-02	-1.58775e-03	
7260	6.879405e-02	2.306545e-09	-4.60885e-02	-1.58791e-03	
7261	6.880216e-02	6.345565e-09	-4.60848e-02	-1.58792e-03	
7262	6.881076e-02	6.839722e-09	-4.60815e-02	-1.58808e-03	
7263	6.881913e-02	3.328603e-09	-4.60777e-02	-1.58810e-03	
7264	6.882789e-02	-2.24973e-09	-4.60744e-02	-1.58826e-03	
7265	6.883583e-02	-6.03859e-09	-4.60707e-02	-1.58827e-03	
7266	6.884431e-02	-6.30857e-09	-4.60674e-02	-1.58843e-03	
7267	6.885379e-02	-2.05665e-09	-4.60631e-02	-1.58846e-03	
7268	6.886298e-02	3.734608e-09	-4.60596e-02	-1.58862e-03	
7269	6.887236e-02	7.107616e-09	-4.60553e-02	-1.58865e-03	
7270	6.888093e-02	5.822882e-09	-4.60520e-02	-1.58881e-03	
7271	6.888860e-02	1.613210e-09	-4.60484e-02	-1.58882e-03	
7272	6.889777e-02	-4.02298e-09	-4.60448e-02	-1.58899e-03	
7273	6.890615e-02	-6.63995e-09	-4.60410e-02	-1.58900e-03	
7274	6.891507e-02	-4.91570e-09	-4.60375e-02	-1.58917e-03	
7275	6.892552e-02	1.135064e-09	-4.60327e-02	-1.58921e-03	
7276	6.893421e-02	5.946204e-09	-4.60294e-02	-1.58937e-03	
7277	6.894299e-02	7.189454e-09	-4.60253e-02	-1.58939e-03	
7278	6.895226e-02	3.773138e-09	-4.60217e-02	-1.58955e-03	
7279	6.896084e-02	-1.66689e-09	-4.60177e-02	-1.58958e-03	
7280	6.896873e-02	-5.62820e-09	-4.60146e-02	-1.58973e-03	
7281	6.897694e-02	-6.28895e-09	-4.60108e-02	-1.58975e-03	
7282	6.898627e-02	-2.49282e-09	-4.60071e-02	-1.58991e-03	
7283	6.899483e-02	2.988923e-09	-4.60031e-02	-1.58993e-03	
7284	6.900307e-02	6.821199e-09	-4.59998e-02	-1.59009e-03	
7285	6.901187e-02	6.835029e-09	-4.59957e-02	-1.59011e-03	
7286	6.902184e-02	2.073857e-09	-4.59917e-02	-1.59029e-03	
7287	6.903103e-02	-3.61214e-09	-4.59874e-02	-1.59032e-03	
7288	6.903925e-02	-6.37299e-09	-4.59841e-02	-1.59047e-03	
7289	6.904793e-02	-4.99170e-09	-4.59800e-02	-1.59049e-03	
7290	6.905588e-02	-5.38500e-10	-4.59768e-02	-1.59065e-03	
7291	6.906505e-02	5.089794e-09	-4.59724e-02	-1.59067e-03	
7292	6.907351e-02	7.578517e-09	-4.59690e-02	-1.59083e-03	
7293	6.908303e-02	5.434490e-09	-4.59644e-02	-1.59086e-03	
7294	6.909308e-02	-5.00733e-10	-4.59601e-02	-1.59104e-03	
7295	6.910150e-02	-4.96045e-09	-4.59559e-02	-1.59106e-03	
7296	6.911002e-02	-5.91603e-09	-4.59522e-02	-1.59121e-03	
7297	6.911861e-02	-2.63676e-09	-4.59479e-02	-1.59124e-03	
7298	6.912727e-02	2.956503e-09	-4.59440e-02	-1.59139e-03	
7299	6.913680e-02	7.628451e-09	-4.59390e-02	-1.59143e-03	
7300	6.914549e-02	7.793051e-09	-4.59350e-02	-1.59178e-03	
7301	6.915313e-02	4.478540e-09	-4.59311e-02	-1.59283e-03	
7302	6.916180e-02	-8.45397e-10	-4.59271e-02	-1.59440e-03	
7303	6.916942e-02	-4.25829e-09	-4.59226e-02	-1.59505e-03	
7304	6.917705e-02	-4.46597e-09	-4.59186e-02	-1.59596e-03	

Index   time            l1#branch       v1#branch       v2#branch       
--------------------------------------------------------------------------------
7305	6.918528e-02	-8.90409e-10	-4.59134e-02	-1.59698e-03	
7306	6.919553e-02	5.927735e-09	-4.59069e-02	-1.59856e-03	
7307	6.920476e-02	1.024116e-08	-4.58990e-02	-1.59954e-03	
7308	6.921544e-02	9.567809e-09	-4.58885e-02	-1.60015e-03	
7309	6.922278e-02	5.977520e-09	-4.58797e-02	-1.60029e-03	
7310	6.923092e-02	1.605477e-09	-4.58694e-02	-1.60061e-03	
7311	6.923760e-02	-3.17945e-10	-4.58593e-02	-1.60075e-03	
7312	6.924425e-02	5.004699e-10	-4.58486e-02	-1.60101e-03	
7313	6.925095e-02	4.092672e-09	-4.58359e-02	-1.60113e-03	
7314	6.926099e-02	1.189427e-08	-4.58144e-02	-1.60147e-03	
7315	6.927097e-02	1.817867e-08	-4.57879e-02	-1.60166e-03	
7316	6.928304e-02	1.939506e-08	-4.57488e-02	-1.60202e-03	
7317	6.928881e-02	1.763419e-08	-4.57259e-02	-1.60209e-03	
7318	6.929762e-02	1.487695e-08	-4.56863e-02	-1.60236e-03	
7319	6.930897e-02	1.605946e-08	-4.56225e-02	-1.60255e-03	
7320	6.931936e-02	2.395779e-08	-4.55499e-02	-1.60285e-03	
7321	6.933039e-02	3.645128e-08	-4.54526e-02	-1.60301e-03	
7322	6.934180e-02	4.735929e-08	-4.53256e-02	-1.60331e-03	
7323	6.934947e-02	5.126284e-08	-4.52204e-02	-1.60339e-03	
7324	6.935924e-02	5.322745e-08	-4.50603e-02	-1.60364e-03	
7325	6.936880e-02	5.569334e-08	-4.48669e-02	-1.60373e-03	
7326	6.938124e-02	6.574182e-08	-4.45488e-02	-1.60398e-03	
7327	6.939291e-02	8.222262e-08	-4.41535e-02	-1.60404e-03	
7328	6.940549e-02	1.002456e-07	-4.35892e-02	-1.60419e-03	
7329	6.942117e-02	1.117929e-07	-4.25810e-02	-1.60412e-03	
7330	6.943420e-02	1.122049e-07	-4.13846e-02	-1.60404e-03	
7331	6.944696e-02	1.120426e-07	-3.98566e-02	-1.60370e-03	
7332	6.945775e-02	1.156302e-07	-3.83596e-02	-1.60345e-03	
7333	6.946832e-02	1.213021e-07	-3.68022e-02	-1.60305e-03	
7334	6.947865e-02	1.249913e-07	-3.52467e-02	-1.60278e-03	
7335	6.948879e-02	1.242444e-07	-3.37126e-02	-1.60237e-03	
7336	6.950025e-02	1.196176e-07	-3.19813e-02	-1.60206e-03	
7337	6.951155e-02	1.159265e-07	-3.02845e-02	-1.60161e-03	
7338	6.952388e-02	1.173901e-07	-2.84449e-02	-1.60127e-03	
7339	6.953584e-02	1.230746e-07	-2.66764e-02	-1.60081e-03	
7340	6.954758e-02	1.273501e-07	-2.49538e-02	-1.60050e-03	
7341	6.955928e-02	1.262983e-07	-2.32544e-02	-1.60005e-03	
7342	6.957102e-02	1.213762e-07	-2.15698e-02	-1.59973e-03	
7343	6.958254e-02	1.180062e-07	-1.99387e-02	-1.59929e-03	
7344	6.959339e-02	1.196191e-07	-1.84230e-02	-1.59898e-03	
7345	6.960496e-02	1.250921e-07	-1.68360e-02	-1.59847e-03	
7346	6.961629e-02	1.293008e-07	-1.53173e-02	-1.59794e-03	
7347	6.962888e-02	1.282157e-07	-1.36544e-02	-1.59697e-03	
7348	6.963421e-02	1.258943e-07	-1.29482e-02	-1.59665e-03	
7349	6.963915e-02	1.233693e-07	-1.23131e-02	-1.59623e-03	
7350	6.964857e-02	1.197565e-07	-1.11220e-02	-1.59563e-03	
7351	6.966066e-02	1.200191e-07	-9.65123e-03	-1.59473e-03	
7352	6.966870e-02	1.232599e-07	-8.71227e-03	-1.59427e-03	
7353	6.967849e-02	1.277300e-07	-7.61893e-03	-1.59358e-03	
7354	6.969123e-02	1.293773e-07	-6.28451e-03	-1.59289e-03	
7355	6.969991e-02	1.267173e-07	-5.44414e-03	-1.59234e-03	
7356	6.971101e-02	1.215255e-07	-4.45665e-03	-1.59183e-03	
7357	6.972194e-02	1.188076e-07	-3.59434e-03	-1.59125e-03	
7358	6.973088e-02	1.202929e-07	-2.97231e-03	-1.59093e-03	
7359	6.974317e-02	1.255489e-07	-2.24794e-03	-1.59041e-03	
7360	6.975426e-02	1.288833e-07	-1.71981e-03	-1.59014e-03	
7361	6.976455e-02	1.276267e-07	-1.33279e-03	-1.58981e-03	
7362	6.977609e-02	1.225455e-07	-9.98938e-04	-1.58964e-03	

Index   time            l1#branch       v1#branch       v2#branch       
--------------------------------------------------------------------------------
7363	6.978737e-02	1.185271e-07	-7.60243e-04	-1.58941e-03	
7364	6.979952e-02	1.195261e-07	-5.74802e-04	-1.58935e-03	
7365	6.981148e-02	1.246639e-07	-4.48425e-04	-1.58923e-03	
7366	6.982323e-02	1.284257e-07	-3.59400e-04	-1.58928e-03	
7367	6.983485e-02	1.270025e-07	-2.97569e-04	-1.58923e-03	
7368	6.984661e-02	1.217978e-07	-2.50059e-04	-1.58933e-03	
7369	6.985814e-02	1.181429e-07	-2.15935e-04	-1.58933e-03	
7370	6.986903e-02	1.194254e-07	-1.88664e-04	-1.58947e-03	
7371	6.988065e-02	1.245053e-07	-1.65868e-04	-1.58949e-03	
7372	6.989204e-02	1.282993e-07	-1.44984e-04	-1.58967e-03	
7373	6.990354e-02	1.271254e-07	-1.27555e-04	-1.58974e-03	
7374	6.991532e-02	1.220011e-07	-1.09430e-04	-1.59000e-03	
7375	6.992687e-02	1.181989e-07	-9.41211e-05	-1.59017e-03	
7376	6.993850e-02	1.194907e-07	-7.76920e-05	-1.59058e-03	
7377	6.995029e-02	1.246741e-07	-6.29883e-05	-1.59100e-03	
7378	6.996186e-02	1.284114e-07	-4.72502e-05	-1.59184e-03	
7379	6.997309e-02	1.271344e-07	-3.36652e-05	-1.59297e-03	
7380	6.998479e-02	1.220483e-07	-1.80591e-05	-1.59551e-03	
7381	6.999625e-02	1.183504e-07	-4.30675e-06	-1.59982e-03	
7382	7.000749e-02	1.195977e-07	1.061494e-05	-1.60791e-03	
7383	7.001920e-02	1.246758e-07	2.472677e-05	-1.61861e-03	
7384	7.003066e-02	1.283894e-07	3.988861e-05	-1.63156e-03	
7385	7.004207e-02	1.271126e-07	5.359101e-05	-1.64423e-03	
7386	7.005387e-02	1.219383e-07	6.913580e-05	-1.65873e-03	
7387	7.006545e-02	1.181761e-07	8.302056e-05	-1.67214e-03	
7388	7.007682e-02	1.194665e-07	9.799399e-05	-1.68646e-03	
7389	7.008864e-02	1.246329e-07	1.121631e-04	-1.70035e-03	
7390	7.010022e-02	1.283458e-07	1.274223e-04	-1.71510e-03	
7391	7.011143e-02	1.270377e-07	1.408108e-04	-1.72833e-03	
7392	7.012322e-02	1.218768e-07	1.563235e-04	-1.74340e-03	
7393	7.013477e-02	1.181413e-07	1.701151e-04	-1.75707e-03	
7394	7.014602e-02	1.194178e-07	1.849586e-04	-1.77153e-03	
7395	7.015783e-02	1.245736e-07	1.990517e-04	-1.78553e-03	
7396	7.016940e-02	1.283165e-07	2.143068e-04	-1.80042e-03	
7397	7.018071e-02	1.270265e-07	2.277724e-04	-1.81382e-03	
7398	7.019252e-02	1.218583e-07	2.433375e-04	-1.82904e-03	
7399	7.020411e-02	1.181257e-07	2.571165e-04	-1.84276e-03	
7400	7.021536e-02	1.194227e-07	2.719801e-04	-1.85731e-03	
7401	7.022717e-02	1.245842e-07	2.860175e-04	-1.87129e-03	
7402	7.023873e-02	1.283141e-07	3.012798e-04	-1.88624e-03	
7403	7.024998e-02	1.270249e-07	3.146141e-04	-1.89954e-03	
7404	7.026178e-02	1.218655e-07	3.301644e-04	-1.91478e-03	
7405	7.027335e-02	1.181258e-07	3.438713e-04	-1.92845e-03	
7406	7.028463e-02	1.194115e-07	3.587689e-04	-1.94305e-03	
7407	7.029643e-02	1.245723e-07	3.727596e-04	-1.95701e-03	
7408	7.030801e-02	1.283089e-07	3.880263e-04	-1.97198e-03	
7409	7.031929e-02	1.270174e-07	4.013467e-04	-1.98528e-03	
7410	7.033109e-02	1.218563e-07	4.168915e-04	-2.00053e-03	
7411	7.034265e-02	1.181212e-07	4.305494e-04	-2.01417e-03	
7412	7.035392e-02	1.194094e-07	4.454156e-04	-2.02875e-03	
7413	7.036572e-02	1.245668e-07	4.593408e-04	-2.04265e-03	
7414	7.037728e-02	1.283049e-07	4.745808e-04	-2.05761e-03	
7415	7.038856e-02	1.270197e-07	4.878530e-04	-2.07086e-03	
7416	7.040036e-02	1.218622e-07	5.033726e-04	-2.08610e-03	
7417	7.041192e-02	1.181221e-07	5.169722e-04	-2.09968e-03	
7418	7.042321e-02	1.194076e-07	5.318446e-04	-2.11428e-03	
7419	7.043500e-02	1.245643e-07	5.457126e-04	-2.12813e-03	
7420	7.044656e-02	1.283033e-07	5.609257e-04	-2.14307e-03	

Index   time            l1#branch       v1#branch       v2#branch       
--------------------------------------------------------------------------------
7421	7.045785e-02	1.270182e-07	5.741499e-04	-2.15628e-03	
7422	7.046964e-02	1.218632e-07	5.896309e-04	-2.17149e-03	
7423	7.048120e-02	1.181224e-07	6.031669e-04	-2.18501e-03	
7424	7.049249e-02	1.194046e-07	6.180117e-04	-2.19959e-03	
7425	7.050428e-02	1.245579e-07	6.318129e-04	-2.21337e-03	
7426	7.051583e-02	1.283004e-07	6.469823e-04	-2.22828e-03	
7427	7.052713e-02	1.270191e-07	6.601672e-04	-2.24145e-03	
7428	7.053892e-02	1.218666e-07	6.756020e-04	-2.25662e-03	
7429	7.055047e-02	1.181233e-07	6.890735e-04	-2.27008e-03	
7430	7.056178e-02	1.194036e-07	7.038915e-04	-2.28463e-03	
7431	7.057356e-02	1.245545e-07	7.176230e-04	-2.29835e-03	
7432	7.058511e-02	1.282987e-07	7.327406e-04	-2.31320e-03	
7433	7.059642e-02	1.270201e-07	7.458736e-04	-2.32633e-03	
7434	7.060819e-02	1.218709e-07	7.612500e-04	-2.34144e-03	
7435	7.061974e-02	1.181250e-07	7.746498e-04	-2.35483e-03	
7436	7.063106e-02	1.194018e-07	7.894321e-04	-2.36935e-03	
7437	7.064283e-02	1.245497e-07	8.030889e-04	-2.38300e-03	
7438	7.065438e-02	1.282967e-07	8.181456e-04	-2.39780e-03	
7439	7.066570e-02	1.270211e-07	8.312283e-04	-2.41087e-03	
7440	7.067747e-02	1.218747e-07	8.465387e-04	-2.42592e-03	
7441	7.068901e-02	1.181266e-07	8.598626e-04	-2.43924e-03	
7442	7.070034e-02	1.194006e-07	8.745998e-04	-2.45372e-03	
7443	7.071211e-02	1.245453e-07	8.881757e-04	-2.46729e-03	
7444	7.072365e-02	1.282949e-07	9.031626e-04	-2.48202e-03	
7445	7.073498e-02	1.270226e-07	9.161881e-04	-2.49504e-03	
7446	7.074675e-02	1.218794e-07	9.314236e-04	-2.51002e-03	
7447	7.075828e-02	1.181286e-07	9.446658e-04	-2.52325e-03	
7448	7.076962e-02	1.193993e-07	9.593522e-04	-2.53768e-03	
7449	7.078138e-02	1.245410e-07	9.728421e-04	-2.55117e-03	
7450	7.079292e-02	1.282931e-07	9.877517e-04	-2.56582e-03	
7451	7.080426e-02	1.270240e-07	1.000715e-03	-2.57878e-03	
7452	7.081602e-02	1.218840e-07	1.015868e-03	-2.59368e-03	
7453	7.082755e-02	1.181306e-07	1.029023e-03	-2.60683e-03	
7454	7.083891e-02	1.193981e-07	1.043650e-03	-2.62120e-03	
7455	7.085066e-02	1.245365e-07	1.057047e-03	-2.63460e-03	
7456	7.086219e-02	1.282914e-07	1.071872e-03	-2.64917e-03	
7457	7.087355e-02	1.270256e-07	1.084768e-03	-2.66206e-03	
7458	7.088530e-02	1.218889e-07	1.099830e-03	-2.67687e-03	
7459	7.089682e-02	1.181327e-07	1.112892e-03	-2.68993e-03	
7460	7.090819e-02	1.193970e-07	1.127453e-03	-2.70424e-03	
7461	7.091993e-02	1.245322e-07	1.140752e-03	-2.71754e-03	
7462	7.093146e-02	1.282897e-07	1.155485e-03	-2.73202e-03	
7463	7.094283e-02	1.270272e-07	1.168307e-03	-2.74484e-03	
7464	7.095457e-02	1.218937e-07	1.183272e-03	-2.75955e-03	
7465	7.096609e-02	1.181350e-07	1.196234e-03	-2.77252e-03	
7466	7.097747e-02	1.193959e-07	1.210722e-03	-2.78675e-03	
7467	7.098921e-02	1.245278e-07	1.223917e-03	-2.79995e-03	
7468	7.100073e-02	1.282880e-07	1.238550e-03	-2.81433e-03	
7469	7.101211e-02	1.270289e-07	1.251293e-03	-2.82708e-03	
7470	7.102385e-02	1.218987e-07	1.266153e-03	-2.84168e-03	
7471	7.103536e-02	1.181373e-07	1.279010e-03	-2.85454e-03	
7472	7.104675e-02	1.193948e-07	1.293418e-03	-2.86870e-03	
7473	7.105848e-02	1.245235e-07	1.306502e-03	-2.88179e-03	
7474	7.106999e-02	1.282864e-07	1.321029e-03	-2.89606e-03	
7475	7.108139e-02	1.270306e-07	1.333686e-03	-2.90873e-03	
7476	7.109312e-02	1.219036e-07	1.348435e-03	-2.92322e-03	
7477	7.110463e-02	1.181396e-07	1.361180e-03	-2.93598e-03	
7478	7.111603e-02	1.193938e-07	1.375501e-03	-2.95005e-03	

Index   time            l1#branch       v1#branch       v2#branch       
--------------------------------------------------------------------------------
7479	7.112776e-02	1.245193e-07	1.388469e-03	-2.96302e-03	
7480	7.113926e-02	1.282848e-07	1.402883e-03	-2.97718e-03	
7481	7.115067e-02	1.270323e-07	1.415448e-03	-2.98976e-03	
7482	7.116239e-02	1.219086e-07	1.430079e-03	-3.00414e-03	
7483	7.117390e-02	1.181419e-07	1.442706e-03	-3.01677e-03	
7484	7.118531e-02	1.193928e-07	1.456933e-03	-3.03075e-03	
7485	7.119703e-02	1.245151e-07	1.469779e-03	-3.04360e-03	
7486	7.120853e-02	1.282832e-07	1.484073e-03	-3.05765e-03	
7487	7.121995e-02	1.270340e-07	1.496540e-03	-3.07013e-03	
7488	7.123167e-02	1.219136e-07	1.511045e-03	-3.08438e-03	
7489	7.124316e-02	1.181443e-07	1.523550e-03	-3.09690e-03	
7490	7.125459e-02	1.193919e-07	1.537676e-03	-3.11077e-03	
7491	7.126630e-02	1.245109e-07	1.550392e-03	-3.12350e-03	
7492	7.127780e-02	1.282816e-07	1.564561e-03	-3.13742e-03	
7493	7.128923e-02	1.270358e-07	1.576923e-03	-3.14980e-03	
7494	7.130094e-02	1.219185e-07	1.591297e-03	-3.16392e-03	
7495	7.131243e-02	1.181467e-07	1.603672e-03	-3.17631e-03	
7496	7.132387e-02	1.193910e-07	1.617690e-03	-3.19008e-03	
7497	7.133558e-02	1.245068e-07	1.630272e-03	-3.20267e-03	
7498	7.134706e-02	1.282800e-07	1.644308e-03	-3.21646e-03	
7499	7.135851e-02	1.270375e-07	1.656559e-03	-3.22873e-03	
7500	7.137021e-02	1.219234e-07	1.670796e-03	-3.24271e-03	
7501	7.138170e-02	1.181490e-07	1.683035e-03	-3.25497e-03	
7502	7.139315e-02	1.193901e-07	1.696939e-03	-3.26862e-03	
7503	7.140485e-02	1.245027e-07	1.709380e-03	-3.28108e-03	
7504	7.141633e-02	1.282784e-07	1.723278e-03	-3.29473e-03	
7505	7.142779e-02	1.270392e-07	1.735410e-03	-3.30688e-03	
7506	7.143949e-02	1.219283e-07	1.749504e-03	-3.32073e-03	
7507	7.145097e-02	1.181514e-07	1.761602e-03	-3.33284e-03	
7508	7.146243e-02	1.193892e-07	1.775384e-03	-3.34638e-03	
7509	7.147412e-02	1.244987e-07	1.787678e-03	-3.35869e-03	
7510	7.148560e-02	1.282769e-07	1.801432e-03	-3.37219e-03	
7511	7.149707e-02	1.270409e-07	1.813440e-03	-3.38422e-03	
7512	7.150876e-02	1.219331e-07	1.827384e-03	-3.39792e-03	
7513	7.152023e-02	1.181538e-07	1.839334e-03	-3.40989e-03	
7514	7.153171e-02	1.193883e-07	1.852990e-03	-3.42330e-03	
7515	7.154340e-02	1.244947e-07	1.865131e-03	-3.43546e-03	
7516	7.155487e-02	1.282754e-07	1.878735e-03	-3.44882e-03	
7517	7.156635e-02	1.270426e-07	1.890612e-03	-3.46072e-03	
7518	7.157803e-02	1.219379e-07	1.904399e-03	-3.47426e-03	
7519	7.158950e-02	1.181561e-07	1.916197e-03	-3.48608e-03	
7520	7.160099e-02	1.193875e-07	1.929718e-03	-3.49935e-03	
7521	7.161267e-02	1.244908e-07	1.941700e-03	-3.51136e-03	
7522	7.162413e-02	1.282739e-07	1.955148e-03	-3.52456e-03	
7523	7.163563e-02	1.270442e-07	1.966888e-03	-3.53633e-03	
7524	7.164731e-02	1.219426e-07	1.980513e-03	-3.54970e-03	
7525	7.165877e-02	1.181584e-07	1.992152e-03	-3.56137e-03	
7526	7.167027e-02	1.193867e-07	2.005532e-03	-3.57450e-03	
7527	7.168194e-02	1.244869e-07	2.017350e-03	-3.58634e-03	
7528	7.169340e-02	1.282724e-07	2.030636e-03	-3.59939e-03	
7529	7.170491e-02	1.270459e-07	2.042232e-03	-3.61101e-03	
7530	7.171658e-02	1.219473e-07	2.055690e-03	-3.62422e-03	
7531	7.172804e-02	1.181608e-07	2.067165e-03	-3.63573e-03	
7532	7.173955e-02	1.193859e-07	2.080398e-03	-3.64871e-03	
7533	7.175122e-02	1.244831e-07	2.092046e-03	-3.66039e-03	
7534	7.176267e-02	1.282709e-07	2.105164e-03	-3.67326e-03	
7535	7.177419e-02	1.270475e-07	2.116610e-03	-3.68474e-03	
7536	7.178585e-02	1.219519e-07	2.129895e-03	-3.69778e-03	

Index   time            l1#branch       v1#branch       v2#branch       
--------------------------------------------------------------------------------
7537	7.179730e-02	1.181630e-07	2.141200e-03	-3.70911e-03	
7538	7.180883e-02	1.193851e-07	2.154279e-03	-3.72195e-03	
7539	7.182049e-02	1.244793e-07	2.165751e-03	-3.73345e-03	
7540	7.183194e-02	1.282694e-07	2.178696e-03	-3.74615e-03	
7541	7.184347e-02	1.270491e-07	2.189986e-03	-3.75748e-03	
7542	7.185513e-02	1.219564e-07	2.203091e-03	-3.77034e-03	
7543	7.186657e-02	1.181653e-07	2.214221e-03	-3.78150e-03	
7544	7.187811e-02	1.193843e-07	2.227140e-03	-3.79417e-03	
7545	7.188976e-02	1.244757e-07	2.238431e-03	-3.80550e-03	
7546	7.190121e-02	1.282680e-07	2.251197e-03	-3.81802e-03	
7547	7.191275e-02	1.270507e-07	2.262324e-03	-3.82918e-03	
7548	7.192440e-02	1.219609e-07	2.275245e-03	-3.84186e-03	
7549	7.193584e-02	1.181675e-07	2.286194e-03	-3.85285e-03	
7550	7.194739e-02	1.193835e-07	2.298947e-03	-3.86535e-03	
7551	7.195904e-02	1.244720e-07	2.310051e-03	-3.87649e-03	
7552	7.197047e-02	1.282666e-07	2.322633e-03	-3.88883e-03	
7553	7.198203e-02	1.270522e-07	2.333592e-03	-3.89983e-03	
7554	7.199368e-02	1.219653e-07	2.346323e-03	-3.91232e-03	
7555	7.200511e-02	1.181698e-07	2.357085e-03	-3.92312e-03	
7556	7.201667e-02	1.193828e-07	2.369665e-03	-3.93546e-03	
7557	7.202831e-02	1.244684e-07	2.380578e-03	-3.94641e-03	
7558	7.203974e-02	1.282651e-07	2.392971e-03	-3.95856e-03	
7559	7.205131e-02	1.270537e-07	2.403754e-03	-3.96939e-03	
7560	7.206295e-02	1.219696e-07	2.416290e-03	-3.98168e-03	
7561	7.207438e-02	1.181719e-07	2.426861e-03	-3.99229e-03	
7562	7.208595e-02	1.193821e-07	2.439262e-03	-4.00445e-03	
7563	7.209759e-02	1.244649e-07	2.449977e-03	-4.01521e-03	
7564	7.210901e-02	1.282637e-07	2.462176e-03	-4.02716e-03	
7565	7.212059e-02	1.270552e-07	2.472778e-03	-4.03781e-03	
7566	7.213222e-02	1.219738e-07	2.485113e-03	-4.04990e-03	
7567	7.214365e-02	1.181741e-07	2.495488e-03	-4.06032e-03	
7568	7.215523e-02	1.193813e-07	2.507705e-03	-4.07230e-03	
7569	7.216686e-02	1.244615e-07	2.518218e-03	-4.08286e-03	
7570	7.217828e-02	1.282623e-07	2.530216e-03	-4.09461e-03	
7571	7.218987e-02	1.270566e-07	2.540632e-03	-4.10508e-03	
7572	7.220150e-02	1.219780e-07	2.552761e-03	-4.11697e-03	
7573	7.221292e-02	1.181762e-07	2.562935e-03	-4.12719e-03	
7574	7.222451e-02	1.193806e-07	2.574960e-03	-4.13897e-03	
7575	7.223614e-02	1.244581e-07	2.585266e-03	-4.14932e-03	
7576	7.224755e-02	1.282610e-07	2.597059e-03	-4.16088e-03	
7577	7.225915e-02	1.270581e-07	2.607282e-03	-4.17115e-03	
7578	7.227077e-02	1.219821e-07	2.619201e-03	-4.18283e-03	
7579	7.228219e-02	1.181783e-07	2.629168e-03	-4.19285e-03	
7580	7.229379e-02	1.193799e-07	2.640997e-03	-4.20444e-03	
7581	7.230541e-02	1.244547e-07	2.651090e-03	-4.21458e-03	
7582	7.231682e-02	1.282596e-07	2.662674e-03	-4.22592e-03	
7583	7.232843e-02	1.270595e-07	2.672698e-03	-4.23600e-03	
7584	7.234005e-02	1.219861e-07	2.684401e-03	-4.24746e-03	
7585	7.235146e-02	1.181803e-07	2.694157e-03	-4.25728e-03	
7586	7.236307e-02	1.193793e-07	2.705783e-03	-4.26866e-03	
7587	7.237469e-02	1.244514e-07	2.715659e-03	-4.27859e-03	
7588	7.238609e-02	1.282583e-07	2.727028e-03	-4.28972e-03	
7589	7.239771e-02	1.270608e-07	2.736848e-03	-4.29960e-03	
7590	7.240932e-02	1.219900e-07	2.748330e-03	-4.31084e-03	
7591	7.242073e-02	1.181824e-07	2.757870e-03	-4.32044e-03	
7592	7.243235e-02	1.193786e-07	2.769289e-03	-4.33162e-03	
7593	7.244396e-02	1.244482e-07	2.778942e-03	-4.34133e-03	
7594	7.245536e-02	1.282569e-07	2.790092e-03	-4.35224e-03	

Index   time            l1#branch       v1#branch       v2#branch       
--------------------------------------------------------------------------------
7595	7.246700e-02	1.270621e-07	2.799703e-03	-4.36191e-03	
7596	7.247860e-02	1.219939e-07	2.810959e-03	-4.37293e-03	
7597	7.249000e-02	1.181843e-07	2.820278e-03	-4.38231e-03	
7598	7.250164e-02	1.193779e-07	2.831484e-03	-4.39328e-03	
7599	7.251324e-02	1.244450e-07	2.840910e-03	-4.40276e-03	
7600	7.252463e-02	1.282556e-07	2.851836e-03	-4.41345e-03	
7601	7.253628e-02	1.270634e-07	2.861232e-03	-4.42291e-03	
7602	7.254787e-02	1.219977e-07	2.872258e-03	-4.43370e-03	
7603	7.255927e-02	1.181863e-07	2.881352e-03	-4.44286e-03	
7604	7.257092e-02	1.193773e-07	2.892338e-03	-4.45360e-03	
7605	7.258251e-02	1.244419e-07	2.901533e-03	-4.46286e-03	
7606	7.259391e-02	1.282543e-07	2.912231e-03	-4.47333e-03	
7607	7.260556e-02	1.270647e-07	2.921405e-03	-4.48257e-03	
7608	7.261715e-02	1.220014e-07	2.932197e-03	-4.49312e-03	
7609	7.262854e-02	1.181882e-07	2.941061e-03	-4.50205e-03	
7610	7.264020e-02	1.193766e-07	2.951823e-03	-4.51258e-03	
7611	7.265179e-02	1.244388e-07	2.960783e-03	-4.52160e-03	
7612	7.266318e-02	1.282530e-07	2.971247e-03	-4.53183e-03	
7613	7.267484e-02	1.270659e-07	2.980196e-03	-4.54085e-03	
7614	7.268643e-02	1.220050e-07	2.990748e-03	-4.55117e-03	
7615	7.269781e-02	1.181901e-07	2.999379e-03	-4.55987e-03	
7616	7.270948e-02	1.193760e-07	3.009911e-03	-4.57016e-03	
7617	7.272107e-02	1.244358e-07	3.018630e-03	-4.57895e-03	
7618	7.273245e-02	1.282517e-07	3.028858e-03	-4.58895e-03	
7619	7.274412e-02	1.270671e-07	3.037575e-03	-4.59774e-03	
7620	7.275570e-02	1.220086e-07	3.047884e-03	-4.60781e-03	
7621	7.276709e-02	1.181919e-07	3.056276e-03	-4.61628e-03	
7622	7.277876e-02	1.193754e-07	3.066574e-03	-4.62634e-03	
7623	7.279034e-02	1.244329e-07	3.075049e-03	-4.63489e-03	
7624	7.280172e-02	1.282505e-07	3.085035e-03	-4.64464e-03	
7625	7.281340e-02	1.270683e-07	3.093516e-03	-4.65320e-03	
7626	7.282498e-02	1.220121e-07	3.103578e-03	-4.66303e-03	
7627	7.283636e-02	1.181937e-07	3.111727e-03	-4.67125e-03	
7628	7.284804e-02	1.193748e-07	3.121785e-03	-4.68107e-03	
7629	7.285962e-02	1.244300e-07	3.130012e-03	-4.68938e-03	
7630	7.287100e-02	1.282492e-07	3.139752e-03	-4.69889e-03	
7631	7.288269e-02	1.270695e-07	3.147992e-03	-4.70720e-03	
7632	7.289426e-02	1.220155e-07	3.157802e-03	-4.71678e-03	
7633	7.290563e-02	1.181955e-07	3.165705e-03	-4.72476e-03	
7634	7.291733e-02	1.193742e-07	3.175518e-03	-4.73434e-03	
7635	7.292890e-02	1.244271e-07	3.183492e-03	-4.74240e-03	
7636	7.294027e-02	1.282480e-07	3.192983e-03	-4.75166e-03	
7637	7.295197e-02	1.270706e-07	3.200977e-03	-4.75973e-03	
7638	7.296354e-02	1.220188e-07	3.210531e-03	-4.76906e-03	
7639	7.297491e-02	1.181972e-07	3.218185e-03	-4.77679e-03	
7640	7.298661e-02	1.193736e-07	3.227748e-03	-4.78613e-03	
7641	7.299818e-02	1.244243e-07	3.235466e-03	-4.79393e-03	
7642	7.300954e-02	1.282468e-07	3.244703e-03	-4.80294e-03	
7643	7.302125e-02	1.270716e-07	3.252447e-03	-4.81076e-03	
7644	7.303281e-02	1.220220e-07	3.261741e-03	-4.81983e-03	
7645	7.304418e-02	1.181989e-07	3.269140e-03	-4.82731e-03	
7646	7.305589e-02	1.193730e-07	3.278450e-03	-4.83639e-03	
7647	7.306745e-02	1.244216e-07	3.285907e-03	-4.84393e-03	
7648	7.307882e-02	1.282456e-07	3.294887e-03	-4.85269e-03	
7649	7.309053e-02	1.270727e-07	3.302376e-03	-4.86026e-03	
7650	7.310209e-02	1.220252e-07	3.311407e-03	-4.86907e-03	
7651	7.311345e-02	1.182005e-07	3.318549e-03	-4.87630e-03	
7652	7.312518e-02	1.193724e-07	3.327599e-03	-4.88512e-03	

Index   time            l1#branch       v1#branch       v2#branch       
--------------------------------------------------------------------------------
7653	7.313673e-02	1.244189e-07	3.334793e-03	-4.89240e-03	
7654	7.314809e-02	1.282444e-07	3.343512e-03	-4.90090e-03	
7655	7.315982e-02	1.270737e-07	3.350741e-03	-4.90821e-03	
7656	7.317137e-02	1.220283e-07	3.359506e-03	-4.91675e-03	
7657	7.318273e-02	1.182021e-07	3.366386e-03	-4.92372e-03	
7658	7.319446e-02	1.193718e-07	3.375173e-03	-4.93228e-03	
7659	7.320601e-02	1.244162e-07	3.382099e-03	-4.93930e-03	
7660	7.321737e-02	1.282432e-07	3.390555e-03	-4.94753e-03	
7661	7.322910e-02	1.270746e-07	3.397519e-03	-4.95459e-03	
7662	7.324065e-02	1.220313e-07	3.406014e-03	-4.96286e-03	
7663	7.325200e-02	1.182037e-07	3.412629e-03	-4.96957e-03	
7664	7.326374e-02	1.193712e-07	3.421149e-03	-4.97787e-03	
7665	7.327529e-02	1.244136e-07	3.427805e-03	-4.98462e-03	
7666	7.328664e-02	1.282420e-07	3.435992e-03	-4.99258e-03	
7667	7.329838e-02	1.270756e-07	3.442689e-03	-4.99937e-03	
7668	7.330993e-02	1.220342e-07	3.450909e-03	-5.00737e-03	
7669	7.332128e-02	1.182052e-07	3.457257e-03	-5.01382e-03	
7670	7.333303e-02	1.193707e-07	3.465505e-03	-5.02184e-03	
7671	7.334457e-02	1.244111e-07	3.471887e-03	-5.02832e-03	
7672	7.335592e-02	1.282409e-07	3.479803e-03	-5.03602e-03	
7673	7.336767e-02	1.270765e-07	3.486228e-03	-5.04254e-03	
7674	7.337921e-02	1.220371e-07	3.494171e-03	-5.05026e-03	
7675	7.339056e-02	1.182067e-07	3.500248e-03	-5.05644e-03	
7676	7.340231e-02	1.193701e-07	3.508221e-03	-5.06419e-03	
7677	7.341385e-02	1.244086e-07	3.514325e-03	-5.07040e-03	
7678	7.342520e-02	1.282397e-07	3.521968e-03	-5.07782e-03	
7679	7.343695e-02	1.270774e-07	3.528116e-03	-5.08407e-03	
7680	7.344849e-02	1.220399e-07	3.535779e-03	-5.09151e-03	
7681	7.345983e-02	1.182081e-07	3.541581e-03	-5.09742e-03	
7682	7.347159e-02	1.193695e-07	3.549275e-03	-5.10489e-03	
7683	7.348313e-02	1.244061e-07	3.555099e-03	-5.11082e-03	
7684	7.349447e-02	1.282386e-07	3.562464e-03	-5.11797e-03	
7685	7.350624e-02	1.270782e-07	3.568333e-03	-5.12394e-03	
7686	7.351777e-02	1.220426e-07	3.575713e-03	-5.13110e-03	
7687	7.352911e-02	1.182095e-07	3.581238e-03	-5.13674e-03	
7688	7.354088e-02	1.193690e-07	3.588649e-03	-5.14393e-03	
7689	7.355241e-02	1.244037e-07	3.594189e-03	-5.14958e-03	
7690	7.356375e-02	1.282375e-07	3.601275e-03	-5.15645e-03	
7691	7.357552e-02	1.270790e-07	3.606860e-03	-5.16214e-03	
7692	7.358705e-02	1.220452e-07	3.613954e-03	-5.16902e-03	
7693	7.359839e-02	1.182109e-07	3.619199e-03	-5.17437e-03	
7694	7.361016e-02	1.193684e-07	3.626323e-03	-5.18128e-03	
7695	7.362169e-02	1.244013e-07	3.631578e-03	-5.18665e-03	
7696	7.363303e-02	1.282363e-07	3.638381e-03	-5.19323e-03	
7697	7.364481e-02	1.270798e-07	3.643678e-03	-5.19864e-03	
7698	7.365633e-02	1.220478e-07	3.650484e-03	-5.20523e-03	
7699	7.366767e-02	1.182122e-07	3.655447e-03	-5.21031e-03	
7700	7.367945e-02	1.193679e-07	3.662280e-03	-5.21693e-03	
7701	7.369097e-02	1.243990e-07	3.667247e-03	-5.22201e-03	
7702	7.370231e-02	1.282352e-07	3.673764e-03	-5.22831e-03	
7703	7.371409e-02	1.270805e-07	3.678771e-03	-5.23344e-03	
7704	7.372562e-02	1.220503e-07	3.685286e-03	-5.23974e-03	
7705	7.373694e-02	1.182135e-07	3.689963e-03	-5.24453e-03	
7706	7.374874e-02	1.193673e-07	3.696504e-03	-5.25086e-03	
7707	7.376026e-02	1.243967e-07	3.701179e-03	-5.25565e-03	
7708	7.377158e-02	1.282341e-07	3.707409e-03	-5.26167e-03	
7709	7.378338e-02	1.270812e-07	3.712122e-03	-5.26650e-03	
7710	7.379490e-02	1.220527e-07	3.718343e-03	-5.27251e-03	

Index   time            l1#branch       v1#branch       v2#branch       
--------------------------------------------------------------------------------
7711	7.380622e-02	1.182147e-07	3.722732e-03	-5.27702e-03	
7712	7.381802e-02	1.193668e-07	3.728976e-03	-5.28305e-03	
7713	7.382954e-02	1.243945e-07	3.733358e-03	-5.28756e-03	
7714	7.384086e-02	1.282331e-07	3.739298e-03	-5.29329e-03	
7715	7.385266e-02	1.270819e-07	3.743714e-03	-5.29783e-03	
7716	7.386418e-02	1.220550e-07	3.749640e-03	-5.30354e-03	
7717	7.387550e-02	1.182159e-07	3.753739e-03	-5.30776e-03	
7718	7.388731e-02	1.193662e-07	3.759683e-03	-5.31350e-03	
7719	7.389882e-02	1.243923e-07	3.763769e-03	-5.31771e-03	
7720	7.391014e-02	1.282320e-07	3.769416e-03	-5.32315e-03	
7721	7.392195e-02	1.270826e-07	3.773534e-03	-5.32739e-03	
7722	7.393346e-02	1.220573e-07	3.779161e-03	-5.33281e-03	
7723	7.394478e-02	1.182171e-07	3.782968e-03	-5.33674e-03	
7724	7.395659e-02	1.193657e-07	3.788610e-03	-5.34217e-03	
7725	7.396810e-02	1.243901e-07	3.792398e-03	-5.34609e-03	
7726	7.397942e-02	1.282309e-07	3.797751e-03	-5.35124e-03	
7727	7.399124e-02	1.270832e-07	3.801566e-03	-5.35518e-03	
7728	7.400275e-02	1.220595e-07	3.806892e-03	-5.36030e-03	
7729	7.401406e-02	1.182182e-07	3.810405e-03	-5.36395e-03	
7730	7.402588e-02	1.193651e-07	3.815742e-03	-5.36907e-03	
7731	7.403739e-02	1.243880e-07	3.819230e-03	-5.37270e-03	
7732	7.404870e-02	1.282299e-07	3.824287e-03	-5.37755e-03	
7733	7.406052e-02	1.270838e-07	3.827797e-03	-5.38119e-03	
7734	7.407203e-02	1.220617e-07	3.832821e-03	-5.38601e-03	
7735	7.408334e-02	1.182193e-07	3.836038e-03	-5.38936e-03	
7736	7.409517e-02	1.193646e-07	3.841068e-03	-5.39418e-03	
7737	7.410667e-02	1.243859e-07	3.844254e-03	-5.39751e-03	
7738	7.411798e-02	1.282288e-07	3.849012e-03	-5.40206e-03	
7739	7.412981e-02	1.270843e-07	3.852215e-03	-5.40540e-03	
7740	7.414131e-02	1.220637e-07	3.856935e-03	-5.40992e-03	
7741	7.415262e-02	1.182203e-07	3.859855e-03	-5.41298e-03	
7742	7.416445e-02	1.193640e-07	3.864574e-03	-5.41749e-03	
7743	7.417596e-02	1.243839e-07	3.867457e-03	-5.42051e-03	
7744	7.418727e-02	1.282278e-07	3.871915e-03	-5.42477e-03	
7745	7.419910e-02	1.270849e-07	3.874808e-03	-5.42780e-03	
7746	7.421060e-02	1.220657e-07	3.879223e-03	-5.43201e-03	
7747	7.422191e-02	1.182213e-07	3.881843e-03	-5.43478e-03	
7748	7.423374e-02	1.193635e-07	3.886251e-03	-5.43898e-03	
7749	7.424524e-02	1.243819e-07	3.888828e-03	-5.44170e-03	
7750	7.425655e-02	1.282268e-07	3.892985e-03	-5.44566e-03	
7751	7.426839e-02	1.270854e-07	3.895567e-03	-5.44838e-03	
7752	7.427988e-02	1.220676e-07	3.899674e-03	-5.45229e-03	
7753	7.429119e-02	1.182223e-07	3.901993e-03	-5.45475e-03	
7754	7.430303e-02	1.193630e-07	3.906087e-03	-5.45865e-03	
7755	7.431452e-02	1.243799e-07	3.908358e-03	-5.46106e-03	
7756	7.432583e-02	1.282258e-07	3.912212e-03	-5.46472e-03	
7757	7.433767e-02	1.270858e-07	3.914479e-03	-5.46713e-03	
7758	7.434917e-02	1.220695e-07	3.918278e-03	-5.47073e-03	
7759	7.436047e-02	1.182232e-07	3.920295e-03	-5.47290e-03	
7760	7.437232e-02	1.193624e-07	3.924073e-03	-5.47648e-03	
7761	7.438381e-02	1.243780e-07	3.926036e-03	-5.47859e-03	
7762	7.439511e-02	1.282248e-07	3.929586e-03	-5.48194e-03	
7763	7.440696e-02	1.270863e-07	3.931538e-03	-5.48405e-03	
7764	7.441845e-02	1.220713e-07	3.935027e-03	-5.48734e-03	
7765	7.442975e-02	1.182241e-07	3.936741e-03	-5.48921e-03	
7766	7.444161e-02	1.193619e-07	3.940200e-03	-5.49247e-03	
7767	7.445309e-02	1.243761e-07	3.941855e-03	-5.49428e-03	
7768	7.446440e-02	1.282238e-07	3.945099e-03	-5.49732e-03	

Index   time            l1#branch       v1#branch       v2#branch       
--------------------------------------------------------------------------------
7769	7.447625e-02	1.270867e-07	3.946734e-03	-5.49911e-03	
7770	7.448774e-02	1.220730e-07	3.949912e-03	-5.50210e-03	
7771	7.449904e-02	1.182249e-07	3.951322e-03	-5.50366e-03	
7772	7.451089e-02	1.193613e-07	3.954462e-03	-5.50661e-03	
7773	7.452238e-02	1.243743e-07	3.955806e-03	-5.50811e-03	
7774	7.453368e-02	1.282228e-07	3.958744e-03	-5.51085e-03	
7775	7.454554e-02	1.270870e-07	3.960061e-03	-5.51233e-03	
7776	7.455702e-02	1.220747e-07	3.962927e-03	-5.51500e-03	
7777	7.456832e-02	1.182258e-07	3.964031e-03	-5.51626e-03	
7778	7.458018e-02	1.193608e-07	3.966851e-03	-5.51889e-03	
7779	7.459167e-02	1.243724e-07	3.967884e-03	-5.52008e-03	
7780	7.460296e-02	1.282218e-07	3.970515e-03	-5.52252e-03	
7781	7.461483e-02	1.270874e-07	3.971511e-03	-5.52368e-03	
7782	7.462631e-02	1.220763e-07	3.974065e-03	-5.52604e-03	
7783	7.463760e-02	1.182265e-07	3.974863e-03	-5.52700e-03	
7784	7.464947e-02	1.193602e-07	3.977360e-03	-5.52931e-03	
7785	7.466095e-02	1.243707e-07	3.978083e-03	-5.53020e-03	
7786	7.467225e-02	1.282208e-07	3.980406e-03	-5.53233e-03	
7787	7.468412e-02	1.270877e-07	3.981081e-03	-5.53317e-03	
7788	7.469560e-02	1.220778e-07	3.983321e-03	-5.53522e-03	
7789	7.470689e-02	1.182273e-07	3.983812e-03	-5.53588e-03	
7790	7.471876e-02	1.193597e-07	3.985987e-03	-5.53786e-03	
7791	7.473024e-02	1.243689e-07	3.986397e-03	-5.53844e-03	
7792	7.474153e-02	1.282198e-07	3.988411e-03	-5.54026e-03	
7793	7.475341e-02	1.270880e-07	3.988764e-03	-5.54079e-03	
7794	7.476488e-02	1.220793e-07	3.990691e-03	-5.54253e-03	
7795	7.477617e-02	1.182279e-07	3.990875e-03	-5.54288e-03	
7796	7.478805e-02	1.193591e-07	3.992725e-03	-5.54454e-03	
7797	7.479953e-02	1.243672e-07	3.992823e-03	-5.54481e-03	
7798	7.481082e-02	1.282189e-07	3.994528e-03	-5.54633e-03	
7799	7.482270e-02	1.270882e-07	3.994558e-03	-5.54653e-03	
7800	7.483417e-02	1.220807e-07	3.996171e-03	-5.54796e-03	
7801	7.484546e-02	1.182286e-07	3.996047e-03	-5.54801e-03	
7802	7.485734e-02	1.193586e-07	3.997572e-03	-5.54935e-03	
7803	7.486881e-02	1.243655e-07	3.997357e-03	-5.54931e-03	
7804	7.488010e-02	1.282179e-07	3.998753e-03	-5.55052e-03	
7805	7.489199e-02	1.270885e-07	3.998460e-03	-5.55040e-03	
7806	7.490346e-02	1.220821e-07	3.999758e-03	-5.55151e-03	
7807	7.491474e-02	1.182292e-07	3.999326e-03	-5.55126e-03	
7808	7.492663e-02	1.193580e-07	4.000526e-03	-5.55227e-03	
7809	7.493810e-02	1.243638e-07	3.999998e-03	-5.55192e-03	
7810	7.494939e-02	1.282170e-07	4.001085e-03	-5.55283e-03	
7811	7.496128e-02	1.270887e-07	4.000467e-03	-5.55239e-03	
7812	7.497275e-02	1.220834e-07	4.001451e-03	-5.55319e-03	
7813	7.498403e-02	1.182298e-07	4.000711e-03	-5.55263e-03	
7814	7.499592e-02	1.193575e-07	4.001585e-03	-5.55332e-03	
7815	7.500739e-02	1.243622e-07	4.000744e-03	-5.55266e-03	
7816	7.501867e-02	1.282160e-07	4.001521e-03	-5.55326e-03	
7817	7.503057e-02	1.270888e-07	4.000579e-03	-5.55250e-03	
7818	7.504203e-02	1.220846e-07	4.001248e-03	-5.55299e-03	
7819	7.505332e-02	1.182304e-07	4.000201e-03	-5.55213e-03	
7820	7.506521e-02	1.193569e-07	4.000749e-03	-5.55249e-03	
7821	7.507668e-02	1.243606e-07	3.999595e-03	-5.55153e-03	
7822	7.508796e-02	1.282151e-07	4.000063e-03	-5.55181e-03	
7823	7.509986e-02	1.270890e-07	3.998796e-03	-5.55074e-03	
7824	7.511132e-02	1.220858e-07	3.999151e-03	-5.55091e-03	
7825	7.512260e-02	1.182309e-07	3.997796e-03	-5.54974e-03	
7826	7.513450e-02	1.193563e-07	3.998018e-03	-5.54979e-03	

Index   time            l1#branch       v1#branch       v2#branch       
--------------------------------------------------------------------------------
7827	7.514597e-02	1.243590e-07	3.996551e-03	-5.54851e-03	
7828	7.515725e-02	1.282141e-07	3.996710e-03	-5.54849e-03	
7829	7.516915e-02	1.270891e-07	3.995118e-03	-5.54709e-03	
7830	7.518061e-02	1.220869e-07	3.995159e-03	-5.54695e-03	
7831	7.519189e-02	1.182313e-07	3.993497e-03	-5.54548e-03	
7832	7.520379e-02	1.193558e-07	3.993393e-03	-5.54520e-03	
7833	7.521526e-02	1.243575e-07	3.991614e-03	-5.54361e-03	
7834	7.522653e-02	1.282132e-07	3.991464e-03	-5.54329e-03	
7835	7.523844e-02	1.270892e-07	3.989548e-03	-5.54157e-03	
7836	7.524990e-02	1.220879e-07	3.989276e-03	-5.54112e-03	
7837	7.526118e-02	1.182318e-07	3.987306e-03	-5.53935e-03	
7838	7.527308e-02	1.193552e-07	3.986876e-03	-5.53874e-03	
7839	7.528454e-02	1.243559e-07	3.984786e-03	-5.53684e-03	
7840	7.529582e-02	1.282123e-07	3.984328e-03	-5.53621e-03	
7841	7.530773e-02	1.270893e-07	3.982088e-03	-5.53417e-03	
7842	7.531919e-02	1.220889e-07	3.981503e-03	-5.53341e-03	
7843	7.533046e-02	1.182322e-07	3.979227e-03	-5.53134e-03	
7844	7.534237e-02	1.193546e-07	3.978472e-03	-5.53041e-03	
7845	7.535383e-02	1.243544e-07	3.976070e-03	-5.52820e-03	
7846	7.536511e-02	1.282114e-07	3.975305e-03	-5.52727e-03	
7847	7.537702e-02	1.270893e-07	3.972741e-03	-5.52491e-03	
7848	7.538848e-02	1.220898e-07	3.971844e-03	-5.52384e-03	
7849	7.539975e-02	1.182325e-07	3.969263e-03	-5.52146e-03	
7850	7.541167e-02	1.193541e-07	3.968182e-03	-5.52020e-03	
7851	7.542312e-02	1.243530e-07	3.965470e-03	-5.51770e-03	
7852	7.543440e-02	1.282105e-07	3.964399e-03	-5.51645e-03	
7853	7.544631e-02	1.270893e-07	3.961512e-03	-5.51377e-03	
7854	7.545777e-02	1.220907e-07	3.960303e-03	-5.51239e-03	
7855	7.546904e-02	1.182329e-07	3.957418e-03	-5.50971e-03	
7856	7.548096e-02	1.193535e-07	3.956013e-03	-5.50814e-03	
7857	7.549241e-02	1.243515e-07	3.952992e-03	-5.50532e-03	
7858	7.550369e-02	1.282096e-07	3.951615e-03	-5.50378e-03	
7859	7.551560e-02	1.270893e-07	3.948406e-03	-5.50078e-03	
7860	7.552706e-02	1.220916e-07	3.946887e-03	-5.49909e-03	
7861	7.553833e-02	1.182332e-07	3.943698e-03	-5.49611e-03	
7862	7.555025e-02	1.193529e-07	3.941971e-03	-5.49422e-03	
7863	7.556170e-02	1.243501e-07	3.938641e-03	-5.49110e-03	
7864	7.557297e-02	1.282087e-07	3.936960e-03	-5.48925e-03	
7865	7.558490e-02	1.270892e-07	3.933430e-03	-5.48593e-03	
7866	7.559635e-02	1.220923e-07	3.931602e-03	-5.48394e-03	
7867	7.560762e-02	1.182334e-07	3.928111e-03	-5.48066e-03	
7868	7.561954e-02	1.193523e-07	3.926061e-03	-5.47844e-03	
7869	7.563099e-02	1.243487e-07	3.922425e-03	-5.47502e-03	
7870	7.564226e-02	1.282078e-07	3.920440e-03	-5.47287e-03	
7871	7.565419e-02	1.270892e-07	3.916590e-03	-5.46924e-03	
7872	7.566564e-02	1.220931e-07	3.914454e-03	-5.46694e-03	
7873	7.567691e-02	1.182337e-07	3.910662e-03	-5.46336e-03	
7874	7.568883e-02	1.193517e-07	3.908291e-03	-5.46082e-03	
7875	7.570029e-02	1.243473e-07	3.904350e-03	-5.45710e-03	
7876	7.571155e-02	1.282069e-07	3.902063e-03	-5.45465e-03	
7877	7.572348e-02	1.270891e-07	3.897894e-03	-5.45070e-03	
7878	7.573493e-02	1.220937e-07	3.895453e-03	-5.44810e-03	
7879	7.574620e-02	1.182339e-07	3.891361e-03	-5.44422e-03	
7880	7.575813e-02	1.193511e-07	3.888670e-03	-5.44137e-03	
7881	7.576958e-02	1.243460e-07	3.884425e-03	-5.43735e-03	
7882	7.578084e-02	1.282060e-07	3.881838e-03	-5.43460e-03	
7883	7.579277e-02	1.270890e-07	3.877351e-03	-5.43033e-03	
7884	7.580422e-02	1.220943e-07	3.874606e-03	-5.42743e-03	

Index   time            l1#branch       v1#branch       v2#branch       
--------------------------------------------------------------------------------
7885	7.581549e-02	1.182340e-07	3.870216e-03	-5.42326e-03	
7886	7.582742e-02	1.193505e-07	3.867207e-03	-5.42009e-03	
7887	7.583887e-02	1.243447e-07	3.862660e-03	-5.41577e-03	
7888	7.585013e-02	1.282051e-07	3.859775e-03	-5.41272e-03	
7889	7.586207e-02	1.270888e-07	3.854972e-03	-5.40815e-03	
7890	7.587351e-02	1.220949e-07	3.851923e-03	-5.40494e-03	
7891	7.588478e-02	1.182342e-07	3.847238e-03	-5.40048e-03	
7892	7.589671e-02	1.193499e-07	3.843912e-03	-5.39699e-03	
7893	7.590816e-02	1.243434e-07	3.839065e-03	-5.39237e-03	
7894	7.591942e-02	1.282042e-07	3.835883e-03	-5.38903e-03	
7895	7.593136e-02	1.270886e-07	3.830766e-03	-5.38415e-03	
7896	7.594281e-02	1.220954e-07	3.827417e-03	-5.38064e-03	
7897	7.595407e-02	1.182343e-07	3.822437e-03	-5.37589e-03	
7898	7.596601e-02	1.193493e-07	3.818797e-03	-5.37209e-03	
7899	7.597745e-02	1.243421e-07	3.813651e-03	-5.36718e-03	
7900	7.598871e-02	1.282033e-07	3.810174e-03	-5.36354e-03	
7901	7.600065e-02	1.270885e-07	3.804745e-03	-5.35835e-03	
7902	7.601210e-02	1.220959e-07	3.801097e-03	-5.35455e-03	
7903	7.602336e-02	1.182343e-07	3.795825e-03	-5.34951e-03	
7904	7.603530e-02	1.193487e-07	3.791872e-03	-5.34540e-03	
7905	7.604674e-02	1.243408e-07	3.786430e-03	-5.34019e-03	
7906	7.605800e-02	1.282025e-07	3.782661e-03	-5.33627e-03	
7907	7.606995e-02	1.270882e-07	3.776922e-03	-5.33076e-03	
7908	7.608139e-02	1.220963e-07	3.772977e-03	-5.32667e-03	
7909	7.609265e-02	1.182344e-07	3.767414e-03	-5.32134e-03	
7910	7.610459e-02	1.193481e-07	3.763151e-03	-5.31692e-03	
7911	7.611604e-02	1.243396e-07	3.757415e-03	-5.31142e-03	
7912	7.612729e-02	1.282016e-07	3.753355e-03	-5.30721e-03	
7913	7.613924e-02	1.270880e-07	3.747309e-03	-5.30141e-03	
7914	7.615068e-02	1.220967e-07	3.743069e-03	-5.29701e-03	
7915	7.616194e-02	1.182344e-07	3.737219e-03	-5.29140e-03	
7916	7.617389e-02	1.193475e-07	3.732648e-03	-5.28668e-03	
7917	7.618533e-02	1.243384e-07	3.726620e-03	-5.28089e-03	
7918	7.619659e-02	1.282007e-07	3.722272e-03	-5.27639e-03	
7919	7.620853e-02	1.270877e-07	3.715920e-03	-5.27029e-03	
7920	7.621997e-02	1.220970e-07	3.711389e-03	-5.26560e-03	
7921	7.623123e-02	1.182343e-07	3.705253e-03	-5.25971e-03	
7922	7.624318e-02	1.193469e-07	3.700377e-03	-5.25468e-03	
7923	7.625462e-02	1.243372e-07	3.694059e-03	-5.24861e-03	
7924	7.626588e-02	1.281999e-07	3.689426e-03	-5.24383e-03	
7925	7.627783e-02	1.270874e-07	3.682771e-03	-5.23742e-03	
7926	7.628927e-02	1.220972e-07	3.677950e-03	-5.23245e-03	
7927	7.630052e-02	1.182343e-07	3.671532e-03	-5.22628e-03	
7928	7.631247e-02	1.193462e-07	3.666352e-03	-5.22095e-03	
7929	7.632391e-02	1.243360e-07	3.659749e-03	-5.21459e-03	
7930	7.633517e-02	1.281990e-07	3.654832e-03	-5.20953e-03	
7931	7.634712e-02	1.270871e-07	3.647877e-03	-5.20283e-03	
7932	7.635856e-02	1.220975e-07	3.642770e-03	-5.19757e-03	
7933	7.636982e-02	1.182342e-07	3.636071e-03	-5.19112e-03	
7934	7.638177e-02	1.193456e-07	3.630591e-03	-5.18549e-03	
7935	7.639321e-02	1.243349e-07	3.623704e-03	-5.17886e-03	
7936	7.640446e-02	1.281981e-07	3.618507e-03	-5.17351e-03	
7937	7.641642e-02	1.270868e-07	3.611255e-03	-5.16652e-03	
7938	7.642785e-02	1.220976e-07	3.605863e-03	-5.16098e-03	
7939	7.643911e-02	1.182341e-07	3.598887e-03	-5.15426e-03	
7940	7.645106e-02	1.193450e-07	3.593110e-03	-5.14833e-03	
7941	7.646250e-02	1.243337e-07	3.585942e-03	-5.14142e-03	
7942	7.647375e-02	1.281973e-07	3.580468e-03	-5.13580e-03	

Index   time            l1#branch       v1#branch       v2#branch       
--------------------------------------------------------------------------------
7943	7.648571e-02	1.270864e-07	3.572922e-03	-5.12851e-03	
7944	7.649715e-02	1.220978e-07	3.567249e-03	-5.12270e-03	
7945	7.650840e-02	1.182339e-07	3.559999e-03	-5.11570e-03	
7946	7.652036e-02	1.193443e-07	3.553927e-03	-5.10949e-03	
7947	7.653179e-02	1.243326e-07	3.546482e-03	-5.10230e-03	
7948	7.654305e-02	1.281964e-07	3.540732e-03	-5.09641e-03	
7949	7.655500e-02	1.270861e-07	3.532895e-03	-5.08883e-03	
7950	7.656644e-02	1.220979e-07	3.526945e-03	-5.08274e-03	
7951	7.657769e-02	1.182337e-07	3.519423e-03	-5.07547e-03	
7952	7.658965e-02	1.193437e-07	3.513061e-03	-5.06897e-03	
7953	7.660109e-02	1.243315e-07	3.505341e-03	-5.06151e-03	
7954	7.661234e-02	1.281956e-07	3.499320e-03	-5.05535e-03	
7955	7.662430e-02	1.270857e-07	3.491195e-03	-5.04749e-03	
7956	7.663573e-02	1.220979e-07	3.484970e-03	-5.04112e-03	
7957	7.664699e-02	1.182335e-07	3.477180e-03	-5.03359e-03	
7958	7.665895e-02	1.193430e-07	3.470531e-03	-5.02680e-03	
7959	7.667038e-02	1.243304e-07	3.462539e-03	-5.01908e-03	
7960	7.668163e-02	1.281947e-07	3.456250e-03	-5.01265e-03	
7961	7.669359e-02	1.270853e-07	3.447841e-03	-5.00451e-03	
7962	7.670503e-02	1.220979e-07	3.441345e-03	-4.99787e-03	
7963	7.671628e-02	1.182333e-07	3.433290e-03	-4.99008e-03	
7964	7.672824e-02	1.193424e-07	3.426356e-03	-4.98301e-03	
7965	7.673967e-02	1.243294e-07	3.418096e-03	-4.97501e-03	
7966	7.675092e-02	1.281939e-07	3.411543e-03	-4.96832e-03	
7967	7.676289e-02	1.270848e-07	3.402853e-03	-4.95990e-03	
7968	7.677432e-02	1.220979e-07	3.396089e-03	-4.95300e-03	
7969	7.678557e-02	1.182330e-07	3.387773e-03	-4.94495e-03	
7970	7.679753e-02	1.193417e-07	3.380559e-03	-4.93760e-03	
7971	7.680897e-02	1.243283e-07	3.372034e-03	-4.92935e-03	
7972	7.682022e-02	1.281930e-07	3.365220e-03	-4.92240e-03	
7973	7.683218e-02	1.270843e-07	3.356253e-03	-4.91370e-03	
7974	7.684361e-02	1.220978e-07	3.349225e-03	-4.90654e-03	
7975	7.685486e-02	1.182327e-07	3.340651e-03	-4.89824e-03	
7976	7.686683e-02	1.193411e-07	3.333160e-03	-4.89061e-03	
7977	7.687826e-02	1.243273e-07	3.324375e-03	-4.88210e-03	
7978	7.688951e-02	1.281922e-07	3.317302e-03	-4.87489e-03	
7979	7.690148e-02	1.270839e-07	3.308063e-03	-4.86593e-03	
7980	7.691291e-02	1.220976e-07	3.300774e-03	-4.85850e-03	
7981	7.692416e-02	1.182324e-07	3.291946e-03	-4.84995e-03	
7982	7.693612e-02	1.193404e-07	3.284182e-03	-4.84205e-03	
7983	7.694756e-02	1.243263e-07	3.275140e-03	-4.83329e-03	
7984	7.695881e-02	1.281914e-07	3.267814e-03	-4.82583e-03	
7985	7.697077e-02	1.270834e-07	3.258305e-03	-4.81660e-03	
7986	7.698220e-02	1.220975e-07	3.250760e-03	-4.80892e-03	
7987	7.699345e-02	1.182321e-07	3.241681e-03	-4.80012e-03	
7988	7.700542e-02	1.193397e-07	3.233649e-03	-4.79195e-03	
7989	7.701685e-02	1.243253e-07	3.224354e-03	-4.78294e-03	
7990	7.702810e-02	1.281905e-07	3.216777e-03	-4.77523e-03	
7991	7.704007e-02	1.270828e-07	3.207003e-03	-4.76574e-03	
7992	7.705150e-02	1.220972e-07	3.199206e-03	-4.75781e-03	
7993	7.706275e-02	1.182317e-07	3.189880e-03	-4.74876e-03	
7994	7.707471e-02	1.193391e-07	3.181583e-03	-4.74033e-03	
7995	7.708614e-02	1.243243e-07	3.172039e-03	-4.73107e-03	
7996	7.709739e-02	1.281897e-07	3.164217e-03	-4.72312e-03	
7997	7.710936e-02	1.270823e-07	3.154182e-03	-4.71337e-03	
7998	7.712079e-02	1.220970e-07	3.146136e-03	-4.70519e-03	
7999	7.713204e-02	1.182313e-07	3.136568e-03	-4.69591e-03	
8000	7.714401e-02	1.193384e-07	3.128011e-03	-4.68722e-03	

Index   time            l1#branch       v1#branch       v2#branch       
--------------------------------------------------------------------------------
8001	7.715544e-02	1.243233e-07	3.118222e-03	-4.67772e-03	
8002	7.716669e-02	1.281889e-07	3.110158e-03	-4.66952e-03	
8003	7.717866e-02	1.270817e-07	3.099867e-03	-4.65952e-03	
8004	7.719009e-02	1.220967e-07	3.091576e-03	-4.65110e-03	
8005	7.720133e-02	1.182309e-07	3.081770e-03	-4.64158e-03	
8006	7.721331e-02	1.193377e-07	3.072957e-03	-4.63264e-03	
8007	7.722473e-02	1.243224e-07	3.062928e-03	-4.62290e-03	
8008	7.723598e-02	1.281880e-07	3.054625e-03	-4.61447e-03	
8009	7.724795e-02	1.270811e-07	3.044083e-03	-4.60422e-03	
8010	7.725938e-02	1.220964e-07	3.035552e-03	-4.59556e-03	
8011	7.727063e-02	1.182304e-07	3.025512e-03	-4.58581e-03	
8012	7.728260e-02	1.193370e-07	3.016448e-03	-4.57662e-03	
8013	7.729403e-02	1.243215e-07	3.006182e-03	-4.56664e-03	
8014	7.730528e-02	1.281872e-07	2.997646e-03	-4.55798e-03	
8015	7.731725e-02	1.270805e-07	2.986856e-03	-4.54749e-03	
8016	7.732868e-02	1.220960e-07	2.978090e-03	-4.53859e-03	
8017	7.733992e-02	1.182300e-07	2.967820e-03	-4.52861e-03	
8018	7.735190e-02	1.193363e-07	2.958510e-03	-4.51918e-03	
8019	7.736332e-02	1.243205e-07	2.948012e-03	-4.50897e-03	
8020	7.737457e-02	1.281864e-07	2.939247e-03	-4.50008e-03	
8021	7.738654e-02	1.270799e-07	2.928215e-03	-4.48935e-03	
8022	7.739797e-02	1.220956e-07	2.919217e-03	-4.48023e-03	
8023	7.740922e-02	1.182294e-07	2.908722e-03	-4.47002e-03	
8024	7.742119e-02	1.193356e-07	2.899170e-03	-4.46035e-03	
8025	7.743262e-02	1.243196e-07	2.888445e-03	-4.44992e-03	
8026	7.744387e-02	1.281856e-07	2.879455e-03	-4.44081e-03	
8027	7.745584e-02	1.270793e-07	2.868186e-03	-4.42984e-03	
8028	7.746727e-02	1.220951e-07	2.858961e-03	-4.42049e-03	
8029	7.747851e-02	1.182289e-07	2.848246e-03	-4.41007e-03	
8030	7.749049e-02	1.193349e-07	2.838457e-03	-4.40016e-03	
8031	7.750192e-02	1.243187e-07	2.827509e-03	-4.38951e-03	
8032	7.751316e-02	1.281848e-07	2.818300e-03	-4.38018e-03	
8033	7.752514e-02	1.270786e-07	2.806798e-03	-4.36898e-03	
8034	7.753656e-02	1.220946e-07	2.797351e-03	-4.35941e-03	
8035	7.754781e-02	1.182284e-07	2.786420e-03	-4.34878e-03	
8036	7.755978e-02	1.193342e-07	2.776400e-03	-4.33864e-03	
8037	7.757121e-02	1.243179e-07	2.765234e-03	-4.32777e-03	
8038	7.758246e-02	1.281839e-07	2.755809e-03	-4.31823e-03	
8039	7.759443e-02	1.270779e-07	2.744080e-03	-4.30680e-03	
8040	7.760586e-02	1.220941e-07	2.734416e-03	-4.29702e-03	
8041	7.761710e-02	1.182278e-07	2.723274e-03	-4.28618e-03	
8042	7.762908e-02	1.193335e-07	2.713027e-03	-4.27581e-03	
8043	7.764051e-02	1.243170e-07	2.701649e-03	-4.26474e-03	
8044	7.765175e-02	1.281831e-07	2.692014e-03	-4.25498e-03	
8045	7.766373e-02	1.270772e-07	2.680062e-03	-4.24334e-03	
8046	7.767515e-02	1.220935e-07	2.670186e-03	-4.23334e-03	
8047	7.768640e-02	1.182272e-07	2.658838e-03	-4.22230e-03	
8048	7.769837e-02	1.193328e-07	2.648370e-03	-4.21171e-03	
8049	7.770980e-02	1.243162e-07	2.636783e-03	-4.20043e-03	
8050	7.772105e-02	1.281823e-07	2.626943e-03	-4.19047e-03	
8051	7.773302e-02	1.270765e-07	2.614775e-03	-4.17862e-03	
8052	7.774445e-02	1.220929e-07	2.604692e-03	-4.16841e-03	
8053	7.775569e-02	1.182265e-07	2.593142e-03	-4.15717e-03	
8054	7.776767e-02	1.193320e-07	2.582458e-03	-4.14637e-03	
8055	7.777910e-02	1.243154e-07	2.570669e-03	-4.13489e-03	
8056	7.779034e-02	1.281815e-07	2.560628e-03	-4.12473e-03	
8057	7.780232e-02	1.270758e-07	2.548248e-03	-4.11267e-03	
8058	7.781375e-02	1.220922e-07	2.537963e-03	-4.10226e-03	

Index   time            l1#branch       v1#branch       v2#branch       
--------------------------------------------------------------------------------
8059	7.782499e-02	1.182259e-07	2.526217e-03	-4.09083e-03	
8060	7.783697e-02	1.193313e-07	2.515323e-03	-4.07982e-03	
8061	7.784839e-02	1.243145e-07	2.503336e-03	-4.06814e-03	
8062	7.785964e-02	1.281807e-07	2.493100e-03	-4.05779e-03	
8063	7.787161e-02	1.270750e-07	2.480514e-03	-4.04552e-03	
8064	7.788304e-02	1.220915e-07	2.470033e-03	-4.03492e-03	
8065	7.789429e-02	1.182252e-07	2.458095e-03	-4.02330e-03	
8066	7.790626e-02	1.193306e-07	2.446997e-03	-4.01208e-03	
8067	7.791769e-02	1.243137e-07	2.434818e-03	-4.00022e-03	
8068	7.792893e-02	1.281799e-07	2.424391e-03	-3.98967e-03	
8069	7.794091e-02	1.270742e-07	2.411606e-03	-3.97721e-03	
8070	7.795234e-02	1.220908e-07	2.400932e-03	-3.96642e-03	
8071	7.796358e-02	1.182245e-07	2.388809e-03	-3.95461e-03	
8072	7.797556e-02	1.193298e-07	2.377512e-03	-3.94320e-03	
8073	7.798698e-02	1.243130e-07	2.365145e-03	-3.93115e-03	
8074	7.799823e-02	1.281791e-07	2.354534e-03	-3.92042e-03	
8075	7.801021e-02	1.270734e-07	2.341554e-03	-3.90777e-03	
8076	7.802163e-02	1.220900e-07	2.330695e-03	-3.89679e-03	
8077	7.803288e-02	1.182237e-07	2.318391e-03	-3.88481e-03	
8078	7.804485e-02	1.193291e-07	2.306900e-03	-3.87320e-03	
8079	7.805628e-02	1.243122e-07	2.294353e-03	-3.86098e-03	
8080	7.806753e-02	1.281782e-07	2.283561e-03	-3.85007e-03	
8081	7.807950e-02	1.270726e-07	2.270393e-03	-3.83723e-03	
8082	7.809093e-02	1.220892e-07	2.259353e-03	-3.82607e-03	
8083	7.810217e-02	1.182229e-07	2.246875e-03	-3.81391e-03	
8084	7.811415e-02	1.193284e-07	2.235197e-03	-3.80212e-03	
8085	7.812558e-02	1.243114e-07	2.222473e-03	-3.78972e-03	
8086	7.813682e-02	1.281774e-07	2.211507e-03	-3.77864e-03	
8087	7.814880e-02	1.270717e-07	2.198157e-03	-3.76562e-03	
8088	7.816022e-02	1.220884e-07	2.186942e-03	-3.75429e-03	
8089	7.817147e-02	1.182221e-07	2.174294e-03	-3.74196e-03	
8090	7.818345e-02	1.193276e-07	2.162434e-03	-3.73000e-03	
8091	7.819487e-02	1.243107e-07	2.149540e-03	-3.71743e-03	
8092	7.820612e-02	1.281766e-07	2.138406e-03	-3.70618e-03	
8093	7.821809e-02	1.270709e-07	2.124879e-03	-3.69298e-03	
8094	7.822952e-02	1.220875e-07	2.113495e-03	-3.68148e-03	
8095	7.824077e-02	1.182213e-07	2.100682e-03	-3.66900e-03	
8096	7.825274e-02	1.193268e-07	2.088648e-03	-3.65685e-03	
8097	7.826417e-02	1.243100e-07	2.075589e-03	-3.64412e-03	
8098	7.827541e-02	1.281758e-07	2.064292e-03	-3.63271e-03	
8099	7.828739e-02	1.270700e-07	2.050595e-03	-3.61935e-03	
8100	7.829882e-02	1.220865e-07	2.039047e-03	-3.60769e-03	
8101	7.831006e-02	1.182205e-07	2.026076e-03	-3.59504e-03	
8102	7.832204e-02	1.193261e-07	2.013873e-03	-3.58273e-03	
8103	7.833347e-02	1.243093e-07	2.000655e-03	-3.56984e-03	
8104	7.834471e-02	1.281750e-07	1.989200e-03	-3.55827e-03	
8105	7.835669e-02	1.270690e-07	1.975339e-03	-3.54475e-03	
8106	7.836811e-02	1.220855e-07	1.963633e-03	-3.53293e-03	
8107	7.837936e-02	1.182196e-07	1.950510e-03	-3.52014e-03	
8108	7.839133e-02	1.193253e-07	1.938144e-03	-3.50767e-03	
8109	7.840276e-02	1.243086e-07	1.924772e-03	-3.49463e-03	
8110	7.841401e-02	1.281742e-07	1.913166e-03	-3.48291e-03	
8111	7.842598e-02	1.270681e-07	1.899148e-03	-3.46923e-03	
8112	7.843741e-02	1.220845e-07	1.887289e-03	-3.45726e-03	
8113	7.844866e-02	1.182186e-07	1.874019e-03	-3.44432e-03	
8114	7.846063e-02	1.193245e-07	1.861497e-03	-3.43169e-03	
8115	7.847206e-02	1.243079e-07	1.847978e-03	-3.41851e-03	
8116	7.848330e-02	1.281734e-07	1.836226e-03	-3.40664e-03	

Index   time            l1#branch       v1#branch       v2#branch       
--------------------------------------------------------------------------------
8117	7.849528e-02	1.270671e-07	1.822057e-03	-3.39281e-03	
8118	7.850671e-02	1.220834e-07	1.810052e-03	-3.38070e-03	
8119	7.851795e-02	1.182177e-07	1.796641e-03	-3.36762e-03	
8120	7.852993e-02	1.193237e-07	1.783968e-03	-3.35484e-03	
8121	7.854135e-02	1.243072e-07	1.770309e-03	-3.34152e-03	
8122	7.855260e-02	1.281726e-07	1.758417e-03	-3.32952e-03	
8123	7.856457e-02	1.270661e-07	1.744102e-03	-3.31555e-03	
8124	7.857600e-02	1.220822e-07	1.731958e-03	-3.30329e-03	
8125	7.858725e-02	1.182167e-07	1.718412e-03	-3.29008e-03	
8126	7.859922e-02	1.193229e-07	1.705596e-03	-3.27716e-03	
8127	7.861065e-02	1.243065e-07	1.691801e-03	-3.26371e-03	
8128	7.862190e-02	1.281717e-07	1.679775e-03	-3.25157e-03	
8129	7.863387e-02	1.270651e-07	1.665322e-03	-3.23746e-03	
8130	7.864530e-02	1.220810e-07	1.653043e-03	-3.22508e-03	
8131	7.865655e-02	1.182156e-07	1.639368e-03	-3.21174e-03	
8132	7.866852e-02	1.193220e-07	1.626415e-03	-3.19868e-03	
8133	7.867995e-02	1.243059e-07	1.612491e-03	-3.18510e-03	
8134	7.869119e-02	1.281709e-07	1.600337e-03	-3.17284e-03	
8135	7.870317e-02	1.270640e-07	1.585753e-03	-3.15860e-03	
8136	7.871460e-02	1.220798e-07	1.573346e-03	-3.14609e-03	
8137	7.872584e-02	1.182145e-07	1.559548e-03	-3.13263e-03	
8138	7.873782e-02	1.193212e-07	1.546465e-03	-3.11944e-03	
8139	7.874924e-02	1.243052e-07	1.532418e-03	-3.10574e-03	
8140	7.876049e-02	1.281700e-07	1.520142e-03	-3.09335e-03	
8141	7.877246e-02	1.270629e-07	1.505433e-03	-3.07899e-03	
8142	7.878389e-02	1.220784e-07	1.492904e-03	-3.06636e-03	
8143	7.879514e-02	1.182134e-07	1.478989e-03	-3.05279e-03	
8144	7.880711e-02	1.193203e-07	1.465782e-03	-3.03948e-03	
8145	7.881854e-02	1.243046e-07	1.451619e-03	-3.02566e-03	
8146	7.882979e-02	1.281692e-07	1.439227e-03	-3.01316e-03	
8147	7.884176e-02	1.270618e-07	1.424399e-03	-2.99868e-03	
8148	7.885319e-02	1.220770e-07	1.411755e-03	-2.98593e-03	
8149	7.886444e-02	1.182122e-07	1.397730e-03	-2.97225e-03	
8150	7.887641e-02	1.193195e-07	1.384405e-03	-2.95883e-03	
8151	7.888784e-02	1.243040e-07	1.370132e-03	-2.94490e-03	
8152	7.889909e-02	1.281683e-07	1.357630e-03	-2.93229e-03	
8153	7.891106e-02	1.270605e-07	1.342692e-03	-2.91771e-03	
8154	7.892249e-02	1.220755e-07	1.329937e-03	-2.90485e-03	
8155	7.893374e-02	1.182110e-07	1.315808e-03	-2.89107e-03	
8156	7.894570e-02	1.193185e-07	1.302374e-03	-2.87753e-03	
8157	7.895713e-02	1.243034e-07	1.287996e-03	-2.86350e-03	
8158	7.896838e-02	1.281674e-07	1.275391e-03	-2.85079e-03	
8159	7.898035e-02	1.270593e-07	1.260348e-03	-2.83611e-03	
8160	7.899178e-02	1.220739e-07	1.247490e-03	-2.82314e-03	
8161	7.900303e-02	1.182096e-07	1.233263e-03	-2.80927e-03	
8162	7.901500e-02	1.193176e-07	1.219725e-03	-2.79563e-03	
8163	7.902643e-02	1.243027e-07	1.205250e-03	-2.78151e-03	
8164	7.903768e-02	1.281665e-07	1.192548e-03	-2.76870e-03	
8165	7.904965e-02	1.270580e-07	1.177408e-03	-2.75392e-03	
8166	7.906108e-02	1.220722e-07	1.164453e-03	-2.74086e-03	
8167	7.907233e-02	1.182082e-07	1.150134e-03	-2.72689e-03	
8168	7.908430e-02	1.193166e-07	1.136500e-03	-2.71316e-03	
8169	7.909573e-02	1.243021e-07	1.121934e-03	-2.69895e-03	
8170	7.910698e-02	1.281656e-07	1.109140e-03	-2.68605e-03	
8171	7.911894e-02	1.270565e-07	1.093910e-03	-2.67118e-03	
8172	7.913038e-02	1.220704e-07	1.080864e-03	-2.65803e-03	
8173	7.914163e-02	1.182067e-07	1.066460e-03	-2.64398e-03	
8174	7.915359e-02	1.193156e-07	1.052737e-03	-2.63016e-03	

Index   time            l1#branch       v1#branch       v2#branch       
--------------------------------------------------------------------------------
8175	7.916503e-02	1.243015e-07	1.038086e-03	-2.61587e-03	
8176	7.917628e-02	1.281646e-07	1.025207e-03	-2.60288e-03	
8177	7.918824e-02	1.270550e-07	1.009894e-03	-2.58794e-03	
8178	7.919967e-02	1.220684e-07	9.967640e-04	-2.57470e-03	
8179	7.921093e-02	1.182051e-07	9.822812e-04	-2.56058e-03	
8180	7.922289e-02	1.193145e-07	9.684754e-04	-2.54668e-03	
8181	7.923432e-02	1.243008e-07	9.537463e-04	-2.53231e-03	
8182	7.924557e-02	1.281635e-07	9.407887e-04	-2.51925e-03	
8183	7.925754e-02	1.270534e-07	9.254000e-04	-2.50422e-03	
8184	7.926897e-02	1.220663e-07	9.121921e-04	-2.49092e-03	
8185	7.928022e-02	1.182033e-07	8.976369e-04	-2.47672e-03	
8186	7.929218e-02	1.193133e-07	8.837559e-04	-2.46274e-03	
8187	7.930362e-02	1.243002e-07	8.689553e-04	-2.44831e-03	
8188	7.931487e-02	1.281624e-07	8.559252e-04	-2.43517e-03	
8189	7.932683e-02	1.270516e-07	8.404682e-04	-2.42009e-03	
8190	7.933827e-02	1.220639e-07	8.271886e-04	-2.40671e-03	
8191	7.934952e-02	1.182014e-07	8.125676e-04	-2.39245e-03	
8192	7.936148e-02	1.193120e-07	7.986183e-04	-2.37841e-03	
8193	7.937292e-02	1.242994e-07	7.837528e-04	-2.36391e-03	
8194	7.938417e-02	1.281612e-07	7.706565e-04	-2.35071e-03	
8195	7.939613e-02	1.270496e-07	7.551387e-04	-2.33557e-03	
8196	7.940757e-02	1.220612e-07	7.417937e-04	-2.32212e-03	
8197	7.941882e-02	1.181992e-07	7.271134e-04	-2.30781e-03	
8198	7.943078e-02	1.193105e-07	7.131032e-04	-2.29371e-03	
8199	7.944221e-02	1.242986e-07	6.981794e-04	-2.27915e-03	
8200	7.945347e-02	1.281598e-07	6.850231e-04	-2.26590e-03	
8201	7.946542e-02	1.270473e-07	6.694521e-04	-2.25071e-03	
8202	7.947686e-02	1.220582e-07	6.560478e-04	-2.23721e-03	
8203	7.948812e-02	1.181966e-07	6.413150e-04	-2.22284e-03	
8204	7.950007e-02	1.193088e-07	6.272510e-04	-2.20869e-03	
8205	7.951151e-02	1.242976e-07	6.122757e-04	-2.19409e-03	
8206	7.952277e-02	1.281581e-07	5.990653e-04	-2.18078e-03	
8207	7.953472e-02	1.270447e-07	5.834491e-04	-2.16555e-03	
8208	7.954616e-02	1.220546e-07	5.699915e-04	-2.15200e-03	
8209	7.955742e-02	1.181937e-07	5.552129e-04	-2.13760e-03	
8210	7.956937e-02	1.193067e-07	5.411023e-04	-2.12340e-03	
8211	7.958081e-02	1.242964e-07	5.260823e-04	-2.10876e-03	
8212	7.959207e-02	1.281561e-07	5.128239e-04	-2.09541e-03	
8213	7.960402e-02	1.270415e-07	4.971706e-04	-2.08015e-03	
8214	7.961546e-02	1.220503e-07	4.836657e-04	-2.06656e-03	
8215	7.962672e-02	1.181900e-07	4.688481e-04	-2.05212e-03	
8216	7.963866e-02	1.193041e-07	4.546982e-04	-2.03789e-03	
8217	7.965011e-02	1.242948e-07	4.396404e-04	-2.02322e-03	
8218	7.966137e-02	1.281534e-07	4.263396e-04	-2.00983e-03	
8219	7.967331e-02	1.270373e-07	4.106577e-04	-1.99455e-03	
8220	7.968476e-02	1.220447e-07	3.971111e-04	-1.98092e-03	
8221	7.969602e-02	1.181852e-07	3.822617e-04	-1.96647e-03	
8222	7.970796e-02	1.193006e-07	3.680796e-04	-1.95221e-03	
8223	7.971941e-02	1.242923e-07	3.529912e-04	-1.93753e-03	
8224	7.973067e-02	1.281497e-07	3.396533e-04	-1.92411e-03	
8225	7.974261e-02	1.270316e-07	3.239522e-04	-1.90883e-03	
8226	7.975406e-02	1.220372e-07	3.103688e-04	-1.89518e-03	
8227	7.976532e-02	1.181784e-07	2.954949e-04	-1.88072e-03	
8228	7.977726e-02	1.192951e-07	2.812880e-04	-1.86645e-03	
8229	7.978871e-02	1.242880e-07	2.661765e-04	-1.85177e-03	
8230	7.979997e-02	1.281436e-07	2.528062e-04	-1.83834e-03	
8231	7.981191e-02	1.270228e-07	2.370964e-04	-1.82309e-03	
8232	7.982336e-02	1.220256e-07	2.234801e-04	-1.80943e-03	

Index   time            l1#branch       v1#branch       v2#branch       
--------------------------------------------------------------------------------
8233	7.983463e-02	1.181674e-07	2.085902e-04	-1.79499e-03	
8234	7.984655e-02	1.192855e-07	1.943652e-04	-1.78075e-03	
8235	7.985801e-02	1.242793e-07	1.792396e-04	-1.76611e-03	
8236	7.986928e-02	1.281315e-07	1.658399e-04	-1.75271e-03	
8237	7.988120e-02	1.270059e-07	1.501347e-04	-1.73754e-03	
8238	7.989266e-02	1.220034e-07	1.364866e-04	-1.72393e-03	
8239	7.990394e-02	1.181445e-07	1.215914e-04	-1.70962e-03	
8240	7.991585e-02	1.192621e-07	1.073540e-04	-1.69551e-03	
8241	7.992732e-02	1.242536e-07	9.222646e-05	-1.68110e-03	
8242	7.993859e-02	1.280964e-07	7.879539e-05	-1.66793e-03	
8243	7.995051e-02	1.269558e-07	6.310880e-05	-1.65324e-03	
8244	7.996198e-02	1.219331e-07	4.941408e-05	-1.64022e-03	
8245	7.997326e-02	1.180579e-07	3.452632e-05	-1.62704e-03	
8246	7.998515e-02	1.191491e-07	2.027890e-05	-1.61493e-03	
8247	7.999662e-02	1.240998e-07	5.160717e-06	-1.60471e-03	
8248	8.000790e-02	1.279014e-07	-8.41642e-06	-1.59821e-03	
8249	8.001969e-02	1.268082e-07	-2.40777e-05	-1.59436e-03	
8250	8.003117e-02	1.218957e-07	-3.80951e-05	-1.59254e-03	
8251	8.004246e-02	1.181325e-07	-5.33061e-05	-1.59147e-03	
8252	8.005430e-02	1.192732e-07	-6.80662e-05	-1.59084e-03	
8253	8.006584e-02	1.242486e-07	-8.40493e-05	-1.59040e-03	
8254	8.007719e-02	1.280418e-07	-9.88320e-05	-1.59013e-03	
8255	8.008899e-02	1.268984e-07	-1.16273e-04	-1.58988e-03	
8256	8.010053e-02	1.219317e-07	-1.32985e-04	-1.58974e-03	
8257	8.011187e-02	1.181568e-07	-1.52295e-04	-1.58959e-03	
8258	8.012361e-02	1.192975e-07	-1.73302e-04	-1.58950e-03	
8259	8.013512e-02	1.242449e-07	-1.98888e-04	-1.58939e-03	
8260	8.014643e-02	1.280188e-07	-2.28093e-04	-1.58935e-03	
8261	8.015822e-02	1.268731e-07	-2.68391e-04	-1.58927e-03	
8262	8.016975e-02	1.218907e-07	-3.19290e-04	-1.58926e-03	
8263	8.018108e-02	1.180654e-07	-3.88720e-04	-1.58923e-03	
8264	8.019288e-02	1.191500e-07	-4.88082e-04	-1.58929e-03	
8265	8.020438e-02	1.240398e-07	-6.25259e-04	-1.58934e-03	
8266	8.021570e-02	1.277552e-07	-8.11707e-04	-1.58949e-03	
8267	8.022752e-02	1.265327e-07	-1.08138e-03	-1.58965e-03	
8268	8.023902e-02	1.214664e-07	-1.43430e-03	-1.58993e-03	
8269	8.025034e-02	1.175403e-07	-1.88806e-03	-1.59020e-03	
8270	8.026218e-02	1.185164e-07	-2.48498e-03	-1.59062e-03	
8271	8.027366e-02	1.233041e-07	-3.19430e-03	-1.59103e-03	
8272	8.028496e-02	1.269465e-07	-4.01114e-03	-1.59155e-03	
8273	8.029679e-02	1.256831e-07	-4.99472e-03	-1.59210e-03	
8274	8.030826e-02	1.206167e-07	-6.05576e-03	-1.59275e-03	
8275	8.031955e-02	1.166932e-07	-7.19925e-03	-1.59337e-03	
8276	8.033143e-02	1.176801e-07	-8.48969e-03	-1.59414e-03	
8277	8.034291e-02	1.225056e-07	-9.81765e-03	-1.59486e-03	
8278	8.035420e-02	1.262047e-07	-1.11824e-02	-1.59565e-03	
8279	8.036609e-02	1.249915e-07	-1.26837e-02	-1.59646e-03	
8280	8.037756e-02	1.199700e-07	-1.41766e-02	-1.59733e-03	
8281	8.038884e-02	1.161039e-07	-1.56999e-02	-1.59807e-03	
8282	8.040125e-02	1.173600e-07	-1.74221e-02	-1.59868e-03	
8283	8.041256e-02	1.223083e-07	-1.89843e-02	-1.59906e-03	
8284	8.042371e-02	1.257975e-07	-2.05525e-02	-1.59946e-03	
8285	8.043490e-02	1.242480e-07	-2.21409e-02	-1.59980e-03	
8286	8.044604e-02	1.188134e-07	-2.37432e-02	-1.60019e-03	
8287	8.045701e-02	1.143329e-07	-2.53384e-02	-1.60052e-03	
8288	8.046934e-02	1.148537e-07	-2.71473e-02	-1.60095e-03	
8289	8.048075e-02	1.196036e-07	-2.88391e-02	-1.60130e-03	
8290	8.049200e-02	1.233491e-07	-3.05158e-02	-1.60170e-03	

Index   time            l1#branch       v1#branch       v2#branch       
--------------------------------------------------------------------------------
8291	8.050452e-02	1.217615e-07	-3.23981e-02	-1.60209e-03	
8292	8.051593e-02	1.161212e-07	-3.41192e-02	-1.60249e-03	
8293	8.052718e-02	1.116604e-07	-3.58230e-02	-1.60284e-03	
8294	8.053873e-02	1.121758e-07	-3.75556e-02	-1.60325e-03	
8295	8.054961e-02	1.163068e-07	-3.91431e-02	-1.60356e-03	
8296	8.056033e-02	1.190129e-07	-4.05823e-02	-1.60387e-03	
8297	8.057352e-02	1.141860e-07	-4.20448e-02	-1.60408e-03	
8298	8.058667e-02	1.004912e-07	-4.30968e-02	-1.60418e-03	
8299	8.059961e-02	8.482256e-08	-4.38261e-02	-1.60412e-03	
8300	8.061373e-02	7.272571e-08	-4.43878e-02	-1.60402e-03	
8301	8.062598e-02	6.648240e-08	-4.47468e-02	-1.60383e-03	
8302	8.063793e-02	5.955474e-08	-4.50131e-02	-1.60367e-03	
8303	8.064980e-02	4.865331e-08	-4.52179e-02	-1.60343e-03	
8304	8.066202e-02	3.531780e-08	-4.53780e-02	-1.60322e-03	
8305	8.067477e-02	2.501522e-08	-4.55095e-02	-1.60293e-03	
8306	8.068459e-02	2.197284e-08	-4.55859e-02	-1.60275e-03	
8307	8.069623e-02	2.195227e-08	-4.56623e-02	-1.60246e-03	
8308	8.070761e-02	2.106816e-08	-4.57174e-02	-1.60223e-03	
8309	8.071779e-02	1.685094e-08	-4.57604e-02	-1.60196e-03	
8310	8.072861e-02	9.890734e-09	-4.57934e-02	-1.60172e-03	
8311	8.073924e-02	4.307929e-09	-4.58235e-02	-1.60142e-03	
8312	8.074801e-02	2.959902e-09	-4.58406e-02	-1.60122e-03	
8313	8.075759e-02	4.877320e-09	-4.58604e-02	-1.60092e-03	
8314	8.076646e-02	7.740374e-09	-4.58721e-02	-1.60069e-03	
8315	8.077579e-02	8.975802e-09	-4.58868e-02	-1.60035e-03	
8316	8.078726e-02	6.152237e-09	-4.58977e-02	-1.59995e-03	
8317	8.079596e-02	1.825471e-09	-4.59082e-02	-1.59949e-03	
8318	8.080473e-02	-1.87611e-09	-4.59135e-02	-1.59897e-03	
8319	8.081205e-02	-2.91713e-09	-4.59208e-02	-1.59824e-03	
8320	8.082002e-02	-1.46283e-09	-4.59238e-02	-1.59733e-03	
8321	8.082978e-02	2.353726e-09	-4.59314e-02	-1.59606e-03	
8322	8.083864e-02	5.225086e-09	-4.59342e-02	-1.59512e-03	
8323	8.084791e-02	5.284619e-09	-4.59410e-02	-1.59427e-03	
8324	8.085770e-02	1.973273e-09	-4.59440e-02	-1.59360e-03	
8325	8.086716e-02	-2.27746e-09	-4.59505e-02	-1.59303e-03	
8326	8.087534e-02	-4.44274e-09	-4.59525e-02	-1.59267e-03	
8327	8.088411e-02	-3.74339e-09	-4.59586e-02	-1.59229e-03	
8328	8.089208e-02	-8.03725e-10	-4.59603e-02	-1.59204e-03	
8329	8.090110e-02	2.994018e-09	-4.59663e-02	-1.59175e-03	
8330	8.090954e-02	4.792861e-09	-4.59683e-02	-1.59156e-03	
8331	8.091852e-02	3.545754e-09	-4.59742e-02	-1.59133e-03	
8332	8.092953e-02	-9.13345e-10	-4.59772e-02	-1.59114e-03	
8333	8.093829e-02	-4.20765e-09	-4.59829e-02	-1.59096e-03	
8334	8.094718e-02	-4.87752e-09	-4.59850e-02	-1.59084e-03	
8335	8.095639e-02	-2.33493e-09	-4.59908e-02	-1.59068e-03	
8336	8.096510e-02	1.511025e-09	-4.59928e-02	-1.59058e-03	
8337	8.097295e-02	4.102734e-09	-4.59980e-02	-1.59045e-03	
8338	8.098138e-02	4.299075e-09	-4.59999e-02	-1.59036e-03	
8339	8.099076e-02	1.389032e-09	-4.60057e-02	-1.59022e-03	
8340	8.099966e-02	-2.54737e-09	-4.60078e-02	-1.59014e-03	
8341	8.100909e-02	-5.03355e-09	-4.60135e-02	-1.59000e-03	
8342	8.101764e-02	-4.27614e-09	-4.60155e-02	-1.58993e-03	
8343	8.102928e-02	1.328532e-10	-4.60222e-02	-1.58977e-03	
8344	8.103831e-02	3.603558e-09	-4.60244e-02	-1.58969e-03	
8345	8.104748e-02	4.421828e-09	-4.60299e-02	-1.58956e-03	
8346	8.105603e-02	2.177938e-09	-4.60320e-02	-1.58950e-03	
8347	8.106424e-02	-1.45739e-09	-4.60371e-02	-1.58938e-03	
8348	8.107227e-02	-4.38716e-09	-4.60389e-02	-1.58932e-03	

Index   time            l1#branch       v1#branch       v2#branch       
--------------------------------------------------------------------------------
8349	8.108080e-02	-4.99829e-09	-4.60441e-02	-1.58920e-03	
8350	8.109054e-02	-2.28269e-09	-4.60466e-02	-1.58912e-03	
8351	8.109970e-02	1.755493e-09	-4.60521e-02	-1.58900e-03	
8352	8.110764e-02	4.211014e-09	-4.60539e-02	-1.58894e-03	
8353	8.111623e-02	4.114085e-09	-4.60590e-02	-1.58882e-03	
8354	8.112571e-02	9.318492e-10	-4.60615e-02	-1.58875e-03	
8355	8.113469e-02	-2.97744e-09	-4.60668e-02	-1.58863e-03	
8356	8.114392e-02	-5.08764e-09	-4.60692e-02	-1.58856e-03	
8357	8.115267e-02	-3.94982e-09	-4.60744e-02	-1.58844e-03	
8358	8.116028e-02	-9.19776e-10	-4.60761e-02	-1.58839e-03	
8359	8.116856e-02	2.664791e-09	-4.60810e-02	-1.58827e-03	
8360	8.117694e-02	4.537382e-09	-4.60831e-02	-1.58822e-03	
8361	8.118559e-02	3.472664e-09	-4.60882e-02	-1.58810e-03	
8362	8.119658e-02	-8.60314e-10	-4.60913e-02	-1.58801e-03	
8363	8.120535e-02	-4.20187e-09	-4.60964e-02	-1.58789e-03	
8364	8.121426e-02	-4.98787e-09	-4.60987e-02	-1.58783e-03	
8365	8.122348e-02	-2.53416e-09	-4.61040e-02	-1.58771e-03	
8366	8.123198e-02	1.244040e-09	-4.61060e-02	-1.58765e-03	
8367	8.123984e-02	3.980117e-09	-4.61108e-02	-1.58754e-03	
8368	8.124811e-02	4.407406e-09	-4.61128e-02	-1.58748e-03	
8369	8.125750e-02	1.708068e-09	-4.61181e-02	-1.58736e-03	
8370	8.126653e-02	-2.27618e-09	-4.61204e-02	-1.58729e-03	
8371	8.127496e-02	-4.81263e-09	-4.61253e-02	-1.58718e-03	
8372	8.128382e-02	-4.51228e-09	-4.61275e-02	-1.58712e-03	
8373	8.129413e-02	-8.51004e-10	-4.61332e-02	-1.58698e-03	
8374	8.130319e-02	2.968708e-09	-4.61355e-02	-1.58692e-03	
8375	8.131244e-02	4.600474e-09	-4.61408e-02	-1.58679e-03	
8376	8.132087e-02	3.069300e-09	-4.61428e-02	-1.58674e-03	
8377	8.132865e-02	-1.87813e-10	-4.61474e-02	-1.58663e-03	
8378	8.133676e-02	-3.57652e-09	-4.61493e-02	-1.58658e-03	
8379	8.134496e-02	-5.07897e-09	-4.61541e-02	-1.58646e-03	
8380	8.135433e-02	-3.45622e-09	-4.61565e-02	-1.58640e-03	
8381	8.136455e-02	8.080212e-10	-4.61621e-02	-1.58627e-03	
8382	8.137298e-02	3.879683e-09	-4.61641e-02	-1.58621e-03	
8383	8.138150e-02	4.459482e-09	-4.61690e-02	-1.58609e-03	
8384	8.139053e-02	1.971577e-09	-4.61713e-02	-1.58603e-03	
8385	8.139924e-02	-1.88599e-09	-4.61762e-02	-1.58592e-03	
8386	8.140747e-02	-4.61044e-09	-4.61781e-02	-1.58586e-03	
8387	8.141619e-02	-4.72688e-09	-4.61831e-02	-1.58575e-03	
8388	8.142482e-02	-2.00466e-09	-4.61852e-02	-1.58569e-03	
8389	8.143379e-02	1.957492e-09	-4.61902e-02	-1.58557e-03	
8390	8.144197e-02	4.360517e-09	-4.61921e-02	-1.58552e-03	
8391	8.145052e-02	4.064963e-09	-4.61970e-02	-1.58540e-03	
8392	8.146052e-02	5.545166e-10	-4.61996e-02	-1.58534e-03	
8393	8.146951e-02	-3.28285e-09	-4.62046e-02	-1.58521e-03	
8394	8.147870e-02	-5.06576e-09	-4.62069e-02	-1.58515e-03	
8395	8.148752e-02	-3.58126e-09	-4.62118e-02	-1.58504e-03	
8396	8.149533e-02	-3.27528e-10	-4.62135e-02	-1.58499e-03	
8397	8.150350e-02	3.093096e-09	-4.62182e-02	-1.58488e-03	
8398	8.151175e-02	4.620033e-09	-4.62201e-02	-1.58483e-03	
8399	8.152066e-02	3.142876e-09	-4.62250e-02	-1.58471e-03	
8400	8.153101e-02	-1.12424e-09	-4.62277e-02	-1.58464e-03	
8401	8.153951e-02	-4.27148e-09	-4.62325e-02	-1.58452e-03	
8402	8.154835e-02	-4.90667e-09	-4.62346e-02	-1.58447e-03	
8403	8.155762e-02	-2.32005e-09	-4.62397e-02	-1.58435e-03	
8404	8.156643e-02	1.580490e-09	-4.62418e-02	-1.58429e-03	
8405	8.157434e-02	4.172658e-09	-4.62463e-02	-1.58418e-03	
8406	8.158282e-02	4.310459e-09	-4.62482e-02	-1.58413e-03	

Index   time            l1#branch       v1#branch       v2#branch       
--------------------------------------------------------------------------------
8407	8.159226e-02	1.328860e-09	-4.62534e-02	-1.58401e-03	
8408	8.160097e-02	-2.52477e-09	-4.62554e-02	-1.58396e-03	
8409	8.160943e-02	-4.87619e-09	-4.62601e-02	-1.58384e-03	
8410	8.161826e-02	-4.31896e-09	-4.62622e-02	-1.58379e-03	
8411	8.162915e-02	-2.82658e-10	-4.62678e-02	-1.58365e-03	
8412	8.163818e-02	3.375013e-09	-4.62699e-02	-1.58359e-03	
8413	8.164737e-02	4.597713e-09	-4.62749e-02	-1.58347e-03	
8414	8.165594e-02	2.674890e-09	-4.62769e-02	-1.58342e-03	
8415	8.166397e-02	-8.18003e-10	-4.62814e-02	-1.58331e-03	
8416	8.167197e-02	-3.96258e-09	-4.62831e-02	-1.58327e-03	
8417	8.168016e-02	-5.02840e-09	-4.62876e-02	-1.58316e-03	
8418	8.168973e-02	-2.87762e-09	-4.62899e-02	-1.58310e-03	
8419	8.169930e-02	1.264615e-09	-4.62950e-02	-1.58298e-03	
8420	8.170743e-02	4.067877e-09	-4.62968e-02	-1.58293e-03	
8421	8.171594e-02	4.404043e-09	-4.63014e-02	-1.58282e-03	
8422	8.172516e-02	1.653327e-09	-4.63036e-02	-1.58276e-03	
8423	8.173431e-02	-2.37570e-09	-4.63085e-02	-1.58264e-03	
8424	8.174375e-02	-4.92402e-09	-4.63107e-02	-1.58259e-03	
8425	8.175225e-02	-4.25025e-09	-4.63153e-02	-1.58247e-03	
8426	8.175998e-02	-1.41263e-09	-4.63169e-02	-1.58243e-03	
8427	8.176901e-02	2.515390e-09	-4.63217e-02	-1.58231e-03	
8428	8.177753e-02	4.574961e-09	-4.63236e-02	-1.58227e-03	
8429	8.178623e-02	3.658247e-09	-4.63282e-02	-1.58215e-03	
8430	8.179749e-02	-7.03876e-10	-4.63311e-02	-1.58208e-03	
8431	8.180638e-02	-4.11293e-09	-4.63358e-02	-1.58196e-03	
8432	8.181541e-02	-4.92323e-09	-4.63379e-02	-1.58191e-03	
8433	8.182450e-02	-2.50978e-09	-4.63427e-02	-1.58179e-03	
8434	8.183294e-02	1.235933e-09	-4.63445e-02	-1.58175e-03	
8435	8.184080e-02	4.005007e-09	-4.63488e-02	-1.58164e-03	
8436	8.184908e-02	4.484041e-09	-4.63505e-02	-1.58160e-03	
8437	8.185850e-02	1.814446e-09	-4.63554e-02	-1.58148e-03	
8438	8.186748e-02	-2.15351e-09	-4.63574e-02	-1.58143e-03	
8439	8.187581e-02	-4.71656e-09	-4.63618e-02	-1.58132e-03	
8440	8.188463e-02	-4.51723e-09	-4.63638e-02	-1.58127e-03	
8441	8.189473e-02	-1.00663e-09	-4.63688e-02	-1.58114e-03	
8442	8.190381e-02	2.865948e-09	-4.63709e-02	-1.58110e-03	
8443	8.191308e-02	4.654416e-09	-4.63756e-02	-1.58098e-03	
8444	8.192151e-02	3.262696e-09	-4.63774e-02	-1.58093e-03	
8445	8.192924e-02	8.209798e-11	-4.63816e-02	-1.58083e-03	
8446	8.193741e-02	-3.37949e-09	-4.63832e-02	-1.58079e-03	
8447	8.194566e-02	-5.01820e-09	-4.63876e-02	-1.58068e-03	
8448	8.195489e-02	-3.57239e-09	-4.63896e-02	-1.58063e-03	
8449	8.196525e-02	6.910106e-10	-4.63947e-02	-1.58050e-03	
8450	8.197378e-02	3.859580e-09	-4.63965e-02	-1.58046e-03	
8451	8.198241e-02	4.530662e-09	-4.64010e-02	-1.58035e-03	
8452	8.199140e-02	2.114570e-09	-4.64029e-02	-1.58030e-03	
8453	8.199995e-02	-1.67721e-09	-4.64073e-02	-1.58019e-03	
8454	8.200806e-02	-4.46232e-09	-4.64090e-02	-1.58015e-03	
8455	8.201668e-02	-4.76771e-09	-4.64134e-02	-1.58004e-03	
8456	8.202542e-02	-2.15411e-09	-4.64152e-02	-1.58000e-03	
8457	8.203444e-02	1.829752e-09	-4.64197e-02	-1.57988e-03	
8458	8.204257e-02	4.335134e-09	-4.64214e-02	-1.57984e-03	
8459	8.205113e-02	4.206792e-09	-4.64257e-02	-1.57973e-03	
8460	8.206085e-02	9.161855e-10	-4.64279e-02	-1.57968e-03	
8461	8.206988e-02	-2.99256e-09	-4.64324e-02	-1.57957e-03	
8462	8.207912e-02	-5.00275e-09	-4.64344e-02	-1.57952e-03	
8463	8.208782e-02	-3.76689e-09	-4.64387e-02	-1.57941e-03	
8464	8.209551e-02	-6.64562e-10	-4.64402e-02	-1.57938e-03	

Index   time            l1#branch       v1#branch       v2#branch       
--------------------------------------------------------------------------------
8465	8.210375e-02	2.874267e-09	-4.64444e-02	-1.57927e-03	
8466	8.211209e-02	4.645065e-09	-4.64460e-02	-1.57923e-03	
8467	8.212089e-02	3.439504e-09	-4.64504e-02	-1.57912e-03	
8468	8.213156e-02	-8.39678e-10	-4.64529e-02	-1.57906e-03	
8469	8.214023e-02	-4.12944e-09	-4.64572e-02	-1.57895e-03	
8470	8.214901e-02	-4.90572e-09	-4.64590e-02	-1.57891e-03	
8471	8.215822e-02	-2.47075e-09	-4.64634e-02	-1.57879e-03	
8472	8.216675e-02	1.312389e-09	-4.64651e-02	-1.57876e-03	
8473	8.217461e-02	4.056957e-09	-4.64691e-02	-1.57865e-03	
8474	8.218297e-02	4.483843e-09	-4.64707e-02	-1.57862e-03	
8475	8.219239e-02	1.757471e-09	-4.64753e-02	-1.57850e-03	
8476	8.220129e-02	-2.17987e-09	-4.64771e-02	-1.57846e-03	
8477	8.220961e-02	-4.71101e-09	-4.64812e-02	-1.57835e-03	
8478	8.221840e-02	-4.47602e-09	-4.64829e-02	-1.57832e-03	
8479	8.222858e-02	-9.15756e-10	-4.64877e-02	-1.57819e-03	
8480	8.223765e-02	2.941301e-09	-4.64895e-02	-1.57815e-03	
8481	8.224691e-02	4.677912e-09	-4.64939e-02	-1.57804e-03	
8482	8.225538e-02	3.229072e-09	-4.64955e-02	-1.57800e-03	
8483	8.226315e-02	5.806770e-12	-4.64994e-02	-1.57790e-03	
8484	8.227131e-02	-3.42664e-09	-4.65009e-02	-1.57787e-03	
8485	8.227955e-02	-5.00096e-09	-4.65049e-02	-1.57776e-03	
8486	8.228879e-02	-3.48200e-09	-4.65068e-02	-1.57772e-03	
8487	8.229903e-02	7.574087e-10	-4.65115e-02	-1.57760e-03	
8488	8.230751e-02	3.895324e-09	-4.65131e-02	-1.57757e-03	
8489	8.231608e-02	4.552195e-09	-4.65171e-02	-1.57746e-03	
8490	8.232513e-02	2.112824e-09	-4.65189e-02	-1.57742e-03	
8491	8.233374e-02	-1.70432e-09	-4.65230e-02	-1.57731e-03	
8492	8.234186e-02	-4.46631e-09	-4.65245e-02	-1.57728e-03	
8493	8.235049e-02	-4.72626e-09	-4.65285e-02	-1.57718e-03	
8494	8.235916e-02	-2.10564e-09	-4.65302e-02	-1.57714e-03	
8495	8.236812e-02	1.858398e-09	-4.65343e-02	-1.57703e-03	
8496	8.237628e-02	4.363057e-09	-4.65358e-02	-1.57700e-03	
8497	8.238485e-02	4.220682e-09	-4.65398e-02	-1.57689e-03	
8498	8.239462e-02	8.968532e-10	-4.65418e-02	-1.57685e-03	
8499	8.240366e-02	-3.00784e-09	-4.65459e-02	-1.57674e-03	
8500	8.241290e-02	-4.98500e-09	-4.65477e-02	-1.57671e-03	
8501	8.242159e-02	-3.71675e-09	-4.65517e-02	-1.57660e-03	
8502	8.242931e-02	-5.90609e-10	-4.65530e-02	-1.57658e-03	
8503	8.243754e-02	2.933286e-09	-4.65569e-02	-1.57647e-03	
8504	8.244587e-02	4.670494e-09	-4.65583e-02	-1.57644e-03	
8505	8.245471e-02	3.420103e-09	-4.65624e-02	-1.57633e-03	
8506	8.246528e-02	-8.43627e-10	-4.65645e-02	-1.57629e-03	
8507	8.247392e-02	-4.11535e-09	-4.65685e-02	-1.57618e-03	
8508	8.248267e-02	-4.88523e-09	-4.65701e-02	-1.57615e-03	
8509	8.249188e-02	-2.45083e-09	-4.65742e-02	-1.57604e-03	
8510	8.250042e-02	1.337587e-09	-4.65757e-02	-1.57601e-03	
8511	8.250829e-02	4.080377e-09	-4.65793e-02	-1.57591e-03	
8512	8.251667e-02	4.500177e-09	-4.65808e-02	-1.57588e-03	
8513	8.252610e-02	1.760387e-09	-4.65849e-02	-1.57577e-03	
8514	8.253496e-02	-2.16257e-09	-4.65865e-02	-1.57574e-03	
8515	8.254325e-02	-4.68771e-09	-4.65903e-02	-1.57564e-03	
8516	8.255203e-02	-4.46196e-09	-4.65918e-02	-1.57561e-03	
8517	8.256218e-02	-9.17236e-10	-4.65961e-02	-1.57549e-03	
8518	8.257126e-02	2.945580e-09	-4.65977e-02	-1.57546e-03	
8519	8.258052e-02	4.698210e-09	-4.66018e-02	-1.57535e-03	
8520	8.258901e-02	3.260011e-09	-4.66032e-02	-1.57533e-03	
8521	8.259678e-02	3.897665e-11	-4.66067e-02	-1.57523e-03	
8522	8.260494e-02	-3.39883e-09	-4.66081e-02	-1.57521e-03	

Index   time            l1#branch       v1#branch       v2#branch       
--------------------------------------------------------------------------------
8523	8.261319e-02	-4.98026e-09	-4.66117e-02	-1.57510e-03	
8524	8.262241e-02	-3.47442e-09	-4.66134e-02	-1.57507e-03	
8525	8.263264e-02	7.565733e-10	-4.66176e-02	-1.57496e-03	
8526	8.264112e-02	3.904815e-09	-4.66190e-02	-1.57493e-03	
8527	8.264970e-02	4.576346e-09	-4.66227e-02	-1.57483e-03	
8528	8.265876e-02	2.143781e-09	-4.66243e-02	-1.57480e-03	
8529	8.266736e-02	-1.66831e-09	-4.66280e-02	-1.57470e-03	
8530	8.267545e-02	-4.43386e-09	-4.66293e-02	-1.57468e-03	
8531	8.268407e-02	-4.71763e-09	-4.66329e-02	-1.57457e-03	
8532	8.269273e-02	-2.11790e-09	-4.66344e-02	-1.57455e-03	
8533	8.270169e-02	1.843277e-09	-4.66381e-02	-1.57444e-03	
8534	8.270984e-02	4.368979e-09	-4.66394e-02	-1.57443e-03	
8535	8.271842e-02	4.256127e-09	-4.66430e-02	-1.57432e-03	
8536	8.272816e-02	9.650409e-10	-4.66448e-02	-1.57429e-03	
8537	8.273721e-02	-2.95146e-09	-4.66485e-02	-1.57419e-03	
8538	8.274646e-02	-4.96202e-09	-4.66501e-02	-1.57416e-03	
8539	8.275512e-02	-3.73240e-09	-4.66537e-02	-1.57406e-03	
8540	8.276282e-02	-6.30029e-10	-4.66548e-02	-1.57404e-03	
8541	8.277107e-02	2.910855e-09	-4.66583e-02	-1.57394e-03	
8542	8.277941e-02	4.685419e-09	-4.66595e-02	-1.57392e-03	
8543	8.278824e-02	3.474018e-09	-4.66632e-02	-1.57382e-03	
8544	8.279885e-02	-7.85742e-10	-4.66651e-02	-1.57379e-03	
8545	8.280751e-02	-4.07925e-09	-4.66686e-02	-1.57368e-03	
8546	8.281629e-02	-4.86954e-09	-4.66700e-02	-1.57366e-03	
8547	8.282546e-02	-2.46073e-09	-4.66737e-02	-1.57356e-03	
8548	8.283395e-02	1.307261e-09	-4.66750e-02	-1.57354e-03	
8549	8.284183e-02	4.075246e-09	-4.66783e-02	-1.57344e-03	
8550	8.285019e-02	4.534942e-09	-4.66795e-02	-1.57343e-03	
8551	8.285963e-02	1.826892e-09	-4.66832e-02	-1.57332e-03	
8552	8.286850e-02	-2.09927e-09	-4.66846e-02	-1.57330e-03	
8553	8.287676e-02	-4.64591e-09	-4.66879e-02	-1.57320e-03	
8554	8.288552e-02	-4.47392e-09	-4.66892e-02	-1.57318e-03	
8555	8.289556e-02	-1.00990e-09	-4.66931e-02	-1.57307e-03	
8556	8.290464e-02	2.879004e-09	-4.66945e-02	-1.57305e-03	
8557	8.291392e-02	4.715077e-09	-4.66981e-02	-1.57295e-03	
8558	8.292240e-02	3.355572e-09	-4.66993e-02	-1.57293e-03	
8559	8.293014e-02	1.819585e-10	-4.67025e-02	-1.57284e-03	
8560	8.293832e-02	-3.29526e-09	-4.67036e-02	-1.57283e-03	
8561	8.294660e-02	-4.95491e-09	-4.67069e-02	-1.57273e-03	
8562	8.295575e-02	-3.54754e-09	-4.67082e-02	-1.57271e-03	
8563	8.296608e-02	6.897213e-10	-4.67120e-02	-1.57260e-03	
8564	8.297462e-02	3.888726e-09	-4.67132e-02	-1.57259e-03	
8565	8.298327e-02	4.603572e-09	-4.67166e-02	-1.57249e-03	
8566	8.299230e-02	2.207078e-09	-4.67179e-02	-1.57247e-03	
8567	8.300083e-02	-1.57536e-09	-4.67212e-02	-1.57237e-03	
8568	8.300887e-02	-4.36799e-09	-4.67222e-02	-1.57236e-03	
8569	8.301744e-02	-4.73576e-09	-4.67255e-02	-1.57226e-03	
8570	8.302709e-02	-1.84343e-09	-4.67269e-02	-1.57225e-03	
8571	8.303581e-02	2.026628e-09	-4.67302e-02	-1.57215e-03	
8572	8.304387e-02	4.437541e-09	-4.67312e-02	-1.57214e-03	
8573	8.305250e-02	4.202831e-09	-4.67345e-02	-1.57204e-03	
8574	8.306250e-02	7.252297e-10	-4.67360e-02	-1.57202e-03	
8575	8.307154e-02	-3.14043e-09	-4.67393e-02	-1.57192e-03	
8576	8.308077e-02	-4.95771e-09	-4.67406e-02	-1.57190e-03	
8577	8.308948e-02	-3.52805e-09	-4.67439e-02	-1.57181e-03	
8578	8.309729e-02	-2.94118e-10	-4.67448e-02	-1.57180e-03	
8579	8.310547e-02	3.151138e-09	-4.67478e-02	-1.57171e-03	
8580	8.311374e-02	4.723556e-09	-4.67488e-02	-1.57170e-03	

Index   time            l1#branch       v1#branch       v2#branch       
--------------------------------------------------------------------------------
8581	8.312272e-02	3.270135e-09	-4.67521e-02	-1.57160e-03	
8582	8.313297e-02	-9.50404e-10	-4.67536e-02	-1.57158e-03	
8583	8.314147e-02	-4.12910e-09	-4.67567e-02	-1.57148e-03	
8584	8.315015e-02	-4.83354e-09	-4.67578e-02	-1.57147e-03	
8585	8.315940e-02	-2.34581e-09	-4.67611e-02	-1.57137e-03	
8586	8.316807e-02	1.498668e-09	-4.67621e-02	-1.57137e-03	
8587	8.317598e-02	4.189122e-09	-4.67651e-02	-1.57127e-03	
8588	8.318446e-02	4.480483e-09	-4.67661e-02	-1.57127e-03	
8589	8.319394e-02	1.604633e-09	-4.67694e-02	-1.57117e-03	
8590	8.320263e-02	-2.24955e-09	-4.67704e-02	-1.57116e-03	
8591	8.321090e-02	-4.69347e-09	-4.67734e-02	-1.57107e-03	
8592	8.321965e-02	-4.36940e-09	-4.67744e-02	-1.57106e-03	
8593	8.323001e-02	-6.83569e-10	-4.67779e-02	-1.57095e-03	
8594	8.323907e-02	3.130177e-09	-4.67790e-02	-1.57095e-03	
8595	8.324832e-02	4.734341e-09	-4.67822e-02	-1.57085e-03	
8596	8.325688e-02	3.140351e-09	-4.67831e-02	-1.57084e-03	
8597	8.326476e-02	-1.85421e-10	-4.67860e-02	-1.57075e-03	
8598	8.327288e-02	-3.53801e-09	-4.67868e-02	-1.57075e-03	
8599	8.328108e-02	-4.94921e-09	-4.67897e-02	-1.57066e-03	
8600	8.329037e-02	-3.24880e-09	-4.67908e-02	-1.57065e-03	
8601	8.330030e-02	9.316489e-10	-4.67941e-02	-1.57055e-03	
8602	8.330866e-02	3.990944e-09	-4.67949e-02	-1.57055e-03	
8603	8.331715e-02	4.602276e-09	-4.67978e-02	-1.57046e-03	
8604	8.332634e-02	2.092032e-09	-4.67989e-02	-1.57045e-03	
8605	8.333511e-02	-1.79457e-09	-4.68018e-02	-1.57036e-03	
8606	8.334327e-02	-4.48470e-09	-4.68026e-02	-1.57035e-03	
8607	8.335193e-02	-4.60485e-09	-4.68055e-02	-1.57026e-03	
8608	8.336039e-02	-1.95540e-09	-4.68064e-02	-1.57026e-03	
8609	8.336922e-02	1.956638e-09	-4.68093e-02	-1.57017e-03	
8610	8.337745e-02	4.446893e-09	-4.68101e-02	-1.57017e-03	
8611	8.338603e-02	4.242524e-09	-4.68129e-02	-1.57008e-03	
8612	8.339601e-02	7.961834e-10	-4.68141e-02	-1.57007e-03	
8613	8.340506e-02	-3.08454e-09	-4.68170e-02	-1.56997e-03	
8614	8.341430e-02	-4.93803e-09	-4.68180e-02	-1.56997e-03	
8615	8.342298e-02	-3.54868e-09	-4.68208e-02	-1.56988e-03	
8616	8.343078e-02	-3.39319e-10	-4.68215e-02	-1.56988e-03	
8617	8.343897e-02	3.125906e-09	-4.68242e-02	-1.56980e-03	
8618	8.344726e-02	4.738871e-09	-4.68249e-02	-1.56980e-03	
8619	8.345622e-02	3.328207e-09	-4.68277e-02	-1.56971e-03	
8620	8.346652e-02	-8.92847e-10	-4.68289e-02	-1.56970e-03	
8621	8.347505e-02	-4.09458e-09	-4.68316e-02	-1.56961e-03	
8622	8.348370e-02	-4.82443e-09	-4.68324e-02	-1.56961e-03	
8623	8.349293e-02	-2.36814e-09	-4.68352e-02	-1.56952e-03	
8624	8.350155e-02	1.453408e-09	-4.68360e-02	-1.56952e-03	
8625	8.350945e-02	4.172628e-09	-4.68385e-02	-1.56944e-03	
8626	8.351792e-02	4.523117e-09	-4.68393e-02	-1.56944e-03	
8627	8.352739e-02	1.697922e-09	-4.68421e-02	-1.56935e-03	
8628	8.353611e-02	-2.17259e-09	-4.68429e-02	-1.56935e-03	
8629	8.354435e-02	-4.64899e-09	-4.68454e-02	-1.56926e-03	
8630	8.355308e-02	-4.39147e-09	-4.68462e-02	-1.56927e-03	
8631	8.356329e-02	-8.07691e-10	-4.68491e-02	-1.56917e-03	
8632	8.357237e-02	3.042514e-09	-4.68499e-02	-1.56917e-03	
8633	8.358162e-02	4.753984e-09	-4.68526e-02	-1.56908e-03	
8634	8.359017e-02	3.261019e-09	-4.68533e-02	-1.56909e-03	
8635	8.359800e-02	-5.11278e-12	-4.68557e-02	-1.56900e-03	
8636	8.360615e-02	-3.41373e-09	-4.68563e-02	-1.56901e-03	
8637	8.361439e-02	-4.92881e-09	-4.68588e-02	-1.56893e-03	
8638	8.362360e-02	-3.35648e-09	-4.68596e-02	-1.56893e-03	

Index   time            l1#branch       v1#branch       v2#branch       
--------------------------------------------------------------------------------
8639	8.363368e-02	8.412311e-10	-4.68624e-02	-1.56884e-03	
8640	8.364211e-02	3.965547e-09	-4.68630e-02	-1.56885e-03	
8641	8.365064e-02	4.634074e-09	-4.68655e-02	-1.56876e-03	
8642	8.365979e-02	2.176937e-09	-4.68662e-02	-1.56876e-03	
8643	8.366846e-02	-1.66185e-09	-4.68687e-02	-1.56868e-03	
8644	8.367653e-02	-4.39906e-09	-4.68692e-02	-1.56869e-03	
8645	8.368513e-02	-4.64966e-09	-4.68717e-02	-1.56860e-03	
8646	8.369371e-02	-2.05754e-09	-4.68723e-02	-1.56861e-03	
8647	8.370261e-02	1.878856e-09	-4.68748e-02	-1.56853e-03	
8648	8.371080e-02	4.421692e-09	-4.68752e-02	-1.56854e-03	
8649	8.371939e-02	4.310537e-09	-4.68777e-02	-1.56845e-03	
8650	8.372919e-02	9.948372e-10	-4.68784e-02	-1.56846e-03	
8651	8.373826e-02	-2.92401e-09	-4.68809e-02	-1.56837e-03	
8652	8.374753e-02	-4.91047e-09	-4.68816e-02	-1.56838e-03	
8653	8.375615e-02	-3.66379e-09	-4.68839e-02	-1.56830e-03	
8654	8.376386e-02	-5.46983e-10	-4.68843e-02	-1.56831e-03	
8655	8.377210e-02	2.985592e-09	-4.68866e-02	-1.56823e-03	
8656	8.378044e-02	4.742113e-09	-4.68871e-02	-1.56824e-03	
8657	8.378933e-02	3.496107e-09	-4.68895e-02	-1.56816e-03	
8658	8.379984e-02	-7.42194e-10	-4.68903e-02	-1.56816e-03	
8659	8.380847e-02	-4.02499e-09	-4.68926e-02	-1.56808e-03	
8660	8.381722e-02	-4.81778e-09	-4.68931e-02	-1.56809e-03	
8661	8.382636e-02	-2.42888e-09	-4.68954e-02	-1.56801e-03	
8662	8.383487e-02	1.343985e-09	-4.68959e-02	-1.56802e-03	
8663	8.384276e-02	4.122223e-09	-4.68980e-02	-1.56794e-03	
8664	8.385117e-02	4.587483e-09	-4.68984e-02	-1.56796e-03	
8665	8.386063e-02	1.867907e-09	-4.69008e-02	-1.56787e-03	
8666	8.386945e-02	-2.03916e-09	-4.69013e-02	-1.56789e-03	
8667	8.387764e-02	-4.57941e-09	-4.69034e-02	-1.56781e-03	
8668	8.388636e-02	-4.44187e-09	-4.69038e-02	-1.56782e-03	
8669	8.389631e-02	-1.03870e-09	-4.69062e-02	-1.56774e-03	
8670	8.390540e-02	2.867766e-09	-4.69067e-02	-1.56775e-03	
8671	8.391468e-02	4.765600e-09	-4.69090e-02	-1.56767e-03	
8672	8.392319e-02	3.456487e-09	-4.69093e-02	-1.56768e-03	
8673	8.393092e-02	3.071150e-10	-4.69113e-02	-1.56761e-03	
8674	8.393913e-02	-3.19424e-09	-4.69116e-02	-1.56762e-03	
8675	8.394743e-02	-4.89708e-09	-4.69137e-02	-1.56755e-03	
8676	8.395650e-02	-3.55332e-09	-4.69141e-02	-1.56756e-03	
8677	8.396687e-02	6.745658e-10	-4.69165e-02	-1.56748e-03	
8678	8.397545e-02	3.910958e-09	-4.69168e-02	-1.56750e-03	
8679	8.398413e-02	4.665904e-09	-4.69189e-02	-1.56742e-03	
8680	8.399318e-02	2.289296e-09	-4.69193e-02	-1.56743e-03	
8681	8.400171e-02	-1.48815e-09	-4.69213e-02	-1.56736e-03	
8682	8.400969e-02	-4.28661e-09	-4.69215e-02	-1.56738e-03	
8683	8.401821e-02	-4.70489e-09	-4.69235e-02	-1.56730e-03	
8684	8.402780e-02	-1.88445e-09	-4.69239e-02	-1.56732e-03	
8685	8.403654e-02	1.993364e-09	-4.69260e-02	-1.56724e-03	
8686	8.404461e-02	4.460276e-09	-4.69261e-02	-1.56726e-03	
8687	8.405326e-02	4.292402e-09	-4.69281e-02	-1.56718e-03	
8688	8.406318e-02	8.895473e-10	-4.69285e-02	-1.56720e-03	
8689	8.407224e-02	-3.00555e-09	-4.69306e-02	-1.56712e-03	
8690	8.408149e-02	-4.90051e-09	-4.69309e-02	-1.56714e-03	
8691	8.409013e-02	-3.56146e-09	-4.69328e-02	-1.56707e-03	
8692	8.409790e-02	-3.82815e-10	-4.69329e-02	-1.56709e-03	
8693	8.410611e-02	3.106494e-09	-4.69348e-02	-1.56702e-03	
8694	8.411441e-02	4.769782e-09	-4.69349e-02	-1.56704e-03	
8695	8.412338e-02	3.409281e-09	-4.69368e-02	-1.56696e-03	
8696	8.413372e-02	-8.10524e-10	-4.69372e-02	-1.56698e-03	

Index   time            l1#branch       v1#branch       v2#branch       
--------------------------------------------------------------------------------
8697	8.414227e-02	-4.03955e-09	-4.69391e-02	-1.56691e-03	
8698	8.415094e-02	-4.79573e-09	-4.69392e-02	-1.56693e-03	
8699	8.416012e-02	-2.37710e-09	-4.69411e-02	-1.56686e-03	
8700	8.416868e-02	1.417810e-09	-4.69413e-02	-1.56688e-03	
8701	8.417658e-02	4.171244e-09	-4.69430e-02	-1.56681e-03	
8702	8.418504e-02	4.581414e-09	-4.69431e-02	-1.56683e-03	
8703	8.419452e-02	1.801525e-09	-4.69450e-02	-1.56676e-03	
8704	8.420327e-02	-2.08011e-09	-4.69451e-02	-1.56678e-03	
8705	8.421145e-02	-4.58416e-09	-4.69469e-02	-1.56671e-03	
8706	8.422017e-02	-4.39959e-09	-4.69470e-02	-1.56674e-03	
8707	8.423021e-02	-9.31253e-10	-4.69489e-02	-1.56666e-03	
8708	8.423929e-02	2.955549e-09	-4.69490e-02	-1.56669e-03	
8709	8.424856e-02	4.786443e-09	-4.69508e-02	-1.56661e-03	
8710	8.425710e-02	3.405185e-09	-4.69508e-02	-1.56664e-03	
8711	8.426488e-02	2.058050e-10	-4.69524e-02	-1.56657e-03	
8712	8.427307e-02	-3.26056e-09	-4.69524e-02	-1.56660e-03	
8713	8.428135e-02	-4.88707e-09	-4.69541e-02	-1.56653e-03	
8714	8.429045e-02	-3.45588e-09	-4.69541e-02	-1.56656e-03	
8715	8.430069e-02	7.554121e-10	-4.69559e-02	-1.56648e-03	
8716	8.430921e-02	3.951461e-09	-4.69559e-02	-1.56651e-03	
8717	8.431783e-02	4.680039e-09	-4.69575e-02	-1.56644e-03	
8718	8.432694e-02	2.271380e-09	-4.69576e-02	-1.56647e-03	
8719	8.433551e-02	-1.52625e-09	-4.69592e-02	-1.56640e-03	
8720	8.434350e-02	-4.29900e-09	-4.69591e-02	-1.56643e-03	
8721	8.435204e-02	-4.66780e-09	-4.69607e-02	-1.56636e-03	
8722	8.436162e-02	-1.80510e-09	-4.69607e-02	-1.56639e-03	
8723	8.437030e-02	2.049923e-09	-4.69622e-02	-1.56632e-03	
8724	8.437840e-02	4.496097e-09	-4.69621e-02	-1.56635e-03	
8725	8.438706e-02	4.285246e-09	-4.69637e-02	-1.56629e-03	
8726	8.439708e-02	8.104816e-10	-4.69637e-02	-1.56631e-03	
8727	8.440615e-02	-3.06565e-09	-4.69652e-02	-1.56625e-03	
8728	8.441539e-02	-4.88712e-09	-4.69652e-02	-1.56628e-03	
8729	8.442403e-02	-3.47525e-09	-4.69667e-02	-1.56621e-03	
8730	8.443185e-02	-2.49408e-10	-4.69665e-02	-1.56624e-03	
8731	8.444003e-02	3.203655e-09	-4.69679e-02	-1.56618e-03	
8732	8.444831e-02	4.792986e-09	-4.69677e-02	-1.56621e-03	
8733	8.445734e-02	3.340970e-09	-4.69692e-02	-1.56614e-03	
8734	8.446755e-02	-8.62532e-10	-4.69692e-02	-1.56618e-03	
8735	8.447605e-02	-4.04837e-09	-4.69706e-02	-1.56611e-03	
8736	8.448465e-02	-4.77418e-09	-4.69704e-02	-1.56614e-03	
8737	8.449386e-02	-2.33081e-09	-4.69718e-02	-1.56608e-03	
8738	8.450248e-02	1.488309e-09	-4.69716e-02	-1.56611e-03	
8739	8.451042e-02	4.224200e-09	-4.69730e-02	-1.56605e-03	
8740	8.451891e-02	4.572251e-09	-4.69727e-02	-1.56609e-03	
8741	8.452843e-02	1.724732e-09	-4.69741e-02	-1.56602e-03	
8742	8.453710e-02	-2.12700e-09	-4.69739e-02	-1.56606e-03	
8743	8.454528e-02	-4.59073e-09	-4.69752e-02	-1.56599e-03	
8744	8.455398e-02	-4.35354e-09	-4.69750e-02	-1.56603e-03	
8745	8.456413e-02	-8.10664e-10	-4.69763e-02	-1.56596e-03	
8746	8.457320e-02	3.052157e-09	-4.69761e-02	-1.56600e-03	
8747	8.458246e-02	4.805907e-09	-4.69774e-02	-1.56594e-03	
8748	8.459104e-02	3.342614e-09	-4.69771e-02	-1.56597e-03	
8749	8.459887e-02	8.858838e-11	-4.69783e-02	-1.56591e-03	
8750	8.460704e-02	-3.33574e-09	-4.69780e-02	-1.56595e-03	
8751	8.461529e-02	-4.87553e-09	-4.69792e-02	-1.56589e-03	
8752	8.462443e-02	-3.34538e-09	-4.69789e-02	-1.56593e-03	
8753	8.463453e-02	8.469273e-10	-4.69802e-02	-1.56586e-03	
8754	8.464298e-02	3.996402e-09	-4.69798e-02	-1.56590e-03	

Index   time            l1#branch       v1#branch       v2#branch       
--------------------------------------------------------------------------------
8755	8.465154e-02	4.692769e-09	-4.69810e-02	-1.56584e-03	
8756	8.466072e-02	2.245205e-09	-4.69807e-02	-1.56588e-03	
8757	8.466936e-02	-1.58408e-09	-4.69818e-02	-1.56582e-03	
8758	8.467738e-02	-4.32339e-09	-4.69814e-02	-1.56586e-03	
8759	8.468593e-02	-4.62011e-09	-4.69825e-02	-1.56580e-03	
8760	8.469454e-02	-2.05931e-09	-4.69821e-02	-1.56585e-03	
8761	8.470343e-02	1.876610e-09	-4.69833e-02	-1.56579e-03	
8762	8.471162e-02	4.451826e-09	-4.69828e-02	-1.56583e-03	
8763	8.472024e-02	4.382165e-09	-4.69839e-02	-1.56577e-03	
8764	8.473001e-02	1.106657e-09	-4.69835e-02	-1.56581e-03	
8765	8.473910e-02	-2.82788e-09	-4.69846e-02	-1.56575e-03	
8766	8.474838e-02	-4.85460e-09	-4.69842e-02	-1.56579e-03	
8767	8.475694e-02	-3.65957e-09	-4.69852e-02	-1.56573e-03	
8768	8.476463e-02	-5.77623e-10	-4.69847e-02	-1.56578e-03	
8769	8.477288e-02	2.977329e-09	-4.69857e-02	-1.56572e-03	
8770	8.478123e-02	4.786792e-09	-4.69852e-02	-1.56577e-03	
8771	8.479014e-02	3.591541e-09	-4.69862e-02	-1.56571e-03	
8772	8.480070e-02	-6.43941e-10	-4.69858e-02	-1.56575e-03	
8773	8.480937e-02	-3.95365e-09	-4.69867e-02	-1.56569e-03	
8774	8.481815e-02	-4.76960e-09	-4.69862e-02	-1.56574e-03	
8775	8.482721e-02	-2.41940e-09	-4.69872e-02	-1.56568e-03	
8776	8.483570e-02	1.340151e-09	-4.69866e-02	-1.56573e-03	
8777	8.484360e-02	4.147305e-09	-4.69875e-02	-1.56567e-03	
8778	8.485203e-02	4.651645e-09	-4.69869e-02	-1.56572e-03	
8779	8.486152e-02	1.953684e-09	-4.69879e-02	-1.56566e-03	
8780	8.487034e-02	-1.95490e-09	-4.69873e-02	-1.56571e-03	
8781	8.487845e-02	-4.50327e-09	-4.69881e-02	-1.56566e-03	
8782	8.488715e-02	-4.42270e-09	-4.69875e-02	-1.56570e-03	
8783	8.489695e-02	-1.11722e-09	-4.69884e-02	-1.56565e-03	
8784	8.490605e-02	2.813372e-09	-4.69878e-02	-1.56570e-03	
8785	8.491533e-02	4.809427e-09	-4.69886e-02	-1.56564e-03	
8786	8.492386e-02	3.591208e-09	-4.69880e-02	-1.56569e-03	
8787	8.493155e-02	4.967301e-10	-4.69888e-02	-1.56564e-03	
8788	8.493980e-02	-3.04628e-09	-4.69881e-02	-1.56569e-03	
8789	8.494813e-02	-4.83477e-09	-4.69889e-02	-1.56564e-03	
8790	8.495710e-02	-3.60495e-09	-4.69882e-02	-1.56569e-03	
8791	8.496760e-02	6.274051e-10	-4.69890e-02	-1.56563e-03	
8792	8.497625e-02	3.921978e-09	-4.69883e-02	-1.56568e-03	
8793	8.498501e-02	4.726121e-09	-4.69890e-02	-1.56563e-03	
8794	8.499405e-02	2.378645e-09	-4.69883e-02	-1.56568e-03	
8795	8.500255e-02	-1.38246e-09	-4.69890e-02	-1.56563e-03	
8796	8.501047e-02	-4.19335e-09	-4.69883e-02	-1.56568e-03	
8797	8.501893e-02	-4.68258e-09	-4.69890e-02	-1.56563e-03	
8798	8.502845e-02	-1.95478e-09	-4.69882e-02	-1.56568e-03	
8799	8.503725e-02	1.945948e-09	-4.69889e-02	-1.56563e-03	
8800	8.504534e-02	4.475611e-09	-4.69881e-02	-1.56569e-03	
8801	8.505401e-02	4.383404e-09	-4.69887e-02	-1.56564e-03	
8802	8.506382e-02	1.071810e-09	-4.69879e-02	-1.56569e-03	
8803	8.507291e-02	-2.85339e-09	-4.69885e-02	-1.56564e-03	
8804	8.508219e-02	-4.84139e-09	-4.69877e-02	-1.56569e-03	
8805	8.509074e-02	-3.60925e-09	-4.69883e-02	-1.56564e-03	
8806	8.509845e-02	-5.02073e-10	-4.69875e-02	-1.56570e-03	
8807	8.510669e-02	3.036399e-09	-4.69881e-02	-1.56565e-03	
8808	8.511503e-02	4.809155e-09	-4.69873e-02	-1.56571e-03	
8809	8.512397e-02	3.566102e-09	-4.69878e-02	-1.56566e-03	
8810	8.513446e-02	-6.62226e-10	-4.69869e-02	-1.56571e-03	
8811	8.514310e-02	-3.94963e-09	-4.69874e-02	-1.56567e-03	
8812	8.515184e-02	-4.75058e-09	-4.69865e-02	-1.56572e-03	

Index   time            l1#branch       v1#branch       v2#branch       
--------------------------------------------------------------------------------
8813	8.516092e-02	-2.39207e-09	-4.69870e-02	-1.56567e-03	
8814	8.516942e-02	1.375612e-09	-4.69861e-02	-1.56573e-03	
8815	8.517733e-02	4.177213e-09	-4.69866e-02	-1.56568e-03	
8816	8.518579e-02	4.659648e-09	-4.69857e-02	-1.56574e-03	
8817	8.519529e-02	1.933198e-09	-4.69861e-02	-1.56570e-03	
8818	8.520408e-02	-1.96428e-09	-4.69852e-02	-1.56575e-03	
8819	8.521219e-02	-4.49610e-09	-4.69856e-02	-1.56571e-03	
8820	8.522087e-02	-4.39636e-09	-4.69846e-02	-1.56577e-03	
8821	8.523071e-02	-1.06739e-09	-4.69850e-02	-1.56572e-03	
8822	8.523980e-02	2.856453e-09	-4.69840e-02	-1.56578e-03	
8823	8.524908e-02	4.828850e-09	-4.69844e-02	-1.56574e-03	
8824	8.525763e-02	3.582415e-09	-4.69834e-02	-1.56580e-03	
8825	8.526534e-02	4.669329e-10	-4.69837e-02	-1.56575e-03	
8826	8.527358e-02	-3.06354e-09	-4.69828e-02	-1.56581e-03	
8827	8.528190e-02	-4.82167e-09	-4.69831e-02	-1.56577e-03	
8828	8.529087e-02	-3.55927e-09	-4.69821e-02	-1.56583e-03	
8829	8.530133e-02	6.670158e-10	-4.69823e-02	-1.56579e-03	
8830	8.530995e-02	3.946994e-09	-4.69812e-02	-1.56585e-03	
8831	8.531869e-02	4.742727e-09	-4.69815e-02	-1.56581e-03	
8832	8.532776e-02	2.381616e-09	-4.69804e-02	-1.56587e-03	
8833	8.533627e-02	-1.38796e-09	-4.69807e-02	-1.56583e-03	
8834	8.534419e-02	-4.18683e-09	-4.69796e-02	-1.56589e-03	
8835	8.535265e-02	-4.65964e-09	-4.69799e-02	-1.56585e-03	
8836	8.536216e-02	-1.92188e-09	-4.69787e-02	-1.56591e-03	
8837	8.537094e-02	1.972059e-09	-4.69789e-02	-1.56587e-03	
8838	8.537905e-02	4.499168e-09	-4.69779e-02	-1.56593e-03	
8839	8.538773e-02	4.392256e-09	-4.69780e-02	-1.56589e-03	
8840	8.539759e-02	1.052372e-09	-4.69768e-02	-1.56596e-03	
8841	8.540667e-02	-2.86717e-09	-4.69769e-02	-1.56592e-03	
8842	8.541595e-02	-4.82679e-09	-4.69758e-02	-1.56598e-03	
8843	8.542450e-02	-3.56814e-09	-4.69759e-02	-1.56594e-03	
8844	8.543222e-02	-4.43557e-10	-4.69748e-02	-1.56601e-03	
8845	8.544046e-02	3.082823e-09	-4.69749e-02	-1.56597e-03	
8846	8.544878e-02	4.829730e-09	-4.69738e-02	-1.56603e-03	
8847	8.545776e-02	3.551852e-09	-4.69738e-02	-1.56599e-03	
8848	8.546819e-02	-6.71073e-10	-4.69725e-02	-1.56606e-03	
8849	8.547680e-02	-3.94218e-09	-4.69725e-02	-1.56602e-03	
8850	8.548553e-02	-4.73185e-09	-4.69713e-02	-1.56609e-03	
8851	8.549460e-02	-2.36842e-09	-4.69713e-02	-1.56605e-03	
8852	8.550312e-02	1.404810e-09	-4.69701e-02	-1.56612e-03	
8853	8.551105e-02	4.205240e-09	-4.69701e-02	-1.56608e-03	
8854	8.551952e-02	4.669221e-09	-4.69689e-02	-1.56615e-03	
8855	8.552905e-02	1.917281e-09	-4.69688e-02	-1.56611e-03	
8856	8.553781e-02	-1.97021e-09	-4.69675e-02	-1.56618e-03	
8857	8.554591e-02	-4.48619e-09	-4.69675e-02	-1.56615e-03	
8858	8.555458e-02	-4.37230e-09	-4.69663e-02	-1.56622e-03	
8859	8.556443e-02	-1.02756e-09	-4.69661e-02	-1.56618e-03	
8860	8.557352e-02	2.891193e-09	-4.69648e-02	-1.56625e-03	
8861	8.558279e-02	4.847513e-09	-4.69646e-02	-1.56622e-03	
8862	8.559136e-02	3.580819e-09	-4.69633e-02	-1.56629e-03	
8863	8.559909e-02	4.500535e-10	-4.69632e-02	-1.56625e-03	
8864	8.560733e-02	-3.07125e-09	-4.69619e-02	-1.56632e-03	
8865	8.561565e-02	-4.80717e-09	-4.69618e-02	-1.56629e-03	
8866	8.562461e-02	-3.52214e-09	-4.69604e-02	-1.56636e-03	
8867	8.563503e-02	6.996671e-10	-4.69601e-02	-1.56633e-03	
8868	8.564364e-02	3.969565e-09	-4.69587e-02	-1.56640e-03	
8869	8.565236e-02	4.759669e-09	-4.69586e-02	-1.56637e-03	
8870	8.566146e-02	2.387435e-09	-4.69571e-02	-1.56644e-03	

Index   time            l1#branch       v1#branch       v2#branch       
--------------------------------------------------------------------------------
8871	8.566999e-02	-1.38859e-09	-4.69569e-02	-1.56641e-03	
8872	8.567789e-02	-4.17719e-09	-4.69556e-02	-1.56648e-03	
8873	8.568635e-02	-4.63844e-09	-4.69554e-02	-1.56644e-03	
8874	8.569585e-02	-1.89576e-09	-4.69538e-02	-1.56652e-03	
8875	8.570462e-02	1.993777e-09	-4.69536e-02	-1.56649e-03	
8876	8.571275e-02	4.520876e-09	-4.69522e-02	-1.56656e-03	
8877	8.572143e-02	4.403231e-09	-4.69519e-02	-1.56653e-03	
8878	8.573132e-02	1.041122e-09	-4.69503e-02	-1.56661e-03	
8879	8.574041e-02	-2.87405e-09	-4.69499e-02	-1.56658e-03	
8880	8.574969e-02	-4.81133e-09	-4.69484e-02	-1.56665e-03	
8881	8.575823e-02	-3.53275e-09	-4.69481e-02	-1.56662e-03	
8882	8.576596e-02	-3.95423e-10	-4.69467e-02	-1.56670e-03	
8883	8.577419e-02	3.121683e-09	-4.69464e-02	-1.56667e-03	
8884	8.578251e-02	4.849385e-09	-4.69449e-02	-1.56674e-03	
8885	8.579152e-02	3.544555e-09	-4.69445e-02	-1.56671e-03	
8886	8.580191e-02	-6.74241e-10	-4.69427e-02	-1.56679e-03	
8887	8.581050e-02	-3.93264e-09	-4.69423e-02	-1.56676e-03	
8888	8.581921e-02	-4.71322e-09	-4.69408e-02	-1.56684e-03	
8889	8.582828e-02	-2.34690e-09	-4.69403e-02	-1.56681e-03	
8890	8.583680e-02	1.430265e-09	-4.69387e-02	-1.56689e-03	
8891	8.584476e-02	4.230933e-09	-4.69384e-02	-1.56686e-03	
8892	8.585324e-02	4.680277e-09	-4.69368e-02	-1.56694e-03	
8893	8.586278e-02	1.906784e-09	-4.69362e-02	-1.56691e-03	
8894	8.587153e-02	-1.97251e-09	-4.69346e-02	-1.56699e-03	
8895	8.587961e-02	-4.47464e-09	-4.69342e-02	-1.56696e-03	
8896	8.588827e-02	-4.34976e-09	-4.69326e-02	-1.56705e-03	
8897	8.589814e-02	-9.94078e-10	-4.69319e-02	-1.56702e-03	
8898	8.590722e-02	2.920712e-09	-4.69302e-02	-1.56710e-03	
8899	8.591649e-02	4.865817e-09	-4.69296e-02	-1.56708e-03	
8900	8.592508e-02	3.583918e-09	-4.69279e-02	-1.56716e-03	
8901	8.593282e-02	4.415115e-10	-4.69275e-02	-1.56713e-03	
8902	8.594105e-02	-3.07284e-09	-4.69259e-02	-1.56721e-03	
8903	8.594937e-02	-4.79177e-09	-4.69253e-02	-1.56718e-03	
8904	8.595833e-02	-3.49049e-09	-4.69236e-02	-1.56727e-03	
8905	8.596872e-02	7.279856e-10	-4.69227e-02	-1.56725e-03	
8906	8.597732e-02	3.990680e-09	-4.69210e-02	-1.56733e-03	
8907	8.598602e-02	4.776899e-09	-4.69204e-02	-1.56730e-03	
8908	8.599515e-02	2.395124e-09	-4.69186e-02	-1.56739e-03	
8909	8.600369e-02	-1.38603e-09	-4.69180e-02	-1.56736e-03	
8910	8.601159e-02	-4.16547e-09	-4.69163e-02	-1.56745e-03	
8911	8.602004e-02	-4.61832e-09	-4.69157e-02	-1.56742e-03	
8912	8.602952e-02	-1.87399e-09	-4.69138e-02	-1.56751e-03	
8913	8.603828e-02	2.012799e-09	-4.69131e-02	-1.56749e-03	
8914	8.604643e-02	4.541535e-09	-4.69113e-02	-1.56757e-03	
8915	8.605513e-02	4.415606e-09	-4.69106e-02	-1.56755e-03	
8916	8.606505e-02	1.035045e-09	-4.69086e-02	-1.56764e-03	
8917	8.607414e-02	-2.87655e-09	-4.69078e-02	-1.56761e-03	
8918	8.608342e-02	-4.79527e-09	-4.69059e-02	-1.56770e-03	
8919	8.609195e-02	-3.50090e-09	-4.69052e-02	-1.56768e-03	
8920	8.609969e-02	-3.53755e-10	-4.69035e-02	-1.56776e-03	
8921	8.610791e-02	3.155884e-09	-4.69027e-02	-1.56774e-03	
8922	8.611622e-02	4.868595e-09	-4.69009e-02	-1.56783e-03	
8923	8.612525e-02	3.541774e-09	-4.69001e-02	-1.56781e-03	
8924	8.613561e-02	-6.73812e-10	-4.68979e-02	-1.56790e-03	
8925	8.614419e-02	-3.92173e-09	-4.68971e-02	-1.56788e-03	
8926	8.615288e-02	-4.69453e-09	-4.68952e-02	-1.56797e-03	
8927	8.616195e-02	-2.32661e-09	-4.68943e-02	-1.56795e-03	
8928	8.617048e-02	1.453448e-09	-4.68924e-02	-1.56804e-03	

Index   time            l1#branch       v1#branch       v2#branch       
--------------------------------------------------------------------------------
8929	8.617845e-02	4.255267e-09	-4.68916e-02	-1.56801e-03	
8930	8.618695e-02	4.692377e-09	-4.68897e-02	-1.56810e-03	
8931	8.619651e-02	1.899758e-09	-4.68887e-02	-1.56809e-03	
8932	8.620524e-02	-1.97254e-09	-4.68867e-02	-1.56818e-03	
8933	8.621331e-02	-4.46200e-09	-4.68859e-02	-1.56816e-03	
8934	8.622196e-02	-4.32802e-09	-4.68839e-02	-1.56825e-03	
8935	8.623183e-02	-9.64350e-10	-4.68828e-02	-1.56823e-03	
8936	8.624091e-02	2.947162e-09	-4.68807e-02	-1.56833e-03	
8937	8.625018e-02	4.884031e-09	-4.68797e-02	-1.56831e-03	
8938	8.625879e-02	3.590006e-09	-4.68777e-02	-1.56840e-03	
8939	8.626654e-02	4.381948e-10	-4.68768e-02	-1.56838e-03	
8940	8.627476e-02	-3.07056e-09	-4.68749e-02	-1.56847e-03	
8941	8.628308e-02	-4.77571e-09	-4.68739e-02	-1.56845e-03	
8942	8.629203e-02	-3.46215e-09	-4.68719e-02	-1.56855e-03	
8943	8.630240e-02	7.538131e-10	-4.68705e-02	-1.56854e-03	
8944	8.631099e-02	4.011061e-09	-4.68685e-02	-1.56863e-03	
8945	8.631969e-02	4.794415e-09	-4.68674e-02	-1.56861e-03	
8946	8.632884e-02	2.403995e-09	-4.68653e-02	-1.56871e-03	
8947	8.633738e-02	-1.38145e-09	-4.68642e-02	-1.56869e-03	
8948	8.634527e-02	-4.15235e-09	-4.68623e-02	-1.56878e-03	
8949	8.635372e-02	-4.59874e-09	-4.68612e-02	-1.56877e-03	
8950	8.636319e-02	-1.85483e-09	-4.68590e-02	-1.56887e-03	
8951	8.637195e-02	2.030349e-09	-4.68578e-02	-1.56885e-03	
8952	8.638011e-02	4.561742e-09	-4.68558e-02	-1.56894e-03	
8953	8.638881e-02	4.428898e-09	-4.68546e-02	-1.56893e-03	
8954	8.639876e-02	1.032012e-09	-4.68523e-02	-1.56903e-03	
8955	8.640786e-02	-2.87643e-09	-4.68510e-02	-1.56902e-03	
8956	8.641714e-02	-4.77870e-09	-4.68487e-02	-1.56912e-03	
8957	8.642565e-02	-3.47095e-09	-4.68476e-02	-1.56910e-03	
8958	8.643340e-02	-3.15708e-10	-4.68456e-02	-1.56920e-03	
8959	8.644162e-02	3.187517e-09	-4.68445e-02	-1.56918e-03	
8960	8.644992e-02	4.887701e-09	-4.68424e-02	-1.56928e-03	
8961	8.645898e-02	3.541750e-09	-4.68411e-02	-1.56926e-03	
8962	8.646931e-02	-6.71249e-10	-4.68385e-02	-1.56937e-03	
8963	8.647788e-02	-3.90994e-09	-4.68373e-02	-1.56936e-03	
8964	8.648656e-02	-4.67562e-09	-4.68351e-02	-1.56946e-03	
8965	8.649561e-02	-2.30681e-09	-4.68337e-02	-1.56945e-03	
8966	8.650415e-02	1.475496e-09	-4.68315e-02	-1.56954e-03	
8967	8.651214e-02	4.279005e-09	-4.68303e-02	-1.56953e-03	
8968	8.652066e-02	4.705213e-09	-4.68281e-02	-1.56963e-03	
8969	8.653024e-02	1.894756e-09	-4.68266e-02	-1.56962e-03	
8970	8.653894e-02	-1.97129e-09	-4.68243e-02	-1.56972e-03	
8971	8.654700e-02	-4.44862e-09	-4.68231e-02	-1.56971e-03	
8972	8.655564e-02	-4.30648e-09	-4.68208e-02	-1.56981e-03	
8973	8.656552e-02	-9.36408e-10	-4.68192e-02	-1.56980e-03	
8974	8.657459e-02	2.972161e-09	-4.68168e-02	-1.56991e-03	
8975	8.658386e-02	4.902388e-09	-4.68153e-02	-1.56990e-03	
8976	8.659248e-02	3.597844e-09	-4.68130e-02	-1.57000e-03	
8977	8.660024e-02	4.378330e-10	-4.68118e-02	-1.56999e-03	
8978	8.660847e-02	-3.06604e-09	-4.68096e-02	-1.57009e-03	
8979	8.661678e-02	-4.75910e-09	-4.68082e-02	-1.57008e-03	
8980	8.662572e-02	-3.43543e-09	-4.68058e-02	-1.57018e-03	
8981	8.663608e-02	7.785632e-10	-4.68040e-02	-1.57018e-03	
8982	8.664466e-02	4.031296e-09	-4.68016e-02	-1.57028e-03	
8983	8.665335e-02	4.812265e-09	-4.68002e-02	-1.57028e-03	
8984	8.666252e-02	2.413559e-09	-4.67977e-02	-1.57038e-03	
8985	8.667108e-02	-1.37571e-09	-4.67962e-02	-1.57037e-03	
8986	8.667896e-02	-4.13978e-09	-4.67940e-02	-1.57047e-03	

Index   time            l1#branch       v1#branch       v2#branch       
--------------------------------------------------------------------------------
8987	8.668740e-02	-4.57870e-09	-4.67925e-02	-1.57046e-03	
8988	8.669686e-02	-1.83381e-09	-4.67899e-02	-1.57057e-03	
8989	8.670561e-02	2.049293e-09	-4.67884e-02	-1.57057e-03	
8990	8.671379e-02	4.582744e-09	-4.67861e-02	-1.57067e-03	
8991	8.672250e-02	4.441916e-09	-4.67845e-02	-1.57066e-03	
8992	8.673248e-02	1.027039e-09	-4.67818e-02	-1.57078e-03	
8993	8.674158e-02	-2.87767e-09	-4.67801e-02	-1.57077e-03	
8994	8.675086e-02	-4.76177e-09	-4.67775e-02	-1.57088e-03	
8995	8.675937e-02	-3.43908e-09	-4.67759e-02	-1.57087e-03	
8996	8.676712e-02	-2.74827e-10	-4.67737e-02	-1.57098e-03	
8997	8.677533e-02	3.221182e-09	-4.67722e-02	-1.57097e-03	
8998	8.678362e-02	4.907281e-09	-4.67698e-02	-1.57107e-03	
8999	8.679271e-02	3.540215e-09	-4.67680e-02	-1.57107e-03	
9000	8.680302e-02	-6.70115e-10	-4.67651e-02	-1.57119e-03	
9001	8.681157e-02	-3.89854e-09	-4.67635e-02	-1.57118e-03	
9002	8.682023e-02	-4.65614e-09	-4.67610e-02	-1.57129e-03	
9003	8.682928e-02	-2.28564e-09	-4.67592e-02	-1.57129e-03	
9004	8.683783e-02	1.499260e-09	-4.67567e-02	-1.57140e-03	
9005	8.684583e-02	4.303937e-09	-4.67552e-02	-1.57139e-03	
9006	8.685437e-02	4.717820e-09	-4.67526e-02	-1.57150e-03	
9007	8.686396e-02	1.887991e-09	-4.67507e-02	-1.57150e-03	
9008	8.687265e-02	-1.97136e-09	-4.67481e-02	-1.57161e-03	
9009	8.688070e-02	-4.43553e-09	-4.67466e-02	-1.57160e-03	
9010	8.688933e-02	-4.28366e-09	-4.67440e-02	-1.57171e-03	
9011	8.689922e-02	-9.05016e-10	-4.67419e-02	-1.57172e-03	
9012	8.690828e-02	2.999943e-09	-4.67392e-02	-1.57183e-03	
9013	8.691754e-02	4.921332e-09	-4.67373e-02	-1.57183e-03	
9014	8.692619e-02	3.603874e-09	-4.67347e-02	-1.57194e-03	
9015	8.693396e-02	4.342026e-10	-4.67331e-02	-1.57193e-03	
9016	8.694218e-02	-3.06361e-09	-4.67306e-02	-1.57204e-03	
9017	8.695049e-02	-4.74220e-09	-4.67289e-02	-1.57204e-03	
9018	8.695942e-02	-3.40584e-09	-4.67261e-02	-1.57215e-03	
9019	8.696976e-02	8.060498e-10	-4.67239e-02	-1.57216e-03	
9020	8.697833e-02	4.052934e-09	-4.67212e-02	-1.57227e-03	
9021	8.698701e-02	4.830405e-09	-4.67194e-02	-1.57227e-03	
9022	8.699621e-02	2.422166e-09	-4.67166e-02	-1.57239e-03	
9023	8.700477e-02	-1.37145e-09	-4.67147e-02	-1.57239e-03	
9024	8.701265e-02	-4.12814e-09	-4.67122e-02	-1.57250e-03	
9025	8.702108e-02	-4.55736e-09	-4.67104e-02	-1.57250e-03	
9026	8.703054e-02	-1.80930e-09	-4.67075e-02	-1.57261e-03	
9027	8.703928e-02	2.071062e-09	-4.67056e-02	-1.57262e-03	
9028	8.704747e-02	4.605327e-09	-4.67029e-02	-1.57273e-03	
9029	8.705620e-02	4.454081e-09	-4.67010e-02	-1.57273e-03	
9030	8.706621e-02	1.017538e-09	-4.66979e-02	-1.57285e-03	
9031	8.707531e-02	-2.88224e-09	-4.66958e-02	-1.57286e-03	
9032	8.708459e-02	-4.74437e-09	-4.66929e-02	-1.57298e-03	
9033	8.709309e-02	-3.40316e-09	-4.66910e-02	-1.57298e-03	
9034	8.710085e-02	-2.27600e-10	-4.66885e-02	-1.57309e-03	
9035	8.710905e-02	3.259381e-09	-4.66866e-02	-1.57309e-03	
9036	8.711734e-02	4.927715e-09	-4.66839e-02	-1.57320e-03	
9037	8.712646e-02	3.534945e-09	-4.66818e-02	-1.57320e-03	
9038	8.713673e-02	-6.72195e-10	-4.66785e-02	-1.57333e-03	
9039	8.714527e-02	-3.88807e-09	-4.66766e-02	-1.57333e-03	
9040	8.715391e-02	-4.63575e-09	-4.66737e-02	-1.57345e-03	
9041	8.716296e-02	-2.26195e-09	-4.66716e-02	-1.57346e-03	
9042	8.717151e-02	1.526417e-09	-4.66688e-02	-1.57357e-03	
9043	8.717954e-02	4.331170e-09	-4.66669e-02	-1.57357e-03	
9044	8.718808e-02	4.729751e-09	-4.66641e-02	-1.57369e-03	

Index   time            l1#branch       v1#branch       v2#branch       
--------------------------------------------------------------------------------
9045	8.719770e-02	1.877409e-09	-4.66618e-02	-1.57370e-03	
9046	8.720637e-02	-1.97407e-09	-4.66589e-02	-1.57382e-03	
9047	8.721440e-02	-4.42309e-09	-4.66570e-02	-1.57382e-03	
9048	8.722302e-02	-4.25856e-09	-4.66541e-02	-1.57394e-03	
9049	8.723292e-02	-8.67201e-10	-4.66516e-02	-1.57395e-03	
9050	8.724199e-02	3.032912e-09	-4.66486e-02	-1.57407e-03	
9051	8.725124e-02	4.941229e-09	-4.66463e-02	-1.57408e-03	
9052	8.725991e-02	3.606256e-09	-4.66434e-02	-1.57420e-03	
9053	8.726769e-02	4.240368e-10	-4.66415e-02	-1.57420e-03	
9054	8.727591e-02	-3.06544e-09	-4.66387e-02	-1.57432e-03	
9055	8.728421e-02	-4.72495e-09	-4.66367e-02	-1.57432e-03	
9056	8.729314e-02	-3.37073e-09	-4.66337e-02	-1.57444e-03	
9057	8.730345e-02	8.384950e-10	-4.66310e-02	-1.57446e-03	
9058	8.731201e-02	4.076979e-09	-4.66281e-02	-1.57458e-03	
9059	8.732068e-02	4.848976e-09	-4.66259e-02	-1.57459e-03	
9060	8.732990e-02	2.429001e-09	-4.66227e-02	-1.57471e-03	
9061	8.733848e-02	-1.37001e-09	-4.66205e-02	-1.57472e-03	
9062	8.734636e-02	-4.11742e-09	-4.66178e-02	-1.57483e-03	
9063	8.735478e-02	-4.53406e-09	-4.66156e-02	-1.57484e-03	
9064	8.736422e-02	-1.78034e-09	-4.66124e-02	-1.57497e-03	
9065	8.737295e-02	2.096494e-09	-4.66101e-02	-1.57498e-03	
9066	8.738117e-02	4.630060e-09	-4.66072e-02	-1.57510e-03	
9067	8.738990e-02	4.465259e-09	-4.66050e-02	-1.57510e-03	
9068	8.739996e-02	1.002276e-09	-4.66015e-02	-1.57524e-03	
9069	8.740906e-02	-2.89097e-09	-4.65991e-02	-1.57525e-03	
9070	8.741834e-02	-4.72616e-09	-4.65958e-02	-1.57538e-03	
9071	8.742683e-02	-3.36179e-09	-4.65936e-02	-1.57539e-03	
9072	8.743460e-02	-1.71981e-10	-4.65908e-02	-1.57550e-03	
9073	8.744279e-02	3.303574e-09	-4.65886e-02	-1.57551e-03	
9074	8.745107e-02	4.949349e-09	-4.65857e-02	-1.57563e-03	
9075	8.746022e-02	3.524846e-09	-4.65832e-02	-1.57564e-03	
9076	8.747045e-02	-6.78275e-10	-4.65796e-02	-1.57578e-03	
9077	8.747897e-02	-3.87863e-09	-4.65773e-02	-1.57579e-03	
9078	8.748760e-02	-4.61403e-09	-4.65742e-02	-1.57591e-03	
9079	8.749664e-02	-2.23490e-09	-4.65717e-02	-1.57593e-03	
9080	8.750520e-02	1.558106e-09	-4.65687e-02	-1.57605e-03	
9081	8.751325e-02	4.361544e-09	-4.65665e-02	-1.57606e-03	
9082	8.752182e-02	4.740900e-09	-4.65634e-02	-1.57618e-03	
9083	8.753047e-02	2.224797e-09	-4.65610e-02	-1.57619e-03	
9084	8.753941e-02	-1.72588e-09	-4.65578e-02	-1.57632e-03	
9085	8.754747e-02	-4.31334e-09	-4.65555e-02	-1.57633e-03	
9086	8.755603e-02	-4.34469e-09	-4.65524e-02	-1.57645e-03	
9087	8.756557e-02	-1.23532e-09	-4.65497e-02	-1.57647e-03	
9088	8.757466e-02	2.733870e-09	-4.65464e-02	-1.57660e-03	
9089	8.758397e-02	4.927028e-09	-4.65437e-02	-1.57662e-03	
9090	8.759256e-02	3.891327e-09	-4.65406e-02	-1.57674e-03	
9091	8.760018e-02	9.105996e-10	-4.65384e-02	-1.57675e-03	
9092	8.760849e-02	-2.70829e-09	-4.65354e-02	-1.57687e-03	
9093	8.761690e-02	-4.66230e-09	-4.65330e-02	-1.57688e-03	
9094	8.762562e-02	-3.66020e-09	-4.65297e-02	-1.57701e-03	
9095	8.763646e-02	5.881451e-10	-4.65265e-02	-1.57704e-03	
9096	8.764526e-02	3.994784e-09	-4.65233e-02	-1.57717e-03	
9097	8.765418e-02	4.883236e-09	-4.65207e-02	-1.57719e-03	
9098	8.766325e-02	2.564222e-09	-4.65173e-02	-1.57732e-03	
9099	8.767168e-02	-1.16798e-09	-4.65148e-02	-1.57733e-03	
9100	8.767959e-02	-4.00653e-09	-4.65118e-02	-1.57745e-03	
9101	8.768786e-02	-4.57542e-09	-4.65094e-02	-1.57747e-03	
9102	8.769730e-02	-1.97980e-09	-4.65059e-02	-1.57760e-03	

Index   time            l1#branch       v1#branch       v2#branch       
--------------------------------------------------------------------------------
9103	8.770618e-02	1.948710e-09	-4.65033e-02	-1.57762e-03	
9104	8.771432e-02	4.570285e-09	-4.65002e-02	-1.57774e-03	
9105	8.772309e-02	4.569787e-09	-4.64975e-02	-1.57776e-03	
9106	8.773282e-02	1.341512e-09	-4.64939e-02	-1.57790e-03	
9107	8.774194e-02	-2.61499e-09	-4.64912e-02	-1.57792e-03	
9108	8.775033e-02	-4.63613e-09	-4.64880e-02	-1.57804e-03	
9109	8.775910e-02	-3.70785e-09	-4.64853e-02	-1.57806e-03	
9110	8.776699e-02	-6.62622e-10	-4.64823e-02	-1.57819e-03	
9111	8.777617e-02	3.240006e-09	-4.64795e-02	-1.57821e-03	
9112	8.778461e-02	4.966956e-09	-4.64762e-02	-1.57834e-03	
9113	8.779385e-02	3.551736e-09	-4.64734e-02	-1.57836e-03	
9114	8.780427e-02	-7.19459e-10	-4.64694e-02	-1.57850e-03	
9115	8.781282e-02	-3.89989e-09	-4.64668e-02	-1.57852e-03	
9116	8.782147e-02	-4.57332e-09	-4.64635e-02	-1.57865e-03	
9117	8.783049e-02	-2.14462e-09	-4.64607e-02	-1.57867e-03	
9118	8.783910e-02	1.670771e-09	-4.64573e-02	-1.57880e-03	
9119	8.784720e-02	4.438282e-09	-4.64548e-02	-1.57881e-03	
9120	8.785581e-02	4.719687e-09	-4.64515e-02	-1.57895e-03	
9121	8.786435e-02	2.162417e-09	-4.64488e-02	-1.57896e-03	
9122	8.787324e-02	-1.76905e-09	-4.64454e-02	-1.57910e-03	
9123	8.788133e-02	-4.32559e-09	-4.64428e-02	-1.57911e-03	
9124	8.788988e-02	-4.29333e-09	-4.64395e-02	-1.57924e-03	
9125	8.789950e-02	-1.10916e-09	-4.64364e-02	-1.57927e-03	
9126	8.790857e-02	2.840893e-09	-4.64329e-02	-1.57941e-03	
9127	8.791785e-02	4.959995e-09	-4.64299e-02	-1.57943e-03	
9128	8.792649e-02	3.841970e-09	-4.64265e-02	-1.57956e-03	
9129	8.793415e-02	8.031957e-10	-4.64241e-02	-1.57957e-03	
9130	8.794244e-02	-2.78305e-09	-4.64208e-02	-1.57970e-03	
9131	8.795082e-02	-4.65544e-09	-4.64181e-02	-1.57972e-03	
9132	8.795958e-02	-3.56137e-09	-4.64146e-02	-1.57986e-03	
9133	8.797027e-02	6.783515e-10	-4.64111e-02	-1.57989e-03	
9134	8.797901e-02	4.041884e-09	-4.64076e-02	-1.58003e-03	
9135	8.798786e-02	4.902881e-09	-4.64048e-02	-1.58005e-03	
9136	8.799699e-02	2.552845e-09	-4.64011e-02	-1.58019e-03	
9137	8.800547e-02	-1.19854e-09	-4.63984e-02	-1.58021e-03	
9138	8.801336e-02	-4.01102e-09	-4.63952e-02	-1.58034e-03	
9139	8.802165e-02	-4.53906e-09	-4.63925e-02	-1.58035e-03	
9140	8.803108e-02	-1.90956e-09	-4.63887e-02	-1.58050e-03	
9141	8.803992e-02	2.007021e-09	-4.63858e-02	-1.58052e-03	
9142	8.804811e-02	4.615210e-09	-4.63825e-02	-1.58065e-03	
9143	8.805688e-02	4.568554e-09	-4.63796e-02	-1.58067e-03	
9144	8.806672e-02	1.265140e-09	-4.63756e-02	-1.58082e-03	
9145	8.807584e-02	-2.67494e-09	-4.63726e-02	-1.58085e-03	
9146	8.808515e-02	-4.67157e-09	-4.63688e-02	-1.58099e-03	
9147	8.809355e-02	-3.48065e-09	-4.63660e-02	-1.58101e-03	
9148	8.810121e-02	-4.11863e-10	-4.63629e-02	-1.58113e-03	
9149	8.810946e-02	3.143924e-09	-4.63601e-02	-1.58115e-03	
9150	8.811779e-02	4.971178e-09	-4.63567e-02	-1.58129e-03	
9151	8.812687e-02	3.756343e-09	-4.63536e-02	-1.58131e-03	
9152	8.813739e-02	-4.76552e-10	-4.63494e-02	-1.58147e-03	
9153	8.814605e-02	-3.77501e-09	-4.63464e-02	-1.58149e-03	
9154	8.815482e-02	-4.57803e-09	-4.63429e-02	-1.58163e-03	
9155	8.816372e-02	-2.27858e-09	-4.63398e-02	-1.58165e-03	
9156	8.817218e-02	1.467376e-09	-4.63363e-02	-1.58179e-03	
9157	8.818022e-02	4.333646e-09	-4.63336e-02	-1.58181e-03	
9158	8.818875e-02	4.831616e-09	-4.63301e-02	-1.58194e-03	
9159	8.819839e-02	2.054598e-09	-4.63267e-02	-1.58198e-03	
9160	8.820716e-02	-1.83312e-09	-4.63231e-02	-1.58212e-03	

Index   time            l1#branch       v1#branch       v2#branch       
--------------------------------------------------------------------------------
9161	8.821511e-02	-4.31488e-09	-4.63204e-02	-1.58213e-03	
9162	8.822370e-02	-4.24795e-09	-4.63168e-02	-1.58227e-03	
9163	8.823334e-02	-1.02576e-09	-4.63134e-02	-1.58231e-03	
9164	8.824240e-02	2.911688e-09	-4.63097e-02	-1.58245e-03	
9165	8.825167e-02	4.989952e-09	-4.63064e-02	-1.58248e-03	
9166	8.826034e-02	3.824147e-09	-4.63028e-02	-1.58262e-03	
9167	8.826803e-02	7.505141e-10	-4.63001e-02	-1.58263e-03	
9168	8.827631e-02	-2.81570e-09	-4.62966e-02	-1.58277e-03	
9169	8.828468e-02	-4.63849e-09	-4.62937e-02	-1.58279e-03	
9170	8.829344e-02	-3.49135e-09	-4.62900e-02	-1.58293e-03	
9171	8.830405e-02	7.430763e-10	-4.62862e-02	-1.58298e-03	
9172	8.831275e-02	4.081782e-09	-4.62826e-02	-1.58312e-03	
9173	8.832157e-02	4.926649e-09	-4.62794e-02	-1.58314e-03	
9174	8.833075e-02	2.553907e-09	-4.62756e-02	-1.58329e-03	
9175	8.833924e-02	-1.20982e-09	-4.62726e-02	-1.58331e-03	
9176	8.834714e-02	-4.00367e-09	-4.62692e-02	-1.58345e-03	
9177	8.835542e-02	-4.50430e-09	-4.62662e-02	-1.58347e-03	
9178	8.836483e-02	-1.85610e-09	-4.62623e-02	-1.58362e-03	
9179	8.837365e-02	2.052953e-09	-4.62591e-02	-1.58364e-03	
9180	8.838188e-02	4.655596e-09	-4.62556e-02	-1.58378e-03	
9181	8.839066e-02	4.577847e-09	-4.62524e-02	-1.58381e-03	
9182	8.840059e-02	1.220108e-09	-4.62482e-02	-1.58396e-03	
9183	8.840971e-02	-2.70753e-09	-4.62449e-02	-1.58399e-03	
9184	8.841902e-02	-4.64960e-09	-4.62410e-02	-1.58414e-03	
9185	8.842740e-02	-3.40820e-09	-4.62379e-02	-1.58417e-03	
9186	8.843510e-02	-3.06005e-10	-4.62346e-02	-1.58430e-03	
9187	8.844332e-02	3.227541e-09	-4.62316e-02	-1.58432e-03	
9188	8.845164e-02	5.005582e-09	-4.62280e-02	-1.58446e-03	
9189	8.846077e-02	3.724747e-09	-4.62247e-02	-1.58449e-03	
9190	8.847120e-02	-5.01066e-10	-4.62203e-02	-1.58465e-03	
9191	8.847982e-02	-3.76760e-09	-4.62171e-02	-1.58468e-03	
9192	8.848854e-02	-4.54684e-09	-4.62133e-02	-1.58482e-03	
9193	8.849744e-02	-2.23480e-09	-4.62100e-02	-1.58485e-03	
9194	8.850593e-02	1.521656e-09	-4.62064e-02	-1.58500e-03	
9195	8.851400e-02	4.383211e-09	-4.62034e-02	-1.58502e-03	
9196	8.852257e-02	4.845080e-09	-4.61997e-02	-1.58516e-03	
9197	8.853224e-02	2.020415e-09	-4.61961e-02	-1.58520e-03	
9198	8.854097e-02	-1.85081e-09	-4.61923e-02	-1.58534e-03	
9199	8.854890e-02	-4.30231e-09	-4.61893e-02	-1.58536e-03	
9200	8.855747e-02	-4.20341e-09	-4.61856e-02	-1.58551e-03	
9201	8.856716e-02	-9.43542e-10	-4.61819e-02	-1.58555e-03	
9202	8.857621e-02	2.983278e-09	-4.61780e-02	-1.58569e-03	
9203	8.858547e-02	5.023982e-09	-4.61745e-02	-1.58573e-03	
9204	8.859418e-02	3.812106e-09	-4.61707e-02	-1.58587e-03	
9205	8.860190e-02	7.055465e-10	-4.61678e-02	-1.58589e-03	
9206	8.861017e-02	-2.84057e-09	-4.61642e-02	-1.58603e-03	
9207	8.861852e-02	-4.61529e-09	-4.61611e-02	-1.58606e-03	
9208	8.862728e-02	-3.41869e-09	-4.61572e-02	-1.58621e-03	
9209	8.863782e-02	8.103642e-10	-4.61532e-02	-1.58625e-03	
9210	8.864649e-02	4.125912e-09	-4.61494e-02	-1.58640e-03	
9211	8.865526e-02	4.955627e-09	-4.61460e-02	-1.58643e-03	
9212	8.866450e-02	2.559036e-09	-4.61420e-02	-1.58658e-03	
9213	8.867302e-02	-1.21689e-09	-4.61387e-02	-1.58661e-03	
9214	8.868091e-02	-3.99137e-09	-4.61352e-02	-1.58675e-03	
9215	8.868919e-02	-4.46446e-09	-4.61321e-02	-1.58677e-03	
9216	8.869858e-02	-1.79943e-09	-4.61279e-02	-1.58693e-03	
9217	8.870738e-02	2.102128e-09	-4.61245e-02	-1.58696e-03	
9218	8.871565e-02	4.700538e-09	-4.61209e-02	-1.58710e-03	

Index   time            l1#branch       v1#branch       v2#branch       
--------------------------------------------------------------------------------
9219	8.872444e-02	4.591424e-09	-4.61175e-02	-1.58713e-03	
9220	8.873446e-02	1.177341e-09	-4.61131e-02	-1.58729e-03	
9221	8.874357e-02	-2.73688e-09	-4.61095e-02	-1.58733e-03	
9222	8.875195e-02	-4.59091e-09	-4.61058e-02	-1.58747e-03	
9223	8.876071e-02	-3.47546e-09	-4.61024e-02	-1.58750e-03	
9224	8.876857e-02	-3.55201e-10	-4.60989e-02	-1.58764e-03	
9225	8.877690e-02	3.231584e-09	-4.60956e-02	-1.58767e-03	
9226	8.878533e-02	5.037916e-09	-4.60919e-02	-1.58782e-03	
9227	8.879444e-02	3.756396e-09	-4.60883e-02	-1.58785e-03	
9228	8.880492e-02	-4.89901e-10	-4.60837e-02	-1.58802e-03	
9229	8.881354e-02	-3.74886e-09	-4.60803e-02	-1.58805e-03	
9230	8.882227e-02	-4.50892e-09	-4.60764e-02	-1.58820e-03	
9231	8.883114e-02	-2.19044e-09	-4.60729e-02	-1.58823e-03	
9232	8.883963e-02	1.570102e-09	-4.60691e-02	-1.58838e-03	
9233	8.884774e-02	4.434190e-09	-4.60659e-02	-1.58840e-03	
9234	8.885634e-02	4.872340e-09	-4.60621e-02	-1.58855e-03	
9235	8.886503e-02	2.384487e-09	-4.60586e-02	-1.58858e-03	
9236	8.887401e-02	-1.57852e-09	-4.60546e-02	-1.58873e-03	
9237	8.888194e-02	-4.15203e-09	-4.60515e-02	-1.58876e-03	
9238	8.889044e-02	-4.25335e-09	-4.60477e-02	-1.58890e-03	
9239	8.889980e-02	-1.26407e-09	-4.60439e-02	-1.58894e-03	
9240	8.890891e-02	2.741660e-09	-4.60398e-02	-1.58910e-03	
9241	8.891824e-02	5.076976e-09	-4.60361e-02	-1.58914e-03	
9242	8.892693e-02	4.160221e-09	-4.60322e-02	-1.58928e-03	
9243	8.893457e-02	1.234238e-09	-4.60291e-02	-1.58931e-03	
9244	8.894379e-02	-2.67670e-09	-4.60250e-02	-1.58946e-03	
9245	8.895215e-02	-4.43664e-09	-4.60216e-02	-1.58949e-03	
9246	8.896093e-02	-3.21859e-09	-4.60177e-02	-1.58964e-03	
9247	8.897159e-02	1.075951e-09	-4.60133e-02	-1.58969e-03	
9248	8.898028e-02	4.393149e-09	-4.60094e-02	-1.58984e-03	
9249	8.898930e-02	5.164873e-09	-4.60057e-02	-1.58988e-03	
9250	8.899865e-02	2.627332e-09	-4.60015e-02	-1.59004e-03	
9251	8.900735e-02	-1.22874e-09	-4.59979e-02	-1.59007e-03	
9252	8.901518e-02	-3.86258e-09	-4.59943e-02	-1.59021e-03	
9253	8.902337e-02	-4.15189e-09	-4.59910e-02	-1.59024e-03	
9254	8.903262e-02	-1.39228e-09	-4.59867e-02	-1.59040e-03	
9255	8.904129e-02	2.483706e-09	-4.59832e-02	-1.59043e-03	
9256	8.905081e-02	5.216538e-09	-4.59788e-02	-1.59059e-03	
9257	8.905941e-02	4.697170e-09	-4.59752e-02	-1.59062e-03	
9258	8.907089e-02	5.115960e-10	-4.59699e-02	-1.59080e-03	
9259	8.907998e-02	-3.05590e-09	-4.59660e-02	-1.59084e-03	
9260	8.908806e-02	-4.12038e-09	-4.59621e-02	-1.59098e-03	
9261	8.909668e-02	-2.29054e-09	-4.59584e-02	-1.59101e-03	
9262	8.910505e-02	1.365799e-09	-4.59543e-02	-1.59116e-03	
9263	8.911355e-02	4.760933e-09	-4.59505e-02	-1.59119e-03	
9264	8.912235e-02	5.810227e-09	-4.59461e-02	-1.59134e-03	
9265	8.913245e-02	3.350274e-09	-4.59414e-02	-1.59138e-03	
9266	8.914155e-02	-5.09575e-10	-4.59366e-02	-1.59156e-03	
9267	8.914928e-02	-2.89831e-09	-4.59331e-02	-1.59216e-03	
9268	8.915702e-02	-2.98941e-09	-4.59293e-02	-1.59376e-03	
9269	8.916381e-02	-1.00044e-09	-4.59259e-02	-1.59433e-03	
9270	8.917093e-02	2.330957e-09	-4.59219e-02	-1.59529e-03	
9271	8.918081e-02	6.403715e-09	-4.59163e-02	-1.59636e-03	
9272	8.918982e-02	7.448851e-09	-4.59107e-02	-1.59773e-03	
9273	8.919805e-02	5.635773e-09	-4.59049e-02	-1.59881e-03	
9274	8.920741e-02	2.089659e-09	-4.58967e-02	-1.59986e-03	
9275	8.921482e-02	8.007533e-12	-4.58892e-02	-1.60018e-03	
9276	8.922001e-02	-2.36876e-10	-4.58830e-02	-1.60031e-03	

Index   time            l1#branch       v1#branch       v2#branch       
--------------------------------------------------------------------------------
9277	8.922495e-02	7.093175e-10	-4.58772e-02	-1.60033e-03	
9278	8.923347e-02	4.442897e-09	-4.58656e-02	-1.60071e-03	
9279	8.924231e-02	9.341142e-09	-4.58519e-02	-1.60089e-03	
9280	8.925531e-02	1.349841e-08	-4.58270e-02	-1.60133e-03	
9281	8.926490e-02	1.290384e-08	-4.58046e-02	-1.60150e-03	
9282	8.927553e-02	1.057897e-08	-4.57742e-02	-1.60184e-03	
9283	8.928564e-02	1.036291e-08	-4.57389e-02	-1.60201e-03	
9284	8.929807e-02	1.589996e-08	-4.56839e-02	-1.60238e-03	
9285	8.930970e-02	2.511564e-08	-4.56181e-02	-1.60256e-03	
9286	8.932129e-02	3.338744e-08	-4.55343e-02	-1.60290e-03	
9287	8.932927e-02	3.674115e-08	-4.54635e-02	-1.60299e-03	
9288	8.933925e-02	3.889046e-08	-4.53564e-02	-1.60327e-03	
9289	8.934896e-02	4.162133e-08	-4.52283e-02	-1.60338e-03	
9290	8.936184e-02	5.086481e-08	-4.50120e-02	-1.60369e-03	
9291	8.937423e-02	6.573140e-08	-4.47392e-02	-1.60381e-03	
9292	8.938786e-02	8.266903e-08	-4.43370e-02	-1.60406e-03	
9293	8.940178e-02	9.424054e-08	-4.37734e-02	-1.60410e-03	
9294	8.941431e-02	9.994914e-08	-4.30728e-02	-1.60421e-03	
9295	8.942641e-02	1.056611e-07	-4.21446e-02	-1.60407e-03	
9296	8.943503e-02	1.114810e-07	-4.12966e-02	-1.60403e-03	
9297	8.944677e-02	1.198323e-07	-3.98822e-02	-1.60370e-03	
9298	8.945744e-02	1.241618e-07	-3.84047e-02	-1.60347e-03	
9299	8.946616e-02	1.235488e-07	-3.71228e-02	-1.60312e-03	
9300	8.947680e-02	1.191986e-07	-3.55251e-02	-1.60284e-03	
9301	8.948718e-02	1.152274e-07	-3.39548e-02	-1.60242e-03	
9302	8.949990e-02	1.159174e-07	-3.20359e-02	-1.60207e-03	
9303	8.951108e-02	1.212337e-07	-3.03557e-02	-1.60162e-03	
9304	8.952213e-02	1.262264e-07	-2.87050e-02	-1.60134e-03	
9305	8.953429e-02	1.264099e-07	-2.69026e-02	-1.60086e-03	
9306	8.954547e-02	1.219005e-07	-2.52605e-02	-1.60057e-03	
9307	8.955645e-02	1.175971e-07	-2.36643e-02	-1.60014e-03	
9308	8.956790e-02	1.178762e-07	-2.20154e-02	-1.59984e-03	
9309	8.957904e-02	1.228597e-07	-2.04318e-02	-1.59940e-03	
9310	8.958994e-02	1.280203e-07	-1.89022e-02	-1.59911e-03	
9311	8.960150e-02	1.288846e-07	-1.73064e-02	-1.59861e-03	
9312	8.961285e-02	1.247011e-07	-1.57731e-02	-1.59815e-03	
9313	8.962391e-02	1.199947e-07	-1.43110e-02	-1.59733e-03	
9314	8.962924e-02	1.189883e-07	-1.36007e-02	-1.59702e-03	
9315	8.963464e-02	1.194292e-07	-1.28967e-02	-1.59655e-03	
9316	8.964096e-02	1.216074e-07	-1.20815e-02	-1.59617e-03	
9317	8.964973e-02	1.259445e-07	-1.09789e-02	-1.59547e-03	
9318	8.966013e-02	1.295501e-07	-9.71418e-03	-1.59484e-03	
9319	8.966939e-02	1.290331e-07	-8.63292e-03	-1.59415e-03	
9320	8.967984e-02	1.246907e-07	-7.47044e-03	-1.59357e-03	
9321	8.969014e-02	1.200711e-07	-6.39468e-03	-1.59288e-03	
9322	8.970219e-02	1.192035e-07	-5.23255e-03	-1.59229e-03	
9323	8.971373e-02	1.234611e-07	-4.23381e-03	-1.59162e-03	
9324	8.972503e-02	1.283278e-07	-3.36961e-03	-1.59118e-03	
9325	8.973540e-02	1.291696e-07	-2.68822e-03	-1.59068e-03	
9326	8.974696e-02	1.250879e-07	-2.05307e-03	-1.59036e-03	
9327	8.975803e-02	1.198940e-07	-1.56780e-03	-1.58996e-03	
9328	8.976819e-02	1.182299e-07	-1.21641e-03	-1.58980e-03	
9329	8.977988e-02	1.215773e-07	-9.10862e-04	-1.58950e-03	
9330	8.978904e-02	1.260486e-07	-7.30093e-04	-1.58946e-03	
9331	8.979885e-02	1.287935e-07	-5.84278e-04	-1.58929e-03	
9332	8.981045e-02	1.268242e-07	-4.56875e-04	-1.58930e-03	
9333	8.981871e-02	1.228118e-07	-3.90610e-04	-1.58921e-03	
9334	8.982857e-02	1.186894e-07	-3.28123e-04	-1.58929e-03	

Index   time            l1#branch       v1#branch       v2#branch       
--------------------------------------------------------------------------------
9335	8.984080e-02	1.186151e-07	-2.72269e-04	-1.58924e-03	
9336	8.984869e-02	1.217749e-07	-2.43105e-04	-1.58935e-03	
9337	8.985856e-02	1.265102e-07	-2.14836e-04	-1.58932e-03	
9338	8.986957e-02	1.286944e-07	-1.87458e-04	-1.58948e-03	
9339	8.987743e-02	1.269666e-07	-1.72039e-04	-1.58946e-03	
9340	8.988826e-02	1.219371e-07	-1.51363e-04	-1.58964e-03	
9341	8.989809e-02	1.182635e-07	-1.36008e-04	-1.58967e-03	
9342	8.990836e-02	1.185688e-07	-1.19520e-04	-1.58989e-03	
9343	8.991909e-02	1.229836e-07	-1.04921e-04	-1.59000e-03	
9344	8.992965e-02	1.276066e-07	-8.95371e-05	-1.59032e-03	
9345	8.994137e-02	1.282757e-07	-7.46858e-05	-1.59060e-03	
9346	8.995283e-02	1.239450e-07	-5.88832e-05	-1.59122e-03	
9347	8.996403e-02	1.190399e-07	-4.52558e-05	-1.59194e-03	
9348	8.997459e-02	1.181366e-07	-3.09785e-05	-1.59332e-03	
9349	8.998616e-02	1.221935e-07	-1.70942e-05	-1.59574e-03	
9350	8.999726e-02	1.273145e-07	-2.29564e-06	-1.60061e-03	
9351	9.000742e-02	1.288405e-07	9.806640e-06	-1.60756e-03	
9352	9.001914e-02	1.252959e-07	2.537941e-05	-1.61893e-03	
9353	9.002848e-02	1.206232e-07	3.644133e-05	-1.62874e-03	
9354	9.003841e-02	1.178479e-07	4.968014e-05	-1.64036e-03	
9355	9.005008e-02	1.199449e-07	6.365242e-05	-1.65377e-03	
9356	9.005834e-02	1.239947e-07	7.476590e-05	-1.66397e-03	
9357	9.006823e-02	1.280364e-07	8.648959e-05	-1.67560e-03	
9358	9.008034e-02	1.278909e-07	1.024482e-04	-1.69066e-03	
9359	9.008826e-02	1.246005e-07	1.116882e-04	-1.70002e-03	
9360	9.009813e-02	1.198321e-07	1.248140e-04	-1.71243e-03	
9361	9.010952e-02	1.177867e-07	1.383975e-04	-1.72609e-03	
9362	9.011743e-02	1.197588e-07	1.490476e-04	-1.73614e-03	
9363	9.012812e-02	1.248484e-07	1.617580e-04	-1.74899e-03	
9364	9.013795e-02	1.283832e-07	1.748279e-04	-1.76144e-03	
9365	9.014788e-02	1.278872e-07	1.865729e-04	-1.77338e-03	
9366	9.015853e-02	1.233938e-07	2.006753e-04	-1.78687e-03	
9367	9.016903e-02	1.187947e-07	2.131201e-04	-1.79951e-03	
9368	9.018113e-02	1.182796e-07	2.290281e-04	-1.81480e-03	
9369	9.019266e-02	1.228336e-07	2.427634e-04	-1.82873e-03	
9370	9.020396e-02	1.277225e-07	2.576680e-04	-1.84305e-03	
9371	9.021481e-02	1.283299e-07	2.705462e-04	-1.85615e-03	
9372	9.022632e-02	1.240201e-07	2.857074e-04	-1.87073e-03	
9373	9.023742e-02	1.190226e-07	2.988867e-04	-1.88413e-03	
9374	9.024801e-02	1.179170e-07	3.128911e-04	-1.89758e-03	
9375	9.025977e-02	1.219272e-07	3.268829e-04	-1.91179e-03	
9376	9.026975e-02	1.267168e-07	3.401231e-04	-1.92449e-03	
9377	9.028005e-02	1.287062e-07	3.522874e-04	-1.93690e-03	
9378	9.029185e-02	1.255382e-07	3.677910e-04	-1.95184e-03	
9379	9.030065e-02	1.211051e-07	3.780685e-04	-1.96239e-03	
9380	9.031040e-02	1.179121e-07	3.910024e-04	-1.97480e-03	
9381	9.032215e-02	1.193503e-07	4.049410e-04	-1.98896e-03	
9382	9.033029e-02	1.231839e-07	4.158574e-04	-1.99938e-03	
9383	9.034015e-02	1.275601e-07	4.274382e-04	-2.01122e-03	
9384	9.035311e-02	1.280706e-07	4.443775e-04	-2.02759e-03	
9385	9.036101e-02	1.249883e-07	4.535108e-04	-2.03701e-03	
9386	9.037106e-02	1.200944e-07	4.667973e-04	-2.04978e-03	
9387	9.038176e-02	1.177116e-07	4.793939e-04	-2.06262e-03	
9388	9.038963e-02	1.192397e-07	4.899543e-04	-2.07269e-03	
9389	9.039964e-02	1.238785e-07	5.016890e-04	-2.08469e-03	
9390	9.040951e-02	1.279527e-07	5.147406e-04	-2.09722e-03	
9391	9.042143e-02	1.279252e-07	5.288574e-04	-2.11158e-03	
9392	9.043269e-02	1.232280e-07	5.436307e-04	-2.12582e-03	

Index   time            l1#branch       v1#branch       v2#branch       
--------------------------------------------------------------------------------
9393	9.044382e-02	1.185456e-07	5.567273e-04	-2.13917e-03	
9394	9.045534e-02	1.183488e-07	5.718020e-04	-2.15371e-03	
9395	9.046676e-02	1.229603e-07	5.852606e-04	-2.16741e-03	
9396	9.047790e-02	1.277522e-07	5.998554e-04	-2.18148e-03	
9397	9.048913e-02	1.282293e-07	6.130633e-04	-2.19494e-03	
9398	9.050066e-02	1.237729e-07	6.281268e-04	-2.20947e-03	
9399	9.051184e-02	1.188445e-07	6.412383e-04	-2.22284e-03	
9400	9.052266e-02	1.180213e-07	6.554109e-04	-2.23649e-03	
9401	9.053433e-02	1.222467e-07	6.691145e-04	-2.25044e-03	
9402	9.054554e-02	1.273304e-07	6.837602e-04	-2.26456e-03	
9403	9.055590e-02	1.285686e-07	6.958268e-04	-2.27690e-03	
9404	9.056776e-02	1.246788e-07	7.112571e-04	-2.29179e-03	
9405	9.057756e-02	1.199180e-07	7.226255e-04	-2.30344e-03	
9406	9.058776e-02	1.177095e-07	7.359798e-04	-2.31628e-03	
9407	9.059958e-02	1.206247e-07	7.498114e-04	-2.33036e-03	
9408	9.060808e-02	1.249146e-07	7.610607e-04	-2.34112e-03	
9409	9.061798e-02	1.284040e-07	7.725165e-04	-2.35285e-03	
9410	9.062988e-02	1.272887e-07	7.879409e-04	-2.36775e-03	
9411	9.063793e-02	1.235889e-07	7.971127e-04	-2.37721e-03	
9412	9.064782e-02	1.190803e-07	8.100330e-04	-2.38963e-03	
9413	9.066155e-02	1.183350e-07	8.261630e-04	-2.40599e-03	
9414	9.066954e-02	1.214352e-07	8.367419e-04	-2.41608e-03	
9415	9.067977e-02	1.263948e-07	8.485556e-04	-2.42817e-03	
9416	9.069053e-02	1.287105e-07	8.625258e-04	-2.44163e-03	
9417	9.069836e-02	1.271263e-07	8.713720e-04	-2.45077e-03	
9418	9.070839e-02	1.224514e-07	8.844354e-04	-2.46333e-03	
9419	9.071829e-02	1.184186e-07	8.957983e-04	-2.47497e-03	
9420	9.072995e-02	1.184978e-07	9.108233e-04	-2.48947e-03	
9421	9.074118e-02	1.231812e-07	9.238012e-04	-2.50271e-03	
9422	9.075227e-02	1.278622e-07	9.381143e-04	-2.51651e-03	
9423	9.076385e-02	1.280766e-07	9.515045e-04	-2.53016e-03	
9424	9.077533e-02	1.234436e-07	9.662783e-04	-2.54441e-03	
9425	9.078653e-02	1.186469e-07	9.791655e-04	-2.55757e-03	
9426	9.079776e-02	1.182126e-07	9.936003e-04	-2.57148e-03	
9427	9.080932e-02	1.227080e-07	1.006904e-03	-2.58505e-03	
9428	9.082052e-02	1.276200e-07	1.021279e-03	-2.59891e-03	
9429	9.083143e-02	1.283669e-07	1.033773e-03	-2.61167e-03	
9430	9.084311e-02	1.240695e-07	1.048708e-03	-2.62608e-03	
9431	9.085435e-02	1.190147e-07	1.061577e-03	-2.63922e-03	
9432	9.086482e-02	1.178964e-07	1.075013e-03	-2.65215e-03	
9433	9.087673e-02	1.219275e-07	1.088654e-03	-2.66605e-03	
9434	9.088673e-02	1.267235e-07	1.101508e-03	-2.67840e-03	
9435	9.089707e-02	1.286983e-07	1.113234e-03	-2.69040e-03	
9436	9.090895e-02	1.254714e-07	1.128334e-03	-2.70498e-03	
9437	9.091781e-02	1.210163e-07	1.138250e-03	-2.71519e-03	
9438	9.092754e-02	1.178864e-07	1.150729e-03	-2.72717e-03	
9439	9.093935e-02	1.194258e-07	1.164163e-03	-2.74087e-03	
9440	9.094749e-02	1.232914e-07	1.174706e-03	-2.75093e-03	
9441	9.095738e-02	1.276318e-07	1.185825e-03	-2.76233e-03	
9442	9.097026e-02	1.280228e-07	1.202045e-03	-2.77802e-03	
9443	9.097815e-02	1.249050e-07	1.210741e-03	-2.78703e-03	
9444	9.098820e-02	1.200229e-07	1.223526e-03	-2.79931e-03	
9445	9.099912e-02	1.177161e-07	1.235828e-03	-2.81188e-03	
9446	9.100709e-02	1.194000e-07	1.246099e-03	-2.82168e-03	
9447	9.101822e-02	1.245754e-07	1.258628e-03	-2.83448e-03	
9448	9.102829e-02	1.283062e-07	1.271393e-03	-2.84674e-03	
9449	9.103864e-02	1.278524e-07	1.282966e-03	-2.85860e-03	
9450	9.104955e-02	1.232388e-07	1.296703e-03	-2.87183e-03	

Index   time            l1#branch       v1#branch       v2#branch       
--------------------------------------------------------------------------------
9451	9.106027e-02	1.186443e-07	1.308686e-03	-2.88409e-03	
9452	9.107241e-02	1.183835e-07	1.323846e-03	-2.89872e-03	
9453	9.108401e-02	1.231025e-07	1.336831e-03	-2.91198e-03	
9454	9.109536e-02	1.278796e-07	1.351030e-03	-2.92566e-03	
9455	9.110661e-02	1.281268e-07	1.363577e-03	-2.93848e-03	
9456	9.111814e-02	1.235339e-07	1.377950e-03	-2.95234e-03	
9457	9.112932e-02	1.187030e-07	1.390369e-03	-2.96504e-03	
9458	9.114050e-02	1.181665e-07	1.404294e-03	-2.97845e-03	
9459	9.115214e-02	1.226265e-07	1.417222e-03	-2.99165e-03	
9460	9.116340e-02	1.275852e-07	1.431200e-03	-3.00511e-03	
9461	9.117418e-02	1.284061e-07	1.443097e-03	-3.01729e-03	
9462	9.118595e-02	1.241485e-07	1.457635e-03	-3.03131e-03	
9463	9.119722e-02	1.190579e-07	1.470066e-03	-3.04402e-03	
9464	9.120761e-02	1.178732e-07	1.482953e-03	-3.05641e-03	
9465	9.121955e-02	1.218466e-07	1.496119e-03	-3.06984e-03	
9466	9.122947e-02	1.266268e-07	1.508423e-03	-3.08165e-03	
9467	9.123975e-02	1.287090e-07	1.519632e-03	-3.09315e-03	
9468	9.125165e-02	1.256020e-07	1.534218e-03	-3.10722e-03	
9469	9.126036e-02	1.212117e-07	1.543566e-03	-3.11687e-03	
9470	9.127017e-02	1.179356e-07	1.555686e-03	-3.12849e-03	
9471	9.128205e-02	1.193249e-07	1.568673e-03	-3.14175e-03	
9472	9.129015e-02	1.231296e-07	1.578787e-03	-3.15139e-03	
9473	9.130006e-02	1.275381e-07	1.589462e-03	-3.16235e-03	
9474	9.131320e-02	1.280524e-07	1.605366e-03	-3.17773e-03	
9475	9.132110e-02	1.249573e-07	1.613701e-03	-3.18638e-03	
9476	9.133121e-02	1.200457e-07	1.626074e-03	-3.19826e-03	
9477	9.134208e-02	1.177162e-07	1.637794e-03	-3.21026e-03	
9478	9.135004e-02	1.193673e-07	1.647668e-03	-3.21966e-03	
9479	9.136125e-02	1.245587e-07	1.659730e-03	-3.23200e-03	
9480	9.137136e-02	1.283073e-07	1.672041e-03	-3.24381e-03	
9481	9.138175e-02	1.278436e-07	1.683152e-03	-3.25522e-03	
9482	9.139270e-02	1.232038e-07	1.696384e-03	-3.26794e-03	
9483	9.140346e-02	1.186173e-07	1.707864e-03	-3.27971e-03	
9484	9.141565e-02	1.184202e-07	1.722452e-03	-3.29378e-03	
9485	9.142727e-02	1.231834e-07	1.734859e-03	-3.30646e-03	
9486	9.143864e-02	1.279270e-07	1.748485e-03	-3.31958e-03	
9487	9.145000e-02	1.280671e-07	1.760566e-03	-3.33195e-03	
9488	9.146153e-02	1.234013e-07	1.774327e-03	-3.34520e-03	
9489	9.147273e-02	1.186255e-07	1.786168e-03	-3.35732e-03	
9490	9.148410e-02	1.182597e-07	1.799692e-03	-3.37034e-03	
9491	9.149571e-02	1.228375e-07	1.811964e-03	-3.38289e-03	
9492	9.150698e-02	1.277134e-07	1.825332e-03	-3.39575e-03	
9493	9.151803e-02	1.282914e-07	1.836927e-03	-3.40764e-03	
9494	9.152972e-02	1.238579e-07	1.850724e-03	-3.42092e-03	
9495	9.154099e-02	1.188736e-07	1.862516e-03	-3.43300e-03	
9496	9.155172e-02	1.179990e-07	1.875193e-03	-3.44518e-03	
9497	9.156355e-02	1.222364e-07	1.887556e-03	-3.45782e-03	
9498	9.157487e-02	1.273514e-07	1.900837e-03	-3.47059e-03	
9499	9.158520e-02	1.285673e-07	1.911509e-03	-3.48156e-03	
9500	9.159715e-02	1.246281e-07	1.925447e-03	-3.49499e-03	
9501	9.160701e-02	1.198584e-07	1.935544e-03	-3.50539e-03	
9502	9.161727e-02	1.177168e-07	1.947563e-03	-3.51691e-03	
9503	9.162919e-02	1.207592e-07	1.959876e-03	-3.52950e-03	
9504	9.163782e-02	1.251129e-07	1.970080e-03	-3.53923e-03	
9505	9.164767e-02	1.284663e-07	1.980097e-03	-3.54955e-03	
9506	9.165961e-02	1.271544e-07	1.993880e-03	-3.56282e-03	
9507	9.166769e-02	1.233822e-07	2.001922e-03	-3.57118e-03	
9508	9.167760e-02	1.189397e-07	2.013454e-03	-3.58222e-03	

Index   time            l1#branch       v1#branch       v2#branch       
--------------------------------------------------------------------------------
9509	9.169206e-02	1.185878e-07	2.028374e-03	-3.59740e-03	
9510	9.170025e-02	1.220019e-07	2.037986e-03	-3.60654e-03	
9511	9.171064e-02	1.269102e-07	2.048467e-03	-3.61732e-03	
9512	9.172244e-02	1.285712e-07	2.061951e-03	-3.63030e-03	
9513	9.173019e-02	1.263217e-07	2.069544e-03	-3.63821e-03	
9514	9.174078e-02	1.212055e-07	2.081677e-03	-3.64985e-03	
9515	9.175073e-02	1.179193e-07	2.091586e-03	-3.66006e-03	
9516	9.176025e-02	1.187217e-07	2.102521e-03	-3.67051e-03	
9517	9.177091e-02	1.233458e-07	2.113156e-03	-3.68144e-03	
9518	9.178142e-02	1.278193e-07	2.125114e-03	-3.69291e-03	
9519	9.179438e-02	1.278476e-07	2.138153e-03	-3.70622e-03	
9520	9.180609e-02	1.228952e-07	2.151326e-03	-3.71889e-03	
9521	9.181761e-02	1.183045e-07	2.162765e-03	-3.73062e-03	
9522	9.182932e-02	1.186535e-07	2.175885e-03	-3.74323e-03	
9523	9.184075e-02	1.235481e-07	2.187171e-03	-3.75481e-03	
9524	9.185190e-02	1.280616e-07	2.199641e-03	-3.76678e-03	
9525	9.186412e-02	1.277476e-07	2.211709e-03	-3.77914e-03	
9526	9.187562e-02	1.227981e-07	2.224494e-03	-3.79142e-03	
9527	9.188688e-02	1.183092e-07	2.235491e-03	-3.80271e-03	
9528	9.189908e-02	1.187588e-07	2.248928e-03	-3.81564e-03	
9529	9.191053e-02	1.237417e-07	2.260067e-03	-3.82707e-03	
9530	9.192175e-02	1.281643e-07	2.272442e-03	-3.83895e-03	
9531	9.193418e-02	1.275653e-07	2.284541e-03	-3.85134e-03	
9532	9.194563e-02	1.225152e-07	2.297085e-03	-3.86338e-03	
9533	9.195686e-02	1.181931e-07	2.307873e-03	-3.87447e-03	
9534	9.196962e-02	1.190679e-07	2.321699e-03	-3.88778e-03	
9535	9.198102e-02	1.242129e-07	2.332604e-03	-3.89898e-03	
9536	9.199224e-02	1.283548e-07	2.344805e-03	-3.91068e-03	
9537	9.200606e-02	1.268786e-07	2.358106e-03	-3.92426e-03	
9538	9.201863e-02	1.211055e-07	2.371600e-03	-3.93725e-03	
9539	9.203002e-02	1.177709e-07	2.382365e-03	-3.94831e-03	
9540	9.203945e-02	1.191544e-07	2.392616e-03	-3.95808e-03	
9541	9.205004e-02	1.240037e-07	2.402523e-03	-3.96829e-03	
9542	9.206040e-02	1.281195e-07	2.413678e-03	-3.97896e-03	
9543	9.207280e-02	1.276380e-07	2.425335e-03	-3.99091e-03	
9544	9.208420e-02	1.226517e-07	2.437467e-03	-4.00254e-03	
9545	9.209545e-02	1.182467e-07	2.447916e-03	-4.01329e-03	
9546	9.210790e-02	1.189108e-07	2.461021e-03	-4.02589e-03	
9547	9.211933e-02	1.239802e-07	2.471579e-03	-4.03675e-03	
9548	9.213056e-02	1.282660e-07	2.483410e-03	-4.04809e-03	
9549	9.214355e-02	1.272687e-07	2.495453e-03	-4.06042e-03	
9550	9.215497e-02	1.220726e-07	2.507402e-03	-4.07187e-03	
9551	9.216622e-02	1.180250e-07	2.517653e-03	-4.08243e-03	
9552	9.217833e-02	1.192025e-07	2.530202e-03	-4.09447e-03	
9553	9.218949e-02	1.243119e-07	2.540307e-03	-4.10488e-03	
9554	9.220049e-02	1.283581e-07	2.551728e-03	-4.11581e-03	
9555	9.221260e-02	1.273410e-07	2.562687e-03	-4.12707e-03	
9556	9.222381e-02	1.222633e-07	2.574239e-03	-4.13813e-03	
9557	9.223486e-02	1.181238e-07	2.584103e-03	-4.14830e-03	
9558	9.224882e-02	1.195144e-07	2.598214e-03	-4.16190e-03	
9559	9.226139e-02	1.252780e-07	2.609460e-03	-4.17344e-03	
9560	9.227285e-02	1.286618e-07	2.621116e-03	-4.18460e-03	
9561	9.228247e-02	1.272436e-07	2.629496e-03	-4.19330e-03	
9562	9.229311e-02	1.223588e-07	2.640308e-03	-4.20363e-03	
9563	9.230352e-02	1.182757e-07	2.649369e-03	-4.21300e-03	
9564	9.231576e-02	1.188216e-07	2.661623e-03	-4.22476e-03	
9565	9.232712e-02	1.238064e-07	2.671517e-03	-4.23496e-03	
9566	9.233834e-02	1.281927e-07	2.682744e-03	-4.24569e-03	

Index   time            l1#branch       v1#branch       v2#branch       
--------------------------------------------------------------------------------
9567	9.235090e-02	1.274970e-07	2.693699e-03	-4.25695e-03	
9568	9.236235e-02	1.224024e-07	2.705071e-03	-4.26783e-03	
9569	9.237360e-02	1.181459e-07	2.714722e-03	-4.27779e-03	
9570	9.238680e-02	1.192697e-07	2.727626e-03	-4.29019e-03	
9571	9.239823e-02	1.245112e-07	2.737363e-03	-4.30023e-03	
9572	9.240950e-02	1.284634e-07	2.748429e-03	-4.31081e-03	
9573	9.242117e-02	1.272495e-07	2.758327e-03	-4.32102e-03	
9574	9.243224e-02	1.221829e-07	2.769144e-03	-4.33135e-03	
9575	9.244315e-02	1.181165e-07	2.778272e-03	-4.34079e-03	
9576	9.245536e-02	1.190612e-07	2.790036e-03	-4.35206e-03	
9577	9.246662e-02	1.241416e-07	2.799412e-03	-4.36175e-03	
9578	9.247773e-02	1.283109e-07	2.810116e-03	-4.37197e-03	
9579	9.249151e-02	1.269811e-07	2.821683e-03	-4.38383e-03	
9580	9.250423e-02	1.211806e-07	2.833738e-03	-4.39539e-03	
9581	9.251569e-02	1.177810e-07	2.843139e-03	-4.40510e-03	
9582	9.252539e-02	1.192064e-07	2.852445e-03	-4.41393e-03	
9583	9.253605e-02	1.241077e-07	2.861080e-03	-4.42288e-03	
9584	9.254649e-02	1.281808e-07	2.870980e-03	-4.43231e-03	
9585	9.255869e-02	1.276051e-07	2.880902e-03	-4.44254e-03	
9586	9.257005e-02	1.226140e-07	2.891536e-03	-4.45269e-03	
9587	9.258125e-02	1.182405e-07	2.900505e-03	-4.46197e-03	
9588	9.259388e-02	1.189703e-07	2.912157e-03	-4.47313e-03	
9589	9.260534e-02	1.240842e-07	2.921266e-03	-4.48255e-03	
9590	9.261661e-02	1.283149e-07	2.931672e-03	-4.49247e-03	
9591	9.262999e-02	1.270847e-07	2.942353e-03	-4.50346e-03	
9592	9.264142e-02	1.218068e-07	2.952819e-03	-4.51344e-03	
9593	9.265272e-02	1.179383e-07	2.961629e-03	-4.52257e-03	
9594	9.266403e-02	1.191831e-07	2.971908e-03	-4.53236e-03	
9595	9.267503e-02	1.242162e-07	2.980404e-03	-4.54118e-03	
9596	9.268586e-02	1.282960e-07	2.990217e-03	-4.55051e-03	
9597	9.269814e-02	1.274117e-07	2.999708e-03	-4.56032e-03	
9598	9.270944e-02	1.223311e-07	3.009834e-03	-4.56996e-03	
9599	9.272059e-02	1.181362e-07	3.018298e-03	-4.57875e-03	
9600	9.273424e-02	1.194134e-07	3.030269e-03	-4.59022e-03	
9601	9.274570e-02	1.247238e-07	3.038914e-03	-4.59919e-03	
9602	9.275705e-02	1.285348e-07	3.048919e-03	-4.60871e-03	
9603	9.276812e-02	1.272501e-07	3.057173e-03	-4.61729e-03	
9604	9.277907e-02	1.222354e-07	3.066781e-03	-4.62642e-03	
9605	9.278985e-02	1.181601e-07	3.074710e-03	-4.63468e-03	
9606	9.280210e-02	1.190037e-07	3.085283e-03	-4.64476e-03	
9607	9.281341e-02	1.240737e-07	3.093567e-03	-4.65337e-03	
9608	9.282457e-02	1.282937e-07	3.103188e-03	-4.66251e-03	
9609	9.283807e-02	1.270928e-07	3.113137e-03	-4.67277e-03	
9610	9.284954e-02	1.218028e-07	3.122919e-03	-4.68208e-03	
9611	9.286088e-02	1.179325e-07	3.131061e-03	-4.69054e-03	
9612	9.287220e-02	1.192025e-07	3.140635e-03	-4.69964e-03	
9613	9.288321e-02	1.242455e-07	3.148444e-03	-4.70777e-03	
9614	9.289404e-02	1.283083e-07	3.157575e-03	-4.71643e-03	
9615	9.290623e-02	1.274167e-07	3.166220e-03	-4.72540e-03	
9616	9.291752e-02	1.223437e-07	3.175619e-03	-4.73432e-03	
9617	9.292865e-02	1.181440e-07	3.183364e-03	-4.74240e-03	
9618	9.294230e-02	1.194034e-07	3.194468e-03	-4.75301e-03	
9619	9.295379e-02	1.247165e-07	3.202393e-03	-4.76126e-03	
9620	9.296515e-02	1.285350e-07	3.211681e-03	-4.77007e-03	
9621	9.297625e-02	1.272432e-07	3.219246e-03	-4.77797e-03	
9622	9.298722e-02	1.222197e-07	3.228155e-03	-4.78641e-03	
9623	9.299800e-02	1.181523e-07	3.235399e-03	-4.79398e-03	
9624	9.301021e-02	1.190071e-07	3.245140e-03	-4.80325e-03	

Index   time            l1#branch       v1#branch       v2#branch       
--------------------------------------------------------------------------------
9625	9.302152e-02	1.240767e-07	3.252687e-03	-4.81112e-03	
9626	9.303267e-02	1.282944e-07	3.261574e-03	-4.81954e-03	
9627	9.304622e-02	1.270810e-07	3.270675e-03	-4.82896e-03	
9628	9.305771e-02	1.217811e-07	3.279711e-03	-4.83752e-03	
9629	9.306906e-02	1.179252e-07	3.287120e-03	-4.84526e-03	
9630	9.308032e-02	1.192065e-07	3.295902e-03	-4.85357e-03	
9631	9.309132e-02	1.242481e-07	3.302979e-03	-4.86098e-03	
9632	9.310215e-02	1.283083e-07	3.311384e-03	-4.86892e-03	
9633	9.311432e-02	1.274226e-07	3.319209e-03	-4.87707e-03	
9634	9.312561e-02	1.223499e-07	3.327857e-03	-4.88525e-03	
9635	9.313675e-02	1.181460e-07	3.334864e-03	-4.89259e-03	
9636	9.315040e-02	1.194024e-07	3.345053e-03	-4.90230e-03	
9637	9.316190e-02	1.247192e-07	3.352214e-03	-4.90980e-03	
9638	9.317327e-02	1.285371e-07	3.360741e-03	-4.91785e-03	
9639	9.318437e-02	1.272403e-07	3.367556e-03	-4.92501e-03	
9640	9.319534e-02	1.222124e-07	3.375725e-03	-4.93271e-03	
9641	9.320613e-02	1.181489e-07	3.382243e-03	-4.93957e-03	
9642	9.321832e-02	1.190085e-07	3.391135e-03	-4.94799e-03	
9643	9.322963e-02	1.240791e-07	3.397913e-03	-4.95510e-03	
9644	9.324078e-02	1.282958e-07	3.406037e-03	-4.96276e-03	
9645	9.325437e-02	1.270705e-07	3.414233e-03	-4.97128e-03	
9646	9.326586e-02	1.217621e-07	3.422486e-03	-4.97907e-03	
9647	9.327723e-02	1.179191e-07	3.429122e-03	-4.98604e-03	
9648	9.328843e-02	1.192097e-07	3.437091e-03	-4.99355e-03	
9649	9.329943e-02	1.242502e-07	3.443405e-03	-5.00020e-03	
9650	9.331025e-02	1.283084e-07	3.451053e-03	-5.00739e-03	
9651	9.332241e-02	1.274275e-07	3.458025e-03	-5.01470e-03	
9652	9.333371e-02	1.223545e-07	3.465889e-03	-5.02210e-03	
9653	9.334485e-02	1.181472e-07	3.472123e-03	-5.02868e-03	
9654	9.335852e-02	1.194037e-07	3.481358e-03	-5.03744e-03	
9655	9.337002e-02	1.247247e-07	3.487721e-03	-5.04414e-03	
9656	9.338140e-02	1.285399e-07	3.495452e-03	-5.05141e-03	
9657	9.339249e-02	1.272376e-07	3.501480e-03	-5.05778e-03	
9658	9.340347e-02	1.222065e-07	3.508876e-03	-5.06472e-03	
9659	9.341426e-02	1.181464e-07	3.514633e-03	-5.07082e-03	
9660	9.342643e-02	1.190089e-07	3.522647e-03	-5.07837e-03	
9661	9.343774e-02	1.240804e-07	3.528625e-03	-5.08469e-03	
9662	9.344889e-02	1.282968e-07	3.535954e-03	-5.09157e-03	
9663	9.346251e-02	1.270617e-07	3.543200e-03	-5.09915e-03	
9664	9.347402e-02	1.217457e-07	3.550635e-03	-5.10612e-03	
9665	9.348540e-02	1.179137e-07	3.556464e-03	-5.11230e-03	
9666	9.349656e-02	1.192128e-07	3.563601e-03	-5.11897e-03	
9667	9.350755e-02	1.242530e-07	3.569124e-03	-5.12485e-03	
9668	9.351836e-02	1.283089e-07	3.575987e-03	-5.13126e-03	
9669	9.353051e-02	1.274314e-07	3.582075e-03	-5.13769e-03	
9670	9.354181e-02	1.223581e-07	3.589122e-03	-5.14428e-03	
9671	9.355296e-02	1.181482e-07	3.594553e-03	-5.15006e-03	
9672	9.356663e-02	1.194062e-07	3.602799e-03	-5.15784e-03	
9673	9.357815e-02	1.247319e-07	3.608332e-03	-5.16372e-03	
9674	9.358954e-02	1.285431e-07	3.615236e-03	-5.17017e-03	
9675	9.360061e-02	1.272349e-07	3.620446e-03	-5.17573e-03	
9676	9.361159e-02	1.222011e-07	3.627038e-03	-5.18187e-03	
9677	9.362239e-02	1.181442e-07	3.632007e-03	-5.18719e-03	
9678	9.363454e-02	1.190086e-07	3.639115e-03	-5.19384e-03	
9679	9.364585e-02	1.240810e-07	3.644263e-03	-5.19934e-03	
9680	9.365701e-02	1.282976e-07	3.650770e-03	-5.20540e-03	
9681	9.367065e-02	1.270539e-07	3.657024e-03	-5.21200e-03	
9682	9.368217e-02	1.217310e-07	3.663612e-03	-5.21813e-03	

Index   time            l1#branch       v1#branch       v2#branch       
--------------------------------------------------------------------------------
9683	9.369356e-02	1.179088e-07	3.668605e-03	-5.22348e-03	
9684	9.370468e-02	1.192158e-07	3.674891e-03	-5.22931e-03	
9685	9.371567e-02	1.242562e-07	3.679596e-03	-5.23437e-03	
9686	9.372648e-02	1.283097e-07	3.685651e-03	-5.23998e-03	
9687	9.373861e-02	1.274348e-07	3.690826e-03	-5.24551e-03	
9688	9.374992e-02	1.223610e-07	3.697029e-03	-5.25126e-03	
9689	9.376107e-02	1.181489e-07	3.701628e-03	-5.25622e-03	
9690	9.377476e-02	1.194096e-07	3.708853e-03	-5.26298e-03	
9691	9.378628e-02	1.247403e-07	3.713527e-03	-5.26801e-03	
9692	9.379769e-02	1.285465e-07	3.719577e-03	-5.27362e-03	
9693	9.380874e-02	1.272321e-07	3.723945e-03	-5.27834e-03	
9694	9.381972e-02	1.221961e-07	3.729708e-03	-5.28366e-03	
9695	9.383052e-02	1.181423e-07	3.733862e-03	-5.28818e-03	
9696	9.384265e-02	1.190078e-07	3.740040e-03	-5.29390e-03	
9697	9.385396e-02	1.240809e-07	3.744334e-03	-5.29856e-03	
9698	9.386512e-02	1.282980e-07	3.749993e-03	-5.30377e-03	
9699	9.387879e-02	1.270469e-07	3.755222e-03	-5.30935e-03	
9700	9.389032e-02	1.217172e-07	3.760935e-03	-5.31462e-03	
9701	9.390172e-02	1.179042e-07	3.765064e-03	-5.31911e-03	
9702	9.391281e-02	1.192188e-07	3.770484e-03	-5.32409e-03	
9703	9.392380e-02	1.242597e-07	3.774349e-03	-5.32831e-03	
9704	9.393461e-02	1.283107e-07	3.779573e-03	-5.33310e-03	
9705	9.394672e-02	1.274377e-07	3.783812e-03	-5.33770e-03	
9706	9.395803e-02	1.223635e-07	3.789147e-03	-5.34259e-03	
9707	9.396919e-02	1.181494e-07	3.792892e-03	-5.34670e-03	
9708	9.398289e-02	1.194135e-07	3.799067e-03	-5.35243e-03	
9709	9.399443e-02	1.247496e-07	3.802857e-03	-5.35658e-03	
9710	9.400584e-02	1.285501e-07	3.808029e-03	-5.36131e-03	
9711	9.401687e-02	1.272292e-07	3.811534e-03	-5.36518e-03	
9712	9.402785e-02	1.221913e-07	3.816445e-03	-5.36966e-03	
9713	9.403865e-02	1.181404e-07	3.819764e-03	-5.37334e-03	
9714	9.405076e-02	1.190066e-07	3.824992e-03	-5.37813e-03	
9715	9.406208e-02	1.240804e-07	3.828409e-03	-5.38191e-03	
9716	9.407324e-02	1.282983e-07	3.833199e-03	-5.38627e-03	
9717	9.408693e-02	1.270402e-07	3.837372e-03	-5.39080e-03	
9718	9.409847e-02	1.217040e-07	3.842188e-03	-5.39518e-03	
9719	9.410989e-02	1.178997e-07	3.845432e-03	-5.39879e-03	
9720	9.412094e-02	1.192217e-07	3.849971e-03	-5.40289e-03	
9721	9.413193e-02	1.242634e-07	3.852977e-03	-5.40627e-03	
9722	9.414273e-02	1.283118e-07	3.857351e-03	-5.41021e-03	
9723	9.415483e-02	1.274402e-07	3.860636e-03	-5.41387e-03	
9724	9.416615e-02	1.223656e-07	3.865082e-03	-5.41788e-03	
9725	9.417731e-02	1.181496e-07	3.867952e-03	-5.42112e-03	
9726	9.419103e-02	1.194179e-07	3.873052e-03	-5.42578e-03	
9727	9.420257e-02	1.247594e-07	3.875938e-03	-5.42903e-03	
9728	9.421400e-02	1.285536e-07	3.880210e-03	-5.43288e-03	
9729	9.422500e-02	1.272262e-07	3.882838e-03	-5.43588e-03	
9730	9.423599e-02	1.221864e-07	3.886880e-03	-5.43949e-03	
9731	9.424679e-02	1.181385e-07	3.889345e-03	-5.44233e-03	
9732	9.425888e-02	1.190051e-07	3.893607e-03	-5.44616e-03	
9733	9.427020e-02	1.240796e-07	3.896129e-03	-5.44905e-03	
9734	9.428137e-02	1.282983e-07	3.900032e-03	-5.45253e-03	
9735	9.429508e-02	1.270337e-07	3.903125e-03	-5.45599e-03	
9736	9.430663e-02	1.216911e-07	3.907024e-03	-5.45946e-03	
9737	9.431806e-02	1.178952e-07	3.909364e-03	-5.46218e-03	
9738	9.432907e-02	1.192245e-07	3.913012e-03	-5.46540e-03	
9739	9.434006e-02	1.242672e-07	3.915142e-03	-5.46790e-03	
9740	9.435087e-02	1.283129e-07	3.918652e-03	-5.47099e-03	

Index   time            l1#branch       v1#branch       v2#branch       
--------------------------------------------------------------------------------
9741	9.436294e-02	1.274425e-07	3.920968e-03	-5.47368e-03	
9742	9.437427e-02	1.223673e-07	3.924509e-03	-5.47680e-03	
9743	9.438543e-02	1.181497e-07	3.926488e-03	-5.47915e-03	
9744	9.439917e-02	1.194225e-07	3.930491e-03	-5.48273e-03	
9745	9.441073e-02	1.247698e-07	3.932455e-03	-5.48507e-03	
9746	9.442216e-02	1.285572e-07	3.935812e-03	-5.48800e-03	
9747	9.443314e-02	1.272230e-07	3.937552e-03	-5.49012e-03	
9748	9.444413e-02	1.221814e-07	3.940709e-03	-5.49286e-03	
9749	9.445493e-02	1.181365e-07	3.942308e-03	-5.49484e-03	
9750	9.446700e-02	1.190033e-07	3.945591e-03	-5.49770e-03	
9751	9.447832e-02	1.240784e-07	3.947204e-03	-5.49969e-03	
9752	9.448949e-02	1.282982e-07	3.950206e-03	-5.50227e-03	
9753	9.450323e-02	1.270271e-07	3.952199e-03	-5.50465e-03	
9754	9.451479e-02	1.216781e-07	3.955165e-03	-5.50719e-03	
9755	9.452623e-02	1.178907e-07	3.956586e-03	-5.50900e-03	
9756	9.453721e-02	1.192274e-07	3.959336e-03	-5.51132e-03	
9757	9.454820e-02	1.242712e-07	3.960579e-03	-5.51295e-03	
9758	9.455901e-02	1.283140e-07	3.963213e-03	-5.51517e-03	
9759	9.457106e-02	1.274446e-07	3.964550e-03	-5.51689e-03	
9760	9.458239e-02	1.223689e-07	3.967171e-03	-5.51910e-03	
9761	9.459356e-02	1.181497e-07	3.968248e-03	-5.52056e-03	
9762	9.460732e-02	1.194273e-07	3.971138e-03	-5.52303e-03	
9763	9.461888e-02	1.247807e-07	3.972167e-03	-5.52444e-03	
9764	9.463033e-02	1.285608e-07	3.974595e-03	-5.52645e-03	
9765	9.464128e-02	1.272195e-07	3.975440e-03	-5.52769e-03	
9766	9.465227e-02	1.221762e-07	3.977703e-03	-5.52954e-03	
9767	9.466307e-02	1.181344e-07	3.978424e-03	-5.53065e-03	
9768	9.467512e-02	1.190012e-07	3.980721e-03	-5.53253e-03	
9769	9.468645e-02	1.240769e-07	3.981414e-03	-5.53361e-03	
9770	9.469762e-02	1.282979e-07	3.983505e-03	-5.53529e-03	
9771	9.471138e-02	1.270205e-07	3.984382e-03	-5.53655e-03	
9772	9.472296e-02	1.216649e-07	3.986405e-03	-5.53816e-03	
9773	9.473441e-02	1.178860e-07	3.986896e-03	-5.53905e-03	
9774	9.474536e-02	1.192302e-07	3.988744e-03	-5.54048e-03	
9775	9.475635e-02	1.242753e-07	3.989092e-03	-5.54122e-03	
9776	9.476715e-02	1.283151e-07	3.990841e-03	-5.54256e-03	
9777	9.477919e-02	1.274465e-07	3.991193e-03	-5.54331e-03	
9778	9.479052e-02	1.223703e-07	3.992887e-03	-5.54459e-03	
9779	9.480169e-02	1.181494e-07	3.993052e-03	-5.54515e-03	
9780	9.481547e-02	1.194324e-07	3.994817e-03	-5.54650e-03	
9781	9.482705e-02	1.247921e-07	3.994902e-03	-5.54698e-03	
9782	9.483851e-02	1.285645e-07	3.996392e-03	-5.54807e-03	
9783	9.484943e-02	1.272158e-07	3.996340e-03	-5.54841e-03	
9784	9.486042e-02	1.221708e-07	3.997701e-03	-5.54936e-03	
9785	9.487122e-02	1.181322e-07	3.997540e-03	-5.54960e-03	
9786	9.488325e-02	1.189988e-07	3.998847e-03	-5.55050e-03	
9787	9.489458e-02	1.240751e-07	3.998612e-03	-5.55066e-03	
9788	9.490576e-02	1.282974e-07	3.999785e-03	-5.55143e-03	
9789	9.491954e-02	1.270137e-07	3.999537e-03	-5.55158e-03	
9790	9.493113e-02	1.216513e-07	4.000610e-03	-5.55225e-03	
9791	9.494259e-02	1.178811e-07	4.000162e-03	-5.55220e-03	
9792	9.495350e-02	1.192330e-07	4.001110e-03	-5.55274e-03	
9793	9.496450e-02	1.242796e-07	4.000557e-03	-5.55259e-03	
9794	9.497530e-02	1.283162e-07	4.001418e-03	-5.55305e-03	
9795	9.498731e-02	1.274483e-07	4.000783e-03	-5.55282e-03	
9796	9.499865e-02	1.223715e-07	4.001546e-03	-5.55318e-03	
9797	9.500983e-02	1.181491e-07	4.000795e-03	-5.55283e-03	
9798	9.502363e-02	1.194376e-07	4.001426e-03	-5.55306e-03	

Index   time            l1#branch       v1#branch       v2#branch       
--------------------------------------------------------------------------------
9799	9.503522e-02	1.248039e-07	4.000562e-03	-5.55259e-03	
9800	9.504669e-02	1.285681e-07	4.001109e-03	-5.55274e-03	
9801	9.505758e-02	1.272119e-07	4.000161e-03	-5.55220e-03	
9802	9.506857e-02	1.221650e-07	4.000618e-03	-5.55226e-03	
9803	9.507937e-02	1.181298e-07	3.999571e-03	-5.55161e-03	
9804	9.509138e-02	1.189962e-07	3.999889e-03	-5.55153e-03	
9805	9.510272e-02	1.240731e-07	3.998724e-03	-5.55077e-03	
9806	9.511390e-02	1.282968e-07	3.998978e-03	-5.55063e-03	
9807	9.512770e-02	1.270066e-07	3.997598e-03	-5.54966e-03	
9808	9.513930e-02	1.216373e-07	3.997716e-03	-5.54938e-03	
9809	9.515078e-02	1.178760e-07	3.996327e-03	-5.54840e-03	
9810	9.516166e-02	1.192358e-07	3.996379e-03	-5.54805e-03	
9811	9.517265e-02	1.242839e-07	3.994925e-03	-5.54701e-03	
9812	9.518345e-02	1.283172e-07	3.994897e-03	-5.54658e-03	
9813	9.519545e-02	1.274500e-07	3.993278e-03	-5.54538e-03	
9814	9.520679e-02	1.223726e-07	3.993108e-03	-5.54481e-03	
9815	9.521797e-02	1.181485e-07	3.991440e-03	-5.54355e-03	
9816	9.523179e-02	1.194430e-07	3.990936e-03	-5.54266e-03	
9817	9.524340e-02	1.248161e-07	3.989120e-03	-5.54125e-03	
9818	9.525488e-02	1.285717e-07	3.988722e-03	-5.54046e-03	
9819	9.526574e-02	1.272076e-07	3.986886e-03	-5.53904e-03	
9820	9.527673e-02	1.221589e-07	3.986439e-03	-5.53820e-03	
9821	9.528753e-02	1.181271e-07	3.984508e-03	-5.53668e-03	
9822	9.529951e-02	1.189933e-07	3.983842e-03	-5.53562e-03	
9823	9.531086e-02	1.240708e-07	3.981748e-03	-5.53394e-03	
9824	9.532204e-02	1.282960e-07	3.981083e-03	-5.53289e-03	
9825	9.533587e-02	1.269991e-07	3.978570e-03	-5.53079e-03	
9826	9.534749e-02	1.216227e-07	3.977735e-03	-5.52957e-03	
9827	9.535898e-02	1.178707e-07	3.975406e-03	-5.52765e-03	
9828	9.536982e-02	1.192386e-07	3.974570e-03	-5.52643e-03	
9829	9.538081e-02	1.242885e-07	3.972217e-03	-5.52449e-03	
9830	9.539161e-02	1.283183e-07	3.971304e-03	-5.52319e-03	
9831	9.540359e-02	1.274517e-07	3.968709e-03	-5.52102e-03	
9832	9.541493e-02	1.223737e-07	3.967609e-03	-5.51953e-03	
9833	9.542612e-02	1.181479e-07	3.965028e-03	-5.51737e-03	
9834	9.543996e-02	1.194486e-07	3.963389e-03	-5.51534e-03	
9835	9.545158e-02	1.248289e-07	3.960623e-03	-5.51300e-03	
9836	9.546308e-02	1.285754e-07	3.959284e-03	-5.51128e-03	
9837	9.547390e-02	1.272030e-07	3.956569e-03	-5.50898e-03	
9838	9.548490e-02	1.221524e-07	3.955224e-03	-5.50725e-03	
9839	9.549570e-02	1.181243e-07	3.952413e-03	-5.50486e-03	
9840	9.550766e-02	1.189901e-07	3.950774e-03	-5.50284e-03	
9841	9.551901e-02	1.240683e-07	3.947756e-03	-5.50024e-03	
9842	9.553020e-02	1.282950e-07	3.946178e-03	-5.49828e-03	
9843	9.554405e-02	1.269914e-07	3.942535e-03	-5.49507e-03	
9844	9.555568e-02	1.216074e-07	3.940750e-03	-5.49290e-03	
9845	9.556718e-02	1.178651e-07	3.937485e-03	-5.49006e-03	
9846	9.557799e-02	1.192416e-07	3.935775e-03	-5.48797e-03	
9847	9.558898e-02	1.242932e-07	3.932530e-03	-5.48514e-03	
9848	9.559978e-02	1.283194e-07	3.930739e-03	-5.48297e-03	
9849	9.561173e-02	1.274533e-07	3.927180e-03	-5.47984e-03	
9850	9.562308e-02	1.223747e-07	3.925156e-03	-5.47744e-03	
9851	9.563427e-02	1.181471e-07	3.921669e-03	-5.47438e-03	
9852	9.564814e-02	1.194544e-07	3.918901e-03	-5.47124e-03	
9853	9.565978e-02	1.248422e-07	3.915193e-03	-5.46796e-03	
9854	9.567129e-02	1.285791e-07	3.912918e-03	-5.46531e-03	
9855	9.568207e-02	1.271982e-07	3.909339e-03	-5.46215e-03	
9856	9.569307e-02	1.221455e-07	3.907104e-03	-5.45954e-03	

Index   time            l1#branch       v1#branch       v2#branch       
--------------------------------------------------------------------------------
9857	9.570387e-02	1.181212e-07	3.903423e-03	-5.45629e-03	
9858	9.571580e-02	1.189866e-07	3.900824e-03	-5.45331e-03	
9859	9.572716e-02	1.240655e-07	3.896891e-03	-5.44981e-03	
9860	9.573835e-02	1.282939e-07	3.894409e-03	-5.44695e-03	
9861	9.575223e-02	1.269832e-07	3.889645e-03	-5.44263e-03	
9862	9.576387e-02	1.215914e-07	3.886918e-03	-5.43953e-03	
9863	9.577539e-02	1.178593e-07	3.882726e-03	-5.43577e-03	
9864	9.578616e-02	1.192445e-07	3.880157e-03	-5.43282e-03	
9865	9.579716e-02	1.242982e-07	3.876032e-03	-5.42913e-03	
9866	9.580796e-02	1.283204e-07	3.873372e-03	-5.42610e-03	
9867	9.581988e-02	1.274549e-07	3.868866e-03	-5.42203e-03	
9868	9.583124e-02	1.223756e-07	3.865930e-03	-5.41872e-03	
9869	9.584243e-02	1.181463e-07	3.861548e-03	-5.41477e-03	
9870	9.585633e-02	1.194604e-07	3.857661e-03	-5.41052e-03	
9871	9.586798e-02	1.248560e-07	3.853020e-03	-5.40631e-03	
9872	9.587950e-02	1.285828e-07	3.849821e-03	-5.40275e-03	
9873	9.589025e-02	1.271929e-07	3.845396e-03	-5.39876e-03	
9874	9.590125e-02	1.221382e-07	3.842283e-03	-5.39528e-03	
9875	9.591205e-02	1.181178e-07	3.837744e-03	-5.39117e-03	
9876	9.592396e-02	1.189830e-07	3.834204e-03	-5.38726e-03	
9877	9.593532e-02	1.240625e-07	3.829369e-03	-5.38287e-03	
9878	9.594652e-02	1.282926e-07	3.825996e-03	-5.37913e-03	
9879	9.596042e-02	1.269746e-07	3.820123e-03	-5.37370e-03	
9880	9.597208e-02	1.215747e-07	3.816467e-03	-5.36968e-03	
9881	9.598361e-02	1.178533e-07	3.811359e-03	-5.36501e-03	
9882	9.599434e-02	1.192476e-07	3.807953e-03	-5.36124e-03	
9883	9.600534e-02	1.243034e-07	3.802961e-03	-5.35668e-03	
9884	9.601614e-02	1.283215e-07	3.799448e-03	-5.35281e-03	
9885	9.602804e-02	1.274565e-07	3.794015e-03	-5.34781e-03	
9886	9.603940e-02	1.223765e-07	3.790181e-03	-5.34362e-03	
9887	9.605060e-02	1.181453e-07	3.784919e-03	-5.33880e-03	
9888	9.606452e-02	1.194666e-07	3.779928e-03	-5.33345e-03	
9889	9.607619e-02	1.248704e-07	3.774369e-03	-5.32834e-03	
9890	9.608773e-02	1.285865e-07	3.770259e-03	-5.32387e-03	
9891	9.609844e-02	1.271874e-07	3.765011e-03	-5.31906e-03	
9892	9.610944e-02	1.221303e-07	3.761036e-03	-5.31472e-03	
9893	9.612024e-02	1.181142e-07	3.755656e-03	-5.30978e-03	
9894	9.613212e-02	1.189790e-07	3.751198e-03	-5.30497e-03	
9895	9.614349e-02	1.240592e-07	3.745477e-03	-5.29969e-03	
9896	9.615469e-02	1.282912e-07	3.741229e-03	-5.29509e-03	
9897	9.616862e-02	1.269656e-07	3.734265e-03	-5.28858e-03	
9898	9.618030e-02	1.215572e-07	3.729696e-03	-5.28365e-03	
9899	9.619185e-02	1.178469e-07	3.723688e-03	-5.27809e-03	
9900	9.620254e-02	1.192508e-07	3.719469e-03	-5.27351e-03	
9901	9.621353e-02	1.243088e-07	3.713628e-03	-5.26811e-03	
9902	9.622433e-02	1.283226e-07	3.709281e-03	-5.26341e-03	
9903	9.623620e-02	1.274580e-07	3.702945e-03	-5.25752e-03	
9904	9.624757e-02	1.223775e-07	3.698232e-03	-5.25246e-03	
9905	9.625877e-02	1.181442e-07	3.692109e-03	-5.24678e-03	
9906	9.627273e-02	1.194730e-07	3.686033e-03	-5.24036e-03	
9907	9.628441e-02	1.248855e-07	3.679574e-03	-5.23435e-03	
9908	9.629596e-02	1.285902e-07	3.674570e-03	-5.22900e-03	
9909	9.630663e-02	1.271814e-07	3.668526e-03	-5.22340e-03	
9910	9.631763e-02	1.221219e-07	3.663709e-03	-5.21823e-03	
9911	9.632843e-02	1.181103e-07	3.657508e-03	-5.21247e-03	
9912	9.634029e-02	1.189748e-07	3.652158e-03	-5.20678e-03	
9913	9.635166e-02	1.240556e-07	3.645572e-03	-5.20064e-03	
9914	9.636286e-02	1.282896e-07	3.640470e-03	-5.19519e-03	

Index   time            l1#branch       v1#branch       v2#branch       
--------------------------------------------------------------------------------
9915	9.637683e-02	1.269561e-07	3.632435e-03	-5.18762e-03	
9916	9.638852e-02	1.215389e-07	3.626973e-03	-5.18181e-03	
9917	9.640009e-02	1.178403e-07	3.620085e-03	-5.17537e-03	
9918	9.641074e-02	1.192541e-07	3.615082e-03	-5.17002e-03	
9919	9.642174e-02	1.243145e-07	3.608413e-03	-5.16380e-03	
9920	9.643253e-02	1.283238e-07	3.603252e-03	-5.15829e-03	
9921	9.644437e-02	1.274596e-07	3.596044e-03	-5.15154e-03	
9922	9.645575e-02	1.223784e-07	3.590474e-03	-5.14562e-03	
9923	9.646696e-02	1.181430e-07	3.583511e-03	-5.13911e-03	
9924	9.648094e-02	1.194796e-07	3.576375e-03	-5.13164e-03	
9925	9.649264e-02	1.249011e-07	3.569037e-03	-5.12476e-03	
9926	9.650421e-02	1.285939e-07	3.563161e-03	-5.11854e-03	
9927	9.651484e-02	1.271751e-07	3.556350e-03	-5.11218e-03	
9928	9.652584e-02	1.221130e-07	3.550715e-03	-5.10620e-03	
9929	9.653664e-02	1.181061e-07	3.543715e-03	-5.09966e-03	
9930	9.654846e-02	1.189703e-07	3.537506e-03	-5.09311e-03	
9931	9.655984e-02	1.240518e-07	3.530078e-03	-5.08614e-03	
9932	9.657105e-02	1.282878e-07	3.524147e-03	-5.07986e-03	
9933	9.658505e-02	1.269462e-07	3.515068e-03	-5.07126e-03	
9934	9.659806e-02	1.210361e-07	3.507950e-03	-5.06381e-03	
9935	9.660976e-02	1.177456e-07	3.500126e-03	-5.05644e-03	
9936	9.661912e-02	1.192715e-07	3.495125e-03	-5.05109e-03	
9937	9.662989e-02	1.242443e-07	3.487795e-03	-5.04421e-03	
9938	9.664040e-02	1.282473e-07	3.482025e-03	-5.03810e-03	
9939	9.665213e-02	1.276056e-07	3.474027e-03	-5.03057e-03	
9940	9.666355e-02	1.225959e-07	3.467605e-03	-5.02381e-03	
9941	9.667480e-02	1.182235e-07	3.459808e-03	-5.01647e-03	
9942	9.668796e-02	1.191184e-07	3.452184e-03	-5.00852e-03	
9943	9.669966e-02	1.244064e-07	3.444004e-03	-5.00080e-03	
9944	9.671118e-02	1.284557e-07	3.437334e-03	-4.99379e-03	
9945	9.672326e-02	1.271268e-07	3.428831e-03	-4.98576e-03	
9946	9.673459e-02	1.219079e-07	3.422184e-03	-4.97878e-03	
9947	9.674575e-02	1.179827e-07	3.414177e-03	-4.97123e-03	
9948	9.675724e-02	1.191151e-07	3.407334e-03	-4.96405e-03	
9949	9.676851e-02	1.242226e-07	3.399174e-03	-4.95635e-03	
9950	9.677958e-02	1.283312e-07	3.392530e-03	-4.94937e-03	
9951	9.679193e-02	1.273045e-07	3.383564e-03	-4.94088e-03	
9952	9.680341e-02	1.221066e-07	3.376564e-03	-4.93355e-03	
9953	9.681471e-02	1.180278e-07	3.368200e-03	-4.92565e-03	
9954	9.682691e-02	1.192126e-07	3.360611e-03	-4.91773e-03	
9955	9.683832e-02	1.244234e-07	3.352090e-03	-4.90967e-03	
9956	9.684955e-02	1.284228e-07	3.345084e-03	-4.90234e-03	
9957	9.686138e-02	1.272631e-07	3.336189e-03	-4.89391e-03	
9958	9.687271e-02	1.221030e-07	3.329023e-03	-4.88641e-03	
9959	9.688387e-02	1.180472e-07	3.320505e-03	-4.87836e-03	
9960	9.689596e-02	1.191416e-07	3.312715e-03	-4.87024e-03	
9961	9.690737e-02	1.243218e-07	3.303935e-03	-4.86193e-03	
9962	9.691860e-02	1.283886e-07	3.296672e-03	-4.85434e-03	
9963	9.693074e-02	1.272465e-07	3.287288e-03	-4.84543e-03	
9964	9.694215e-02	1.220485e-07	3.279809e-03	-4.83762e-03	
9965	9.695339e-02	1.180170e-07	3.270982e-03	-4.82926e-03	
9966	9.696536e-02	1.191703e-07	3.263000e-03	-4.82096e-03	
9967	9.697674e-02	1.243502e-07	3.253988e-03	-4.81241e-03	
9968	9.698793e-02	1.283928e-07	3.246500e-03	-4.80460e-03	
9969	9.699996e-02	1.272679e-07	3.236931e-03	-4.79550e-03	
9970	9.701135e-02	1.220863e-07	3.229210e-03	-4.78746e-03	
9971	9.702257e-02	1.180319e-07	3.220147e-03	-4.77886e-03	
9972	9.703465e-02	1.191668e-07	3.211821e-03	-4.77022e-03	

Index   time            l1#branch       v1#branch       v2#branch       
--------------------------------------------------------------------------------
9973	9.704606e-02	1.243584e-07	3.202535e-03	-4.76140e-03	
9974	9.705729e-02	1.283998e-07	3.194773e-03	-4.75332e-03	
9975	9.706931e-02	1.272532e-07	3.184945e-03	-4.74396e-03	
9976	9.708070e-02	1.220659e-07	3.176974e-03	-4.73567e-03	
9977	9.709192e-02	1.180248e-07	3.167668e-03	-4.72684e-03	
9978	9.710394e-02	1.191618e-07	3.159127e-03	-4.71798e-03	
9979	9.711533e-02	1.243475e-07	3.149600e-03	-4.70892e-03	
9980	9.712655e-02	1.283942e-07	3.141603e-03	-4.70060e-03	
9981	9.713860e-02	1.272564e-07	3.131497e-03	-4.69098e-03	
9982	9.715000e-02	1.220660e-07	3.123271e-03	-4.68243e-03	
9983	9.716123e-02	1.180228e-07	3.113714e-03	-4.67335e-03	
9984	9.717325e-02	1.191667e-07	3.104909e-03	-4.66422e-03	
9985	9.718466e-02	1.243569e-07	3.095134e-03	-4.65492e-03	
9986	9.719588e-02	1.283976e-07	3.086893e-03	-4.64636e-03	
9987	9.720790e-02	1.272553e-07	3.076555e-03	-4.63651e-03	
9988	9.721930e-02	1.220657e-07	3.068089e-03	-4.62772e-03	
9989	9.723052e-02	1.180227e-07	3.058298e-03	-4.61841e-03	
9990	9.724255e-02	1.191642e-07	3.049240e-03	-4.60903e-03	
9991	9.725395e-02	1.243557e-07	3.039222e-03	-4.59949e-03	
9992	9.726518e-02	1.283974e-07	3.030742e-03	-4.59070e-03	
9993	9.727720e-02	1.272527e-07	3.020151e-03	-4.58059e-03	
9994	9.728861e-02	1.220600e-07	3.011442e-03	-4.57156e-03	
9995	9.729984e-02	1.180198e-07	3.001414e-03	-4.56201e-03	
9996	9.731185e-02	1.191648e-07	2.992119e-03	-4.55240e-03	
9997	9.732326e-02	1.243574e-07	2.981865e-03	-4.54263e-03	
9998	9.733449e-02	1.283976e-07	2.973153e-03	-4.53360e-03	
9999	9.734650e-02	1.272524e-07	2.962322e-03	-4.52326e-03	
10000	9.735791e-02	1.220586e-07	2.953377e-03	-4.51400e-03	
10001	9.736914e-02	1.180185e-07	2.943119e-03	-4.50422e-03	
10002	9.738115e-02	1.191650e-07	2.933581e-03	-4.49437e-03	
10003	9.739256e-02	1.243597e-07	2.923094e-03	-4.48436e-03	
10004	9.740380e-02	1.283985e-07	2.914151e-03	-4.47511e-03	
10005	9.741580e-02	1.272506e-07	2.903087e-03	-4.46453e-03	
10006	9.742721e-02	1.220552e-07	2.893910e-03	-4.45504e-03	
10007	9.743845e-02	1.180166e-07	2.883426e-03	-4.44504e-03	
10008	9.745045e-02	1.191647e-07	2.873656e-03	-4.43496e-03	
10009	9.746186e-02	1.243608e-07	2.862940e-03	-4.42473e-03	
10010	9.747310e-02	1.283987e-07	2.853773e-03	-4.41525e-03	
10011	9.748510e-02	1.272494e-07	2.842477e-03	-4.40444e-03	
10012	9.749652e-02	1.220521e-07	2.833073e-03	-4.39473e-03	
10013	9.750775e-02	1.180146e-07	2.822367e-03	-4.38451e-03	
10014	9.751975e-02	1.191649e-07	2.812368e-03	-4.37420e-03	
10015	9.753117e-02	1.243627e-07	2.801428e-03	-4.36375e-03	
10016	9.754241e-02	1.283993e-07	2.792040e-03	-4.35405e-03	
10017	9.755440e-02	1.272480e-07	2.780521e-03	-4.34302e-03	
10018	9.756582e-02	1.220492e-07	2.770894e-03	-4.33309e-03	
10019	9.757706e-02	1.180129e-07	2.759971e-03	-4.32265e-03	
10020	9.758905e-02	1.191648e-07	2.749749e-03	-4.31213e-03	
10021	9.760047e-02	1.243643e-07	2.738589e-03	-4.30145e-03	
10022	9.761171e-02	1.283998e-07	2.728986e-03	-4.29154e-03	
10023	9.762370e-02	1.272466e-07	2.717247e-03	-4.28030e-03	
10024	9.763512e-02	1.220460e-07	2.707402e-03	-4.27015e-03	
10025	9.764637e-02	1.180109e-07	2.696267e-03	-4.25950e-03	
10026	9.765835e-02	1.191648e-07	2.685828e-03	-4.24876e-03	
10027	9.766977e-02	1.243660e-07	2.674454e-03	-4.23787e-03	
10028	9.768102e-02	1.284003e-07	2.664639e-03	-4.22775e-03	
10029	9.769300e-02	1.272452e-07	2.652687e-03	-4.21629e-03	
10030	9.770442e-02	1.220429e-07	2.642628e-03	-4.20593e-03	

Index   time            l1#branch       v1#branch       v2#branch       
--------------------------------------------------------------------------------
10031	9.771567e-02	1.180090e-07	2.631285e-03	-4.19508e-03	
10032	9.772764e-02	1.191648e-07	2.620634e-03	-4.18413e-03	
10033	9.773908e-02	1.243678e-07	2.609050e-03	-4.17303e-03	
10034	9.775032e-02	1.284008e-07	2.599030e-03	-4.16271e-03	
10035	9.776229e-02	1.272437e-07	2.586870e-03	-4.15104e-03	
10036	9.777373e-02	1.220397e-07	2.576603e-03	-4.14048e-03	
10037	9.778498e-02	1.180070e-07	2.565057e-03	-4.12942e-03	
10038	9.779694e-02	1.191648e-07	2.554200e-03	-4.11827e-03	
10039	9.780838e-02	1.243695e-07	2.542411e-03	-4.10697e-03	
10040	9.781963e-02	1.284013e-07	2.532189e-03	-4.09645e-03	
10041	9.783159e-02	1.272423e-07	2.519827e-03	-4.08458e-03	
10042	9.784303e-02	1.220364e-07	2.509357e-03	-4.07382e-03	
10043	9.785428e-02	1.180050e-07	2.497614e-03	-4.06256e-03	
10044	9.786624e-02	1.191648e-07	2.486557e-03	-4.05121e-03	
10045	9.787768e-02	1.243713e-07	2.474568e-03	-4.03971e-03	
10046	9.788893e-02	1.284018e-07	2.464150e-03	-4.02900e-03	
10047	9.790089e-02	1.272408e-07	2.451591e-03	-4.01694e-03	
10048	9.791233e-02	1.220331e-07	2.440923e-03	-4.00597e-03	
10049	9.792359e-02	1.180030e-07	2.428987e-03	-3.99453e-03	
10050	9.793554e-02	1.191648e-07	2.417736e-03	-3.98299e-03	
10051	9.794698e-02	1.243731e-07	2.405552e-03	-3.97130e-03	
10052	9.795824e-02	1.284023e-07	2.394943e-03	-3.96039e-03	
10053	9.797019e-02	1.272393e-07	2.382194e-03	-3.94814e-03	
10054	9.798163e-02	1.220297e-07	2.371333e-03	-3.93699e-03	
10055	9.799289e-02	1.180010e-07	2.359209e-03	-3.92536e-03	
10056	9.800483e-02	1.191647e-07	2.347770e-03	-3.91363e-03	
10057	9.801628e-02	1.243750e-07	2.335397e-03	-3.90175e-03	
10058	9.802754e-02	1.284028e-07	2.324602e-03	-3.89066e-03	
10059	9.803948e-02	1.272377e-07	2.311669e-03	-3.87823e-03	
10060	9.805093e-02	1.220263e-07	2.300620e-03	-3.86689e-03	
10061	9.806219e-02	1.179989e-07	2.288314e-03	-3.85508e-03	
10062	9.807413e-02	1.191647e-07	2.276693e-03	-3.84317e-03	
10063	9.808558e-02	1.243768e-07	2.264136e-03	-3.83111e-03	
10064	9.809685e-02	1.284033e-07	2.253160e-03	-3.81984e-03	
10065	9.810878e-02	1.272362e-07	2.240049e-03	-3.80723e-03	
10066	9.812023e-02	1.220229e-07	2.228818e-03	-3.79571e-03	
10067	9.813150e-02	1.179968e-07	2.216335e-03	-3.78373e-03	
10068	9.814343e-02	1.191647e-07	2.204537e-03	-3.77164e-03	
10069	9.815488e-02	1.243787e-07	2.191802e-03	-3.75941e-03	
10070	9.816615e-02	1.284038e-07	2.180651e-03	-3.74797e-03	
10071	9.817808e-02	1.272346e-07	2.167368e-03	-3.73519e-03	
10072	9.818953e-02	1.220194e-07	2.155960e-03	-3.72349e-03	
10073	9.820080e-02	1.179947e-07	2.143306e-03	-3.71133e-03	
10074	9.821272e-02	1.191647e-07	2.131338e-03	-3.69908e-03	
10075	9.822418e-02	1.243806e-07	2.118430e-03	-3.68667e-03	
10076	9.823545e-02	1.284043e-07	2.107109e-03	-3.67507e-03	
10077	9.824737e-02	1.272330e-07	2.093661e-03	-3.66212e-03	
10078	9.825883e-02	1.220158e-07	2.082081e-03	-3.65026e-03	
10079	9.827010e-02	1.179925e-07	2.069261e-03	-3.63794e-03	
10080	9.828202e-02	1.191646e-07	2.057130e-03	-3.62552e-03	
10081	9.829348e-02	1.243825e-07	2.044055e-03	-3.61295e-03	
10082	9.830476e-02	1.284048e-07	2.032569e-03	-3.60118e-03	
10083	9.831667e-02	1.272313e-07	2.018962e-03	-3.58808e-03	
10084	9.832813e-02	1.220122e-07	2.007217e-03	-3.57605e-03	
10085	9.833941e-02	1.179903e-07	1.994236e-03	-3.56357e-03	
10086	9.835131e-02	1.191646e-07	1.981949e-03	-3.55100e-03	
10087	9.836278e-02	1.243845e-07	1.968712e-03	-3.53826e-03	
10088	9.837406e-02	1.284053e-07	1.957067e-03	-3.52634e-03	

Index   time            l1#branch       v1#branch       v2#branch       
--------------------------------------------------------------------------------
10089	9.838596e-02	1.272296e-07	1.943308e-03	-3.51309e-03	
10090	9.839743e-02	1.220085e-07	1.931403e-03	-3.50090e-03	
10091	9.840871e-02	1.179881e-07	1.918267e-03	-3.48826e-03	
10092	9.842061e-02	1.191646e-07	1.905829e-03	-3.47555e-03	
10093	9.843208e-02	1.243865e-07	1.892436e-03	-3.46266e-03	
10094	9.844336e-02	1.284059e-07	1.880639e-03	-3.45058e-03	
10095	9.845526e-02	1.272279e-07	1.866733e-03	-3.43718e-03	
10096	9.846673e-02	1.220048e-07	1.854674e-03	-3.42484e-03	
10097	9.847801e-02	1.179858e-07	1.841389e-03	-3.41206e-03	
10098	9.848990e-02	1.191645e-07	1.828807e-03	-3.39920e-03	
10099	9.850138e-02	1.243884e-07	1.815264e-03	-3.38616e-03	
10100	9.851266e-02	1.284064e-07	1.803319e-03	-3.37394e-03	
10101	9.852455e-02	1.272262e-07	1.789274e-03	-3.36041e-03	
10102	9.853603e-02	1.220010e-07	1.777067e-03	-3.34792e-03	
10103	9.854732e-02	1.179835e-07	1.763639e-03	-3.33500e-03	
10104	9.855920e-02	1.191645e-07	1.750920e-03	-3.32200e-03	
10105	9.857068e-02	1.243905e-07	1.737232e-03	-3.30882e-03	
10106	9.858197e-02	1.284069e-07	1.725146e-03	-3.29646e-03	
10107	9.859385e-02	1.272244e-07	1.710968e-03	-3.28279e-03	
10108	9.860533e-02	1.219971e-07	1.698618e-03	-3.27016e-03	
10109	9.861662e-02	1.179812e-07	1.685053e-03	-3.25710e-03	
10110	9.862849e-02	1.191644e-07	1.672203e-03	-3.24398e-03	
10111	9.863998e-02	1.243925e-07	1.658378e-03	-3.23066e-03	
10112	9.865127e-02	1.284074e-07	1.646157e-03	-3.21817e-03	
10113	9.866314e-02	1.272226e-07	1.631852e-03	-3.20437e-03	
10114	9.867463e-02	1.219932e-07	1.619366e-03	-3.19161e-03	
10115	9.868592e-02	1.179788e-07	1.605670e-03	-3.17842e-03	
10116	9.869779e-02	1.191643e-07	1.592696e-03	-3.16518e-03	
10117	9.870927e-02	1.243945e-07	1.578738e-03	-3.15173e-03	
10118	9.872057e-02	1.284078e-07	1.566388e-03	-3.13910e-03	
10119	9.873243e-02	1.272208e-07	1.551964e-03	-3.12519e-03	
10120	9.874392e-02	1.219892e-07	1.539347e-03	-3.11231e-03	
10121	9.875522e-02	1.179763e-07	1.525526e-03	-3.09899e-03	
10122	9.876708e-02	1.191642e-07	1.512435e-03	-3.08563e-03	
10123	9.877857e-02	1.243966e-07	1.498351e-03	-3.07206e-03	
10124	9.878987e-02	1.284083e-07	1.485877e-03	-3.05931e-03	
10125	9.880173e-02	1.272189e-07	1.471341e-03	-3.04529e-03	
10126	9.881322e-02	1.219852e-07	1.458600e-03	-3.03228e-03	
10127	9.882452e-02	1.179739e-07	1.444659e-03	-3.01885e-03	
10128	9.883637e-02	1.191641e-07	1.431458e-03	-3.00538e-03	
10129	9.884787e-02	1.243986e-07	1.417254e-03	-2.99168e-03	
10130	9.885918e-02	1.284088e-07	1.404663e-03	-2.97882e-03	
10131	9.887102e-02	1.272170e-07	1.390021e-03	-2.96470e-03	
10132	9.888252e-02	1.219810e-07	1.377163e-03	-2.95157e-03	
10133	9.889383e-02	1.179713e-07	1.363109e-03	-2.93802e-03	
10134	9.890567e-02	1.191640e-07	1.349804e-03	-2.92445e-03	
10135	9.891717e-02	1.244007e-07	1.335487e-03	-2.91065e-03	
10136	9.892848e-02	1.284092e-07	1.322785e-03	-2.89768e-03	
10137	9.894031e-02	1.272150e-07	1.308043e-03	-2.88345e-03	
10138	9.895182e-02	1.219768e-07	1.295074e-03	-2.87022e-03	
10139	9.896313e-02	1.179687e-07	1.280913e-03	-2.85657e-03	
10140	9.897496e-02	1.191638e-07	1.267512e-03	-2.84290e-03	
10141	9.898647e-02	1.244028e-07	1.253087e-03	-2.82899e-03	
10142	9.899778e-02	1.284096e-07	1.240280e-03	-2.81592e-03	
10143	9.900961e-02	1.272129e-07	1.225447e-03	-2.80160e-03	
10144	9.902111e-02	1.219725e-07	1.212372e-03	-2.78826e-03	
10145	9.903243e-02	1.179661e-07	1.198110e-03	-2.77451e-03	
10146	9.904425e-02	1.191636e-07	1.184619e-03	-2.76076e-03	

Index   time            l1#branch       v1#branch       v2#branch       
--------------------------------------------------------------------------------
10147	9.905576e-02	1.244049e-07	1.170094e-03	-2.74675e-03	
10148	9.906708e-02	1.284100e-07	1.157188e-03	-2.73358e-03	
10149	9.907890e-02	1.272108e-07	1.142270e-03	-2.71918e-03	
10150	9.909041e-02	1.219680e-07	1.129096e-03	-2.70574e-03	
10151	9.910173e-02	1.179633e-07	1.114741e-03	-2.69190e-03	
10152	9.911354e-02	1.191634e-07	1.101167e-03	-2.67807e-03	
10153	9.912506e-02	1.244069e-07	1.086547e-03	-2.66396e-03	
10154	9.913638e-02	1.284103e-07	1.073549e-03	-2.65070e-03	
10155	9.914819e-02	1.272086e-07	1.058553e-03	-2.63623e-03	
10156	9.915971e-02	1.219635e-07	1.045287e-03	-2.62270e-03	
10157	9.917103e-02	1.179605e-07	1.030843e-03	-2.60877e-03	
10158	9.918284e-02	1.191631e-07	1.017194e-03	-2.59486e-03	
10159	9.919436e-02	1.244089e-07	1.002486e-03	-2.58067e-03	
10160	9.920568e-02	1.284106e-07	9.894018e-04	-2.56733e-03	
10161	9.921748e-02	1.272063e-07	9.743356e-04	-2.55279e-03	
10162	9.922900e-02	1.219588e-07	9.609827e-04	-2.53917e-03	
10163	9.924033e-02	1.179576e-07	9.464577e-04	-2.52517e-03	
10164	9.925213e-02	1.191627e-07	9.327402e-04	-2.51119e-03	
10165	9.926365e-02	1.244109e-07	9.179509e-04	-2.49692e-03	
10166	9.927498e-02	1.284107e-07	9.047866e-04	-2.48350e-03	
10167	9.928677e-02	1.272038e-07	8.896570e-04	-2.46889e-03	
10168	9.929830e-02	1.219539e-07	8.762243e-04	-2.45521e-03	
10169	9.930963e-02	1.179545e-07	8.616243e-04	-2.44112e-03	
10170	9.932142e-02	1.191622e-07	8.478454e-04	-2.42709e-03	
10171	9.933295e-02	1.244128e-07	8.329811e-04	-2.41275e-03	
10172	9.934428e-02	1.284108e-07	8.197435e-04	-2.39925e-03	
10173	9.935606e-02	1.272012e-07	8.045576e-04	-2.38459e-03	
10174	9.936760e-02	1.219488e-07	7.910517e-04	-2.37084e-03	
10175	9.937893e-02	1.179512e-07	7.763831e-04	-2.35669e-03	
10176	9.939071e-02	1.191615e-07	7.625499e-04	-2.34260e-03	
10177	9.940225e-02	1.244146e-07	7.476173e-04	-2.32819e-03	
10178	9.941358e-02	1.284107e-07	7.343128e-04	-2.31464e-03	
10179	9.942536e-02	1.271984e-07	7.190779e-04	-2.29993e-03	
10180	9.943689e-02	1.219434e-07	7.055052e-04	-2.28611e-03	
10181	9.944824e-02	1.179477e-07	6.907746e-04	-2.27190e-03	
10182	9.946000e-02	1.191607e-07	6.768943e-04	-2.25777e-03	
10183	9.947154e-02	1.244163e-07	6.619000e-04	-2.24330e-03	
10184	9.948289e-02	1.284104e-07	6.485350e-04	-2.22969e-03	
10185	9.949465e-02	1.271953e-07	6.332584e-04	-2.21494e-03	
10186	9.950619e-02	1.219377e-07	6.196254e-04	-2.20106e-03	
10187	9.951754e-02	1.179438e-07	6.048395e-04	-2.18681e-03	
10188	9.952929e-02	1.191596e-07	5.909192e-04	-2.17264e-03	
10189	9.954084e-02	1.244176e-07	5.758699e-04	-2.15812e-03	
10190	9.955219e-02	1.284097e-07	5.624507e-04	-2.14446e-03	
10191	9.956394e-02	1.271917e-07	5.471398e-04	-2.12968e-03	
10192	9.957549e-02	1.219315e-07	5.334531e-04	-2.11575e-03	
10193	9.958684e-02	1.179395e-07	5.186185e-04	-2.10145e-03	
10194	9.959858e-02	1.191580e-07	5.046653e-04	-2.08726e-03	
10195	9.961014e-02	1.244186e-07	4.895679e-04	-2.07270e-03	
10196	9.962149e-02	1.284085e-07	4.761009e-04	-2.05899e-03	
10197	9.963323e-02	1.271875e-07	4.607633e-04	-2.04420e-03	
10198	9.964478e-02	1.219245e-07	4.470292e-04	-2.03023e-03	
10199	9.965614e-02	1.179344e-07	4.321526e-04	-2.01589e-03	
10200	9.966787e-02	1.191556e-07	4.181738e-04	-2.00168e-03	
10201	9.967943e-02	1.244188e-07	4.030350e-04	-1.98709e-03	
10202	9.969079e-02	1.284065e-07	3.895267e-04	-1.97335e-03	
10203	9.970252e-02	1.271823e-07	3.741700e-04	-1.95855e-03	
10204	9.971408e-02	1.219162e-07	3.603949e-04	-1.94454e-03	

Index   time            l1#branch       v1#branch       v2#branch       
--------------------------------------------------------------------------------
10205	9.972544e-02	1.179280e-07	3.454833e-04	-1.93019e-03	
10206	9.973716e-02	1.191520e-07	3.314860e-04	-1.91597e-03	
10207	9.974873e-02	1.244176e-07	3.163130e-04	-1.90136e-03	
10208	9.976009e-02	1.284028e-07	3.027696e-04	-1.88760e-03	
10209	9.977181e-02	1.271751e-07	2.874017e-04	-1.87280e-03	
10210	9.978338e-02	1.219056e-07	2.735919e-04	-1.85879e-03	
10211	9.979474e-02	1.179191e-07	2.586523e-04	-1.84442e-03	
10212	9.980645e-02	1.191456e-07	2.446440e-04	-1.83022e-03	
10213	9.981802e-02	1.244135e-07	2.294441e-04	-1.81561e-03	
10214	9.982939e-02	1.283955e-07	2.158717e-04	-1.80185e-03	
10215	9.984110e-02	1.271635e-07	2.005014e-04	-1.78710e-03	
10216	9.985267e-02	1.218897e-07	1.866628e-04	-1.77310e-03	
10217	9.986404e-02	1.179042e-07	1.717031e-04	-1.75878e-03	
10218	9.987575e-02	1.191324e-07	1.576913e-04	-1.74464e-03	
10219	9.988732e-02	1.244012e-07	1.424731e-04	-1.73010e-03	
10220	9.989869e-02	1.283781e-07	1.288779e-04	-1.71642e-03	
10221	9.991039e-02	1.271389e-07	1.135145e-04	-1.70182e-03	
10222	9.992197e-02	1.218567e-07	9.965083e-05	-1.68797e-03	
10223	9.993335e-02	1.178681e-07	8.467857e-05	-1.67389e-03	
10224	9.994504e-02	1.190917e-07	7.067125e-05	-1.66010e-03	
10225	9.995662e-02	1.243508e-07	5.544586e-05	-1.64611e-03	
10226	9.996799e-02	1.283080e-07	4.183158e-05	-1.63324e-03	
10227	9.997969e-02	1.270364e-07	2.646870e-05	-1.62020e-03	
10228	9.999129e-02	1.217059e-07	1.256165e-05	-1.60923e-03	
10229	1.000000e-01	1.181565e-07	9.135465e-07	-1.60238e-03	

                  * c:\users\hp\esim-workspace\opamp\opamp.cir
                  Transient Analysis  Thu Apr 04 11:15:24  2024
--------------------------------------------------------------------------------
Index   time            v3#branch       
--------------------------------------------------------------------------------
0	0.000000e+00	1.601217e-03	
1	1.000000e-06	1.601743e-03	
2	2.000000e-06	1.602378e-03	
3	4.000000e-06	1.603752e-03	
4	8.000000e-06	1.606872e-03	
5	1.600000e-05	1.614224e-03	
6	3.200000e-05	1.631824e-03	
7	5.638649e-05	1.661779e-03	
8	7.993672e-05	1.692969e-03	
9	1.174633e-04	1.751348e-03	
10	1.529057e-04	1.838062e-03	
11	1.955632e-04	2.105254e-03	
12	2.419599e-04	3.132136e-03	
13	2.941284e-04	6.353174e-03	
14	3.621345e-04	1.377031e-02	
15	4.372507e-04	2.408336e-02	
16	5.059388e-04	3.420653e-02	
17	5.938348e-04	4.511494e-02	
18	6.871285e-04	4.718645e-02	
19	7.551946e-04	4.741148e-02	
20	8.193706e-04	4.746778e-02	
21	8.466513e-04	4.746659e-02	
22	8.693891e-04	4.747792e-02	
23	8.828731e-04	4.747286e-02	
24	8.935399e-04	4.748288e-02	
25	9.028000e-04	4.747628e-02	
26	9.111606e-04	4.748650e-02	
27	9.200661e-04	4.747925e-02	
28	9.289246e-04	4.748996e-02	
29	9.377252e-04	4.748231e-02	
30	9.470907e-04	4.749333e-02	
31	9.556710e-04	4.748553e-02	
32	9.643023e-04	4.749636e-02	
33	9.731331e-04	4.748878e-02	
34	9.821104e-04	4.749942e-02	
35	9.911754e-04	4.749216e-02	
36	9.994013e-04	4.750229e-02	
37	1.007907e-03	4.749537e-02	
38	1.016438e-03	4.750507e-02	
39	1.024351e-03	4.749857e-02	
40	1.032536e-03	4.750761e-02	
41	1.041902e-03	4.750200e-02	
42	1.050439e-03	4.751046e-02	
43	1.058567e-03	4.750528e-02	
44	1.067278e-03	4.751310e-02	
45	1.075726e-03	4.750865e-02	
46	1.084176e-03	4.751574e-02	
47	1.092096e-03	4.751190e-02	
48	1.100496e-03	4.751826e-02	
49	1.108896e-03	4.751520e-02	
50	1.117297e-03	4.752089e-02	
51	1.126537e-03	4.751862e-02	
52	1.134866e-03	4.752367e-02	
53	1.143100e-03	4.752184e-02	
54	1.151703e-03	4.752633e-02	

Index   time            v3#branch       
--------------------------------------------------------------------------------
55	1.160578e-03	4.752518e-02	
56	1.168855e-03	4.752906e-02	
57	1.176997e-03	4.752832e-02	
58	1.185748e-03	4.753176e-02	
59	1.194420e-03	4.753160e-02	
60	1.203311e-03	4.753461e-02	
61	1.212769e-03	4.753499e-02	
62	1.221286e-03	4.753755e-02	
63	1.230070e-03	4.753818e-02	
64	1.238735e-03	4.754041e-02	
65	1.247781e-03	4.754140e-02	
66	1.256699e-03	4.754337e-02	
67	1.264995e-03	4.754452e-02	
68	1.273620e-03	4.754616e-02	
69	1.282276e-03	4.754761e-02	
70	1.290266e-03	4.754892e-02	
71	1.298452e-03	4.755050e-02	
72	1.307809e-03	4.755185e-02	
73	1.316343e-03	4.755364e-02	
74	1.324420e-03	4.755462e-02	
75	1.333075e-03	4.755656e-02	
76	1.341568e-03	4.755750e-02	
77	1.350072e-03	4.755951e-02	
78	1.357961e-03	4.756026e-02	
79	1.366389e-03	4.756232e-02	
80	1.374805e-03	4.756309e-02	
81	1.383227e-03	4.756519e-02	
82	1.391455e-03	4.756590e-02	
83	1.400090e-03	4.756806e-02	
84	1.408503e-03	4.756878e-02	
85	1.416994e-03	4.757091e-02	
86	1.425063e-03	4.757158e-02	
87	1.433526e-03	4.757368e-02	
88	1.441860e-03	4.757441e-02	
89	1.450384e-03	4.757650e-02	
90	1.459438e-03	4.757737e-02	
91	1.467904e-03	4.757942e-02	
92	1.476102e-03	4.758017e-02	
93	1.484837e-03	4.758222e-02	
94	1.493589e-03	4.758311e-02	
95	1.502072e-03	4.758507e-02	
96	1.510411e-03	4.758593e-02	
97	1.519238e-03	4.758789e-02	
98	1.527834e-03	4.758884e-02	
99	1.536879e-03	4.759079e-02	
100	1.546100e-03	4.759187e-02	
101	1.554879e-03	4.759373e-02	
102	1.563410e-03	4.759475e-02	
103	1.572431e-03	4.759659e-02	
104	1.581257e-03	4.759770e-02	
105	1.589406e-03	4.759935e-02	
106	1.597920e-03	4.760044e-02	
107	1.607437e-03	4.760227e-02	
108	1.616029e-03	4.760341e-02	
109	1.623861e-03	4.760492e-02	
110	1.632338e-03	4.760608e-02	
111	1.640795e-03	4.760765e-02	
112	1.649262e-03	4.760884e-02	

Index   time            v3#branch       
--------------------------------------------------------------------------------
113	1.657440e-03	4.761033e-02	
114	1.666073e-03	4.761157e-02	
115	1.674490e-03	4.761306e-02	
116	1.682959e-03	4.761430e-02	
117	1.691006e-03	4.761570e-02	
118	1.699464e-03	4.761696e-02	
119	1.707830e-03	4.761838e-02	
120	1.716312e-03	4.761966e-02	
121	1.725423e-03	4.762118e-02	
122	1.733817e-03	4.762246e-02	
123	1.742016e-03	4.762380e-02	
124	1.750704e-03	4.762515e-02	
125	1.759492e-03	4.762657e-02	
126	1.767932e-03	4.762788e-02	
127	1.776211e-03	4.762920e-02	
128	1.785015e-03	4.763057e-02	
129	1.793643e-03	4.763194e-02	
130	1.802608e-03	4.763334e-02	
131	1.811920e-03	4.763480e-02	
132	1.820597e-03	4.763615e-02	
133	1.829213e-03	4.763749e-02	
134	1.838130e-03	4.763889e-02	
135	1.847017e-03	4.764026e-02	
136	1.855169e-03	4.764153e-02	
137	1.863625e-03	4.764283e-02	
138	1.873082e-03	4.764430e-02	
139	1.881725e-03	4.764562e-02	
140	1.889610e-03	4.764684e-02	
141	1.898031e-03	4.764813e-02	
142	1.906508e-03	4.764944e-02	
143	1.914998e-03	4.765072e-02	
144	1.923056e-03	4.765196e-02	
145	1.931668e-03	4.765327e-02	
146	1.940151e-03	4.765456e-02	
147	1.948643e-03	4.765585e-02	
148	1.956577e-03	4.765705e-02	
149	1.965029e-03	4.765833e-02	
150	1.973437e-03	4.765960e-02	
151	1.981849e-03	4.766086e-02	
152	1.990065e-03	4.766210e-02	
153	1.998677e-03	4.766339e-02	
154	2.007083e-03	4.766464e-02	
155	2.015578e-03	4.766592e-02	
156	2.023692e-03	4.766712e-02	
157	2.032181e-03	4.766839e-02	
158	2.040506e-03	4.766962e-02	
159	2.049055e-03	4.767089e-02	
160	2.058083e-03	4.767222e-02	
161	2.066547e-03	4.767348e-02	
162	2.074734e-03	4.767467e-02	
163	2.083488e-03	4.767597e-02	
164	2.092217e-03	4.767723e-02	
165	2.100761e-03	4.767849e-02	
166	2.109140e-03	4.767970e-02	
167	2.117983e-03	4.768100e-02	
168	2.126569e-03	4.768223e-02	
169	2.135614e-03	4.768356e-02	
170	2.144799e-03	4.768487e-02	

Index   time            v3#branch       
--------------------------------------------------------------------------------
171	2.153618e-03	4.768616e-02	
172	2.162109e-03	4.768736e-02	
173	2.171219e-03	4.768869e-02	
174	2.180009e-03	4.768993e-02	
175	2.188121e-03	4.769111e-02	
176	2.196636e-03	4.769230e-02	
177	2.206150e-03	4.769367e-02	
178	2.214722e-03	4.769486e-02	
179	2.222582e-03	4.769600e-02	
180	2.231098e-03	4.769718e-02	
181	2.239542e-03	4.769839e-02	
182	2.247992e-03	4.769955e-02	
183	2.256195e-03	4.770073e-02	
184	2.264810e-03	4.770191e-02	
185	2.273203e-03	4.770310e-02	
186	2.281703e-03	4.770426e-02	
187	2.289832e-03	4.770541e-02	
188	2.298328e-03	4.770656e-02	
189	2.306667e-03	4.770774e-02	
190	2.315215e-03	4.770889e-02	
191	2.324245e-03	4.771016e-02	
192	2.332699e-03	4.771129e-02	
193	2.340868e-03	4.771243e-02	
194	2.349630e-03	4.771360e-02	
195	2.358349e-03	4.771481e-02	
196	2.366914e-03	4.771595e-02	
197	2.375306e-03	4.771711e-02	
198	2.384150e-03	4.771828e-02	
199	2.392738e-03	4.771946e-02	
200	2.401774e-03	4.772065e-02	
201	2.410968e-03	4.772190e-02	
202	2.419785e-03	4.772306e-02	
203	2.428272e-03	4.772421e-02	
204	2.437401e-03	4.772540e-02	
205	2.446171e-03	4.772658e-02	
206	2.454264e-03	4.772763e-02	
207	2.462771e-03	4.772877e-02	
208	2.472278e-03	4.773000e-02	
209	2.480862e-03	4.773114e-02	
210	2.488737e-03	4.773215e-02	
211	2.497264e-03	4.773328e-02	
212	2.505694e-03	4.773436e-02	
213	2.514129e-03	4.773546e-02	
214	2.522321e-03	4.773651e-02	
215	2.530925e-03	4.773763e-02	
216	2.539331e-03	4.773869e-02	
217	2.547821e-03	4.773980e-02	
218	2.555954e-03	4.774082e-02	
219	2.564457e-03	4.774192e-02	
220	2.572784e-03	4.774296e-02	
221	2.581337e-03	4.774406e-02	
222	2.590366e-03	4.774518e-02	
223	2.598809e-03	4.774626e-02	
224	2.606991e-03	4.774727e-02	
225	2.615742e-03	4.774838e-02	
226	2.624468e-03	4.774945e-02	
227	2.633036e-03	4.775053e-02	
228	2.641420e-03	4.775156e-02	

Index   time            v3#branch       
--------------------------------------------------------------------------------
229	2.650267e-03	4.775266e-02	
230	2.658854e-03	4.775371e-02	
231	2.667878e-03	4.775483e-02	
232	2.677064e-03	4.775594e-02	
233	2.685878e-03	4.775703e-02	
234	2.694368e-03	4.775805e-02	
235	2.703502e-03	4.775917e-02	
236	2.712290e-03	4.776022e-02	
237	2.720380e-03	4.776120e-02	
238	2.728879e-03	4.776221e-02	
239	2.738372e-03	4.776336e-02	
240	2.746944e-03	4.776437e-02	
241	2.754823e-03	4.776531e-02	
242	2.763351e-03	4.776632e-02	
243	2.771798e-03	4.776732e-02	
244	2.780251e-03	4.776831e-02	
245	2.788430e-03	4.776928e-02	
246	2.797030e-03	4.777027e-02	
247	2.805425e-03	4.777126e-02	
248	2.813915e-03	4.777224e-02	
249	2.822053e-03	4.777319e-02	
250	2.830559e-03	4.777416e-02	
251	2.838903e-03	4.777513e-02	
252	2.847446e-03	4.777610e-02	
253	2.856487e-03	4.777714e-02	
254	2.864910e-03	4.777809e-02	
255	2.873080e-03	4.777902e-02	
256	2.881826e-03	4.778001e-02	
257	2.890554e-03	4.778100e-02	
258	2.899125e-03	4.778195e-02	
259	2.907506e-03	4.778289e-02	
260	2.916349e-03	4.778387e-02	
261	2.924944e-03	4.778483e-02	
262	2.933946e-03	4.778582e-02	
263	2.943156e-03	4.778684e-02	
264	2.951948e-03	4.778780e-02	
265	2.960452e-03	4.778874e-02	
266	2.969576e-03	4.778973e-02	
267	2.978363e-03	4.779068e-02	
268	2.986438e-03	4.779155e-02	
269	2.994921e-03	4.779247e-02	
270	3.004395e-03	4.779348e-02	
271	3.012985e-03	4.779440e-02	
272	3.020877e-03	4.779524e-02	
273	3.029403e-03	4.779614e-02	
274	3.037846e-03	4.779703e-02	
275	3.046297e-03	4.779792e-02	
276	3.054439e-03	4.779878e-02	
277	3.063029e-03	4.779967e-02	
278	3.071447e-03	4.780055e-02	
279	3.079908e-03	4.780142e-02	
280	3.088019e-03	4.780226e-02	
281	3.096519e-03	4.780313e-02	
282	3.104868e-03	4.780399e-02	
283	3.113383e-03	4.780485e-02	
284	3.122467e-03	4.780578e-02	
285	3.130833e-03	4.780662e-02	
286	3.139029e-03	4.780745e-02	

Index   time            v3#branch       
--------------------------------------------------------------------------------
287	3.147723e-03	4.780832e-02	
288	3.156492e-03	4.780920e-02	
289	3.165013e-03	4.781004e-02	
290	3.173331e-03	4.781087e-02	
291	3.182156e-03	4.781173e-02	
292	3.190775e-03	4.781258e-02	
293	3.199712e-03	4.781345e-02	
294	3.208977e-03	4.781435e-02	
295	3.217688e-03	4.781519e-02	
296	3.226264e-03	4.781602e-02	
297	3.235293e-03	4.781689e-02	
298	3.244159e-03	4.781774e-02	
299	3.252279e-03	4.781850e-02	
300	3.260706e-03	4.781931e-02	
301	3.270142e-03	4.782019e-02	
302	3.278747e-03	4.782100e-02	
303	3.286637e-03	4.782173e-02	
304	3.295126e-03	4.782253e-02	
305	3.303614e-03	4.782330e-02	
306	3.312115e-03	4.782409e-02	
307	3.320157e-03	4.782482e-02	
308	3.328741e-03	4.782561e-02	
309	3.337191e-03	4.782637e-02	
310	3.345647e-03	4.782714e-02	
311	3.353660e-03	4.782786e-02	
312	3.362148e-03	4.782862e-02	
313	3.370557e-03	4.782937e-02	
314	3.378974e-03	4.783012e-02	
315	3.387190e-03	4.783084e-02	
316	3.395769e-03	4.783160e-02	
317	3.404139e-03	4.783232e-02	
318	3.412661e-03	4.783307e-02	
319	3.421767e-03	4.783385e-02	
320	3.429982e-03	4.783456e-02	
321	3.438162e-03	4.783525e-02	
322	3.446809e-03	4.783600e-02	
323	3.455582e-03	4.783673e-02	
324	3.464216e-03	4.783747e-02	
325	3.472541e-03	4.783816e-02	
326	3.481379e-03	4.783890e-02	
327	3.490022e-03	4.783961e-02	
328	3.498798e-03	4.784034e-02	
329	3.508096e-03	4.784110e-02	
330	3.516740e-03	4.784181e-02	
331	3.525345e-03	4.784250e-02	
332	3.534465e-03	4.784324e-02	
333	3.543358e-03	4.784395e-02	
334	3.551501e-03	4.784460e-02	
335	3.559760e-03	4.784525e-02	
336	3.569121e-03	4.784600e-02	
337	3.577710e-03	4.784666e-02	
338	3.585704e-03	4.784729e-02	
339	3.594256e-03	4.784794e-02	
340	3.602773e-03	4.784861e-02	
341	3.611306e-03	4.784925e-02	
342	3.619208e-03	4.784987e-02	
343	3.627696e-03	4.785050e-02	
344	3.636157e-03	4.785114e-02	

Index   time            v3#branch       
--------------------------------------------------------------------------------
345	3.644629e-03	4.785177e-02	
346	3.652691e-03	4.785238e-02	
347	3.661262e-03	4.785300e-02	
348	3.669707e-03	4.785363e-02	
349	3.678155e-03	4.785424e-02	
350	3.686211e-03	4.785483e-02	
351	3.694708e-03	4.785543e-02	
352	3.703095e-03	4.785605e-02	
353	3.711545e-03	4.785664e-02	
354	3.719794e-03	4.785723e-02	
355	3.728379e-03	4.785782e-02	
356	3.736736e-03	4.785842e-02	
357	3.745294e-03	4.785900e-02	
358	3.754347e-03	4.785964e-02	
359	3.762628e-03	4.786019e-02	
360	3.770784e-03	4.786076e-02	
361	3.779490e-03	4.786133e-02	
362	3.788216e-03	4.786194e-02	
363	3.796906e-03	4.786250e-02	
364	3.805304e-03	4.786307e-02	
365	3.814162e-03	4.786364e-02	
366	3.822777e-03	4.786422e-02	
367	3.831628e-03	4.786477e-02	
368	3.840855e-03	4.786538e-02	
369	3.849595e-03	4.786592e-02	
370	3.858116e-03	4.786648e-02	
371	3.867348e-03	4.786704e-02	
372	3.876154e-03	4.786761e-02	
373	3.884219e-03	4.786809e-02	
374	3.892556e-03	4.786862e-02	
375	3.901946e-03	4.786918e-02	
376	3.910517e-03	4.786971e-02	
377	3.918512e-03	4.787017e-02	
378	3.927101e-03	4.787070e-02	
379	3.935572e-03	4.787119e-02	
380	3.944053e-03	4.787170e-02	
381	3.952049e-03	4.787215e-02	
382	3.960553e-03	4.787266e-02	
383	3.968979e-03	4.787312e-02	
384	3.977408e-03	4.787362e-02	
385	3.985568e-03	4.787406e-02	
386	3.994133e-03	4.787456e-02	
387	4.002519e-03	4.787500e-02	
388	4.011008e-03	4.787549e-02	
389	4.019197e-03	4.787592e-02	
390	4.027734e-03	4.787640e-02	
391	4.036070e-03	4.787683e-02	
392	4.044637e-03	4.787730e-02	
393	4.053656e-03	4.787776e-02	
394	4.062062e-03	4.787821e-02	
395	4.070222e-03	4.787862e-02	
396	4.078979e-03	4.787908e-02	
397	4.087688e-03	4.787951e-02	
398	4.096325e-03	4.787996e-02	
399	4.104744e-03	4.788036e-02	
400	4.113602e-03	4.788082e-02	
401	4.122190e-03	4.788121e-02	
402	4.131174e-03	4.788167e-02	

Index   time            v3#branch       
--------------------------------------------------------------------------------
403	4.140352e-03	4.788209e-02	
404	4.149174e-03	4.788253e-02	
405	4.157645e-03	4.788290e-02	
406	4.166862e-03	4.788335e-02	
407	4.175623e-03	4.788373e-02	
408	4.183651e-03	4.788412e-02	
409	4.192122e-03	4.788448e-02	
410	4.201576e-03	4.788492e-02	
411	4.210146e-03	4.788527e-02	
412	4.218075e-03	4.788564e-02	
413	4.226642e-03	4.788599e-02	
414	4.235080e-03	4.788637e-02	
415	4.243524e-03	4.788670e-02	
416	4.251666e-03	4.788706e-02	
417	4.260229e-03	4.788739e-02	
418	4.268625e-03	4.788776e-02	
419	4.277105e-03	4.788807e-02	
420	4.285293e-03	4.788842e-02	
421	4.293833e-03	4.788873e-02	
422	4.302167e-03	4.788908e-02	
423	4.310730e-03	4.788938e-02	
424	4.319758e-03	4.788975e-02	
425	4.328146e-03	4.789004e-02	
426	4.336315e-03	4.789036e-02	
427	4.345057e-03	4.789065e-02	
428	4.353776e-03	4.789099e-02	
429	4.362408e-03	4.789127e-02	
430	4.370813e-03	4.789159e-02	
431	4.379669e-03	4.789187e-02	
432	4.388261e-03	4.789219e-02	
433	4.397226e-03	4.789246e-02	
434	4.406411e-03	4.789279e-02	
435	4.415216e-03	4.789305e-02	
436	4.423701e-03	4.789335e-02	
437	4.432906e-03	4.789361e-02	
438	4.441687e-03	4.789391e-02	
439	4.449724e-03	4.789412e-02	
440	4.458177e-03	4.789441e-02	
441	4.467617e-03	4.789466e-02	
442	4.476186e-03	4.789493e-02	
443	4.484119e-03	4.789513e-02	
444	4.492682e-03	4.789540e-02	
445	4.501134e-03	4.789560e-02	
446	4.509593e-03	4.789586e-02	
447	4.517707e-03	4.789605e-02	
448	4.526265e-03	4.789630e-02	
449	4.534665e-03	4.789648e-02	
450	4.543128e-03	4.789673e-02	
451	4.551302e-03	4.789690e-02	
452	4.559838e-03	4.789713e-02	
453	4.568191e-03	4.789730e-02	
454	4.576728e-03	4.789753e-02	
455	4.585791e-03	4.789771e-02	
456	4.594134e-03	4.789792e-02	
457	4.602307e-03	4.789807e-02	
458	4.611017e-03	4.789828e-02	
459	4.619760e-03	4.789844e-02	
460	4.628362e-03	4.789864e-02	

Index   time            v3#branch       
--------------------------------------------------------------------------------
461	4.636727e-03	4.789878e-02	
462	4.645570e-03	4.789898e-02	
463	4.654182e-03	4.789911e-02	
464	4.663096e-03	4.789930e-02	
465	4.672335e-03	4.789944e-02	
466	4.681074e-03	4.789962e-02	
467	4.689612e-03	4.789973e-02	
468	4.698748e-03	4.789991e-02	
469	4.707570e-03	4.790002e-02	
470	4.715653e-03	4.790017e-02	
471	4.724052e-03	4.790027e-02	
472	4.733473e-03	4.790043e-02	
473	4.742062e-03	4.790052e-02	
474	4.750001e-03	4.790066e-02	
475	4.758541e-03	4.790073e-02	
476	4.767012e-03	4.790087e-02	
477	4.775494e-03	4.790094e-02	
478	4.783533e-03	4.790106e-02	
479	4.792081e-03	4.790112e-02	
480	4.800516e-03	4.790125e-02	
481	4.808953e-03	4.790130e-02	
482	4.817051e-03	4.790141e-02	
483	4.825575e-03	4.790145e-02	
484	4.833963e-03	4.790155e-02	
485	4.842428e-03	4.790159e-02	
486	4.850655e-03	4.790169e-02	
487	4.859222e-03	4.790171e-02	
488	4.867567e-03	4.790180e-02	
489	4.876131e-03	4.790182e-02	
490	4.885168e-03	4.790190e-02	
491	4.893503e-03	4.790191e-02	
492	4.901662e-03	4.790198e-02	
493	4.910390e-03	4.790199e-02	
494	4.919107e-03	4.790205e-02	
495	4.927778e-03	4.790205e-02	
496	4.936186e-03	4.790210e-02	
497	4.945045e-03	4.790209e-02	
498	4.953648e-03	4.790214e-02	
499	4.962558e-03	4.790211e-02	
500	4.971759e-03	4.790215e-02	
501	4.980538e-03	4.790212e-02	
502	4.989034e-03	4.790215e-02	
503	4.998263e-03	4.790211e-02	
504	5.007049e-03	4.790213e-02	
505	5.015095e-03	4.790208e-02	
506	5.023495e-03	4.790210e-02	
507	5.032913e-03	4.790203e-02	
508	5.041481e-03	4.790204e-02	
509	5.049445e-03	4.790197e-02	
510	5.058023e-03	4.790197e-02	
511	5.066482e-03	4.790190e-02	
512	5.074947e-03	4.790189e-02	
513	5.083012e-03	4.790180e-02	
514	5.091545e-03	4.790179e-02	
515	5.099955e-03	4.790169e-02	
516	5.108392e-03	4.790167e-02	
517	5.116566e-03	4.790157e-02	
518	5.125111e-03	4.790154e-02	

Index   time            v3#branch       
--------------------------------------------------------------------------------
519	5.133476e-03	4.790143e-02	
520	5.141994e-03	4.790139e-02	
521	5.151092e-03	4.790126e-02	
522	5.159370e-03	4.790122e-02	
523	5.167554e-03	4.790109e-02	
524	5.176221e-03	4.790103e-02	
525	5.184991e-03	4.790089e-02	
526	5.193577e-03	4.790083e-02	
527	5.201901e-03	4.790069e-02	
528	5.210732e-03	4.790061e-02	
529	5.219366e-03	4.790045e-02	
530	5.228212e-03	4.790037e-02	
531	5.237501e-03	4.790019e-02	
532	5.246171e-03	4.790010e-02	
533	5.254764e-03	4.789993e-02	
534	5.263842e-03	4.789982e-02	
535	5.272719e-03	4.789963e-02	
536	5.280852e-03	4.789953e-02	
537	5.289186e-03	4.789935e-02	
538	5.298581e-03	4.789922e-02	
539	5.307182e-03	4.789902e-02	
540	5.315130e-03	4.789891e-02	
541	5.323652e-03	4.789870e-02	
542	5.332153e-03	4.789857e-02	
543	5.340667e-03	4.789836e-02	
544	5.348624e-03	4.789823e-02	
545	5.357159e-03	4.789801e-02	
546	5.365622e-03	4.789786e-02	
547	5.374094e-03	4.789763e-02	
548	5.382130e-03	4.789749e-02	
549	5.390662e-03	4.789725e-02	
550	5.399087e-03	4.789709e-02	
551	5.407515e-03	4.789684e-02	
552	5.415642e-03	4.789668e-02	
553	5.424178e-03	4.789643e-02	
554	5.432564e-03	4.789625e-02	
555	5.441042e-03	4.789599e-02	
556	5.449266e-03	4.789581e-02	
557	5.457825e-03	4.789554e-02	
558	5.466161e-03	4.789535e-02	
559	5.474737e-03	4.789506e-02	
560	5.483754e-03	4.789485e-02	
561	5.492129e-03	4.789456e-02	
562	5.500286e-03	4.789436e-02	
563	5.509036e-03	4.789406e-02	
564	5.517740e-03	4.789383e-02	
565	5.526414e-03	4.789352e-02	
566	5.534843e-03	4.789330e-02	
567	5.543708e-03	4.789297e-02	
568	5.552298e-03	4.789274e-02	
569	5.561252e-03	4.789240e-02	
570	5.570425e-03	4.789213e-02	
571	5.579244e-03	4.789179e-02	
572	5.587710e-03	4.789154e-02	
573	5.596964e-03	4.789117e-02	
574	5.605725e-03	4.789091e-02	
575	5.613745e-03	4.789057e-02	
576	5.622192e-03	4.789031e-02	

Index   time            v3#branch       
--------------------------------------------------------------------------------
577	5.631631e-03	4.788992e-02	
578	5.640191e-03	4.788964e-02	
579	5.648141e-03	4.788929e-02	
580	5.656723e-03	4.788901e-02	
581	5.665167e-03	4.788864e-02	
582	5.673615e-03	4.788835e-02	
583	5.681740e-03	4.788798e-02	
584	5.690289e-03	4.788768e-02	
585	5.698679e-03	4.788729e-02	
586	5.707156e-03	4.788699e-02	
587	5.715364e-03	4.788660e-02	
588	5.723916e-03	4.788628e-02	
589	5.732255e-03	4.788589e-02	
590	5.740822e-03	4.788556e-02	
591	5.749849e-03	4.788512e-02	
592	5.758222e-03	4.788480e-02	
593	5.766383e-03	4.788439e-02	
594	5.775126e-03	4.788404e-02	
595	5.783839e-03	4.788360e-02	
596	5.792491e-03	4.788324e-02	
597	5.800905e-03	4.788281e-02	
598	5.809765e-03	4.788244e-02	
599	5.818359e-03	4.788199e-02	
600	5.827311e-03	4.788160e-02	
601	5.836497e-03	4.788111e-02	
602	5.845301e-03	4.788073e-02	
603	5.853782e-03	4.788026e-02	
604	5.863004e-03	4.787985e-02	
605	5.871778e-03	4.787936e-02	
606	5.879811e-03	4.787900e-02	
607	5.888256e-03	4.787852e-02	
608	5.897694e-03	4.787807e-02	
609	5.906262e-03	4.787758e-02	
610	5.914203e-03	4.787721e-02	
611	5.922772e-03	4.787670e-02	
612	5.931220e-03	4.787630e-02	
613	5.939675e-03	4.787579e-02	
614	5.947788e-03	4.787539e-02	
615	5.956342e-03	4.787488e-02	
616	5.964743e-03	4.787446e-02	
617	5.973206e-03	4.787394e-02	
618	5.981384e-03	4.787352e-02	
619	5.989922e-03	4.787299e-02	
620	5.998271e-03	4.787256e-02	
621	6.006813e-03	4.787201e-02	
622	6.015871e-03	4.787153e-02	
623	6.024220e-03	4.787100e-02	
624	6.032394e-03	4.787056e-02	
625	6.041107e-03	4.786999e-02	
626	6.049846e-03	4.786951e-02	
627	6.058451e-03	4.786894e-02	
628	6.066820e-03	4.786848e-02	
629	6.075665e-03	4.786789e-02	
630	6.084275e-03	4.786740e-02	
631	6.093199e-03	4.786679e-02	
632	6.102429e-03	4.786626e-02	
633	6.111178e-03	4.786565e-02	
634	6.119707e-03	4.786516e-02	

Index   time            v3#branch       
--------------------------------------------------------------------------------
635	6.128846e-03	4.786452e-02	
636	6.137666e-03	4.786399e-02	
637	6.145744e-03	4.786342e-02	
638	6.154159e-03	4.786291e-02	
639	6.163587e-03	4.786224e-02	
640	6.172172e-03	4.786171e-02	
641	6.180101e-03	4.786113e-02	
642	6.188637e-03	4.786060e-02	
643	6.197107e-03	4.785997e-02	
644	6.205588e-03	4.785944e-02	
645	6.213648e-03	4.785883e-02	
646	6.222208e-03	4.785829e-02	
647	6.230635e-03	4.785765e-02	
648	6.239065e-03	4.785710e-02	
649	6.247159e-03	4.785648e-02	
650	6.255671e-03	4.785592e-02	
651	6.264056e-03	4.785527e-02	
652	6.272524e-03	4.785471e-02	
653	6.281685e-03	4.785399e-02	
654	6.289938e-03	4.785344e-02	
655	6.298142e-03	4.785279e-02	
656	6.306763e-03	4.785220e-02	
657	6.315583e-03	4.785149e-02	
658	6.324063e-03	4.785090e-02	
659	6.332303e-03	4.785023e-02	
660	6.341102e-03	4.784962e-02	
661	6.349764e-03	4.784891e-02	
662	6.358579e-03	4.784828e-02	
663	6.367958e-03	4.784750e-02	
664	6.376534e-03	4.784689e-02	
665	6.385224e-03	4.784616e-02	
666	6.394133e-03	4.784551e-02	
667	6.403094e-03	4.784475e-02	
668	6.412169e-03	4.784408e-02	
669	6.420384e-03	4.784337e-02	
670	6.428933e-03	4.784273e-02	
671	6.437507e-03	4.784199e-02	
672	6.445430e-03	4.784139e-02	
673	6.453817e-03	4.784066e-02	
674	6.463269e-03	4.783993e-02	
675	6.471802e-03	4.783917e-02	
676	6.479791e-03	4.783856e-02	
677	6.488422e-03	4.783779e-02	
678	6.496862e-03	4.783713e-02	
679	6.505304e-03	4.783636e-02	
680	6.513412e-03	4.783573e-02	
681	6.521925e-03	4.783495e-02	
682	6.530296e-03	4.783428e-02	
683	6.538786e-03	4.783350e-02	
684	6.547914e-03	4.783276e-02	
685	6.556208e-03	4.783199e-02	
686	6.564408e-03	4.783132e-02	
687	6.573058e-03	4.783051e-02	
688	6.581856e-03	4.782978e-02	
689	6.590360e-03	4.782897e-02	
690	6.598636e-03	4.782829e-02	
691	6.607448e-03	4.782745e-02	
692	6.616092e-03	4.782672e-02	

Index   time            v3#branch       
--------------------------------------------------------------------------------
693	6.624954e-03	4.782586e-02	
694	6.634282e-03	4.782507e-02	
695	6.642915e-03	4.782422e-02	
696	6.651553e-03	4.782348e-02	
697	6.660521e-03	4.782260e-02	
698	6.669440e-03	4.782182e-02	
699	6.677614e-03	4.782101e-02	
700	6.685969e-03	4.782028e-02	
701	6.695380e-03	4.781934e-02	
702	6.704004e-03	4.781858e-02	
703	6.711912e-03	4.781778e-02	
704	6.720380e-03	4.781702e-02	
705	6.729835e-03	4.781606e-02	
706	6.738347e-03	4.781529e-02	
707	6.746428e-03	4.781446e-02	
708	6.755081e-03	4.781367e-02	
709	6.763468e-03	4.781280e-02	
710	6.772007e-03	4.781202e-02	
711	6.781121e-03	4.781107e-02	
712	6.789357e-03	4.781030e-02	
713	6.797529e-03	4.780944e-02	
714	6.806197e-03	4.780863e-02	
715	6.814954e-03	4.780770e-02	
716	6.823600e-03	4.780688e-02	
717	6.831948e-03	4.780599e-02	
718	6.840791e-03	4.780514e-02	
719	6.849423e-03	4.780421e-02	
720	6.858229e-03	4.780337e-02	
721	6.867502e-03	4.780236e-02	
722	6.876180e-03	4.780152e-02	
723	6.884757e-03	4.780058e-02	
724	6.893912e-03	4.779968e-02	
725	6.902777e-03	4.779870e-02	
726	6.910893e-03	4.779790e-02	
727	6.919178e-03	4.779698e-02	
728	6.928547e-03	4.779604e-02	
729	6.937129e-03	4.779508e-02	
730	6.945126e-03	4.779428e-02	
731	6.953691e-03	4.779331e-02	
732	6.962195e-03	4.779245e-02	
733	6.970712e-03	4.779148e-02	
734	6.978631e-03	4.779068e-02	
735	6.987124e-03	4.778971e-02	
736	6.995574e-03	4.778884e-02	
737	7.004032e-03	4.778786e-02	
738	7.012130e-03	4.778703e-02	
739	7.020705e-03	4.778603e-02	
740	7.029133e-03	4.778515e-02	
741	7.037564e-03	4.778417e-02	
742	7.045650e-03	4.778332e-02	
743	7.054143e-03	4.778232e-02	
744	7.062515e-03	4.778143e-02	
745	7.070991e-03	4.778043e-02	
746	7.080132e-03	4.777945e-02	
747	7.088429e-03	4.777846e-02	
748	7.096638e-03	4.777758e-02	
749	7.105277e-03	4.777654e-02	
750	7.114089e-03	4.777558e-02	

Index   time            v3#branch       
--------------------------------------------------------------------------------
751	7.122556e-03	4.777456e-02	
752	7.130807e-03	4.777366e-02	
753	7.139609e-03	4.777259e-02	
754	7.148259e-03	4.777164e-02	
755	7.157123e-03	4.777055e-02	
756	7.166473e-03	4.776951e-02	
757	7.175083e-03	4.776845e-02	
758	7.183747e-03	4.776749e-02	
759	7.192661e-03	4.776638e-02	
760	7.201605e-03	4.776537e-02	
761	7.210705e-03	4.776424e-02	
762	7.218903e-03	4.776332e-02	
763	7.227430e-03	4.776224e-02	
764	7.235982e-03	4.776127e-02	
765	7.243893e-03	4.776026e-02	
766	7.252251e-03	4.775931e-02	
767	7.261693e-03	4.775811e-02	
768	7.270223e-03	4.775713e-02	
769	7.278238e-03	4.775609e-02	
770	7.286891e-03	4.775509e-02	
771	7.295326e-03	4.775400e-02	
772	7.303781e-03	4.775302e-02	
773	7.311871e-03	4.775196e-02	
774	7.320368e-03	4.775096e-02	
775	7.328739e-03	4.774987e-02	
776	7.337229e-03	4.774887e-02	
777	7.346349e-03	4.774767e-02	
778	7.354680e-03	4.774668e-02	
779	7.362875e-03	4.774560e-02	
780	7.371542e-03	4.774456e-02	
781	7.380332e-03	4.774340e-02	
782	7.388819e-03	4.774237e-02	
783	7.397102e-03	4.774127e-02	
784	7.405913e-03	4.774020e-02	
785	7.414550e-03	4.773904e-02	
786	7.423452e-03	4.773795e-02	
787	7.432772e-03	4.773670e-02	
788	7.441425e-03	4.773563e-02	
789	7.450050e-03	4.773446e-02	
790	7.459006e-03	4.773336e-02	
791	7.467906e-03	4.773214e-02	
792	7.476067e-03	4.773113e-02	
793	7.484463e-03	4.772998e-02	
794	7.493894e-03	4.772879e-02	
795	7.502526e-03	4.772760e-02	
796	7.510422e-03	4.772661e-02	
797	7.518875e-03	4.772544e-02	
798	7.527370e-03	4.772437e-02	
799	7.535879e-03	4.772318e-02	
800	7.543902e-03	4.772217e-02	
801	7.552479e-03	4.772096e-02	
802	7.560962e-03	4.771988e-02	
803	7.569454e-03	4.771868e-02	
804	7.577403e-03	4.771767e-02	
805	7.585881e-03	4.771647e-02	
806	7.594304e-03	4.771538e-02	
807	7.602732e-03	4.771418e-02	
808	7.610900e-03	4.771312e-02	

Index   time            v3#branch       
--------------------------------------------------------------------------------
809	7.619489e-03	4.771189e-02	
810	7.627897e-03	4.771080e-02	
811	7.636371e-03	4.770958e-02	
812	7.644496e-03	4.770852e-02	
813	7.652997e-03	4.770729e-02	
814	7.661337e-03	4.770619e-02	
815	7.669871e-03	4.770495e-02	
816	7.678929e-03	4.770375e-02	
817	7.687334e-03	4.770253e-02	
818	7.695522e-03	4.770144e-02	
819	7.704244e-03	4.770016e-02	
820	7.712990e-03	4.769899e-02	
821	7.721531e-03	4.769773e-02	
822	7.729883e-03	4.769661e-02	
823	7.738718e-03	4.769531e-02	
824	7.747323e-03	4.769414e-02	
825	7.756309e-03	4.769281e-02	
826	7.765536e-03	4.769155e-02	
827	7.774298e-03	4.769025e-02	
828	7.782830e-03	4.768908e-02	
829	7.791901e-03	4.768773e-02	
830	7.800726e-03	4.768651e-02	
831	7.808823e-03	4.768529e-02	
832	7.817301e-03	4.768412e-02	
833	7.826767e-03	4.768270e-02	
834	7.835360e-03	4.768151e-02	
835	7.843234e-03	4.768031e-02	
836	7.851731e-03	4.767913e-02	
837	7.860197e-03	4.767783e-02	
838	7.868673e-03	4.767665e-02	
839	7.876795e-03	4.767540e-02	
840	7.885399e-03	4.767419e-02	
841	7.893824e-03	4.767290e-02	
842	7.902264e-03	4.767171e-02	
843	7.910318e-03	4.767046e-02	
844	7.918789e-03	4.766926e-02	
845	7.927167e-03	4.766796e-02	
846	7.935630e-03	4.766676e-02	
847	7.944779e-03	4.766534e-02	
848	7.953102e-03	4.766415e-02	
849	7.961310e-03	4.766286e-02	
850	7.969954e-03	4.766162e-02	
851	7.978770e-03	4.766024e-02	
852	7.987198e-03	4.765903e-02	
853	7.995437e-03	4.765773e-02	
854	8.004230e-03	4.765645e-02	
855	8.012881e-03	4.765508e-02	
856	8.021772e-03	4.765379e-02	
857	8.031138e-03	4.765231e-02	
858	8.039744e-03	4.765105e-02	
859	8.048419e-03	4.764967e-02	
860	8.057282e-03	4.764837e-02	
861	8.066226e-03	4.764694e-02	
862	8.075309e-03	4.764559e-02	
863	8.083514e-03	4.764427e-02	
864	8.092060e-03	4.764301e-02	
865	8.100630e-03	4.764163e-02	
866	8.108550e-03	4.764046e-02	

Index   time            v3#branch       
--------------------------------------------------------------------------------
867	8.116861e-03	4.763911e-02	
868	8.126276e-03	4.763770e-02	
869	8.134793e-03	4.763632e-02	
870	8.142834e-03	4.763512e-02	
871	8.151501e-03	4.763371e-02	
872	8.159955e-03	4.763244e-02	
873	8.168412e-03	4.763105e-02	
874	8.176449e-03	4.762985e-02	
875	8.184916e-03	4.762845e-02	
876	8.193285e-03	4.762719e-02	
877	8.201750e-03	4.762579e-02	
878	8.210899e-03	4.762440e-02	
879	8.219233e-03	4.762302e-02	
880	8.227454e-03	4.762177e-02	
881	8.236094e-03	4.762034e-02	
882	8.244917e-03	4.761899e-02	
883	8.253326e-03	4.761759e-02	
884	8.261555e-03	4.761633e-02	
885	8.270347e-03	4.761486e-02	
886	8.278996e-03	4.761353e-02	
887	8.287899e-03	4.761204e-02	
888	8.297257e-03	4.761059e-02	
889	8.305867e-03	4.760914e-02	
890	8.314543e-03	4.760779e-02	
891	8.323390e-03	4.760630e-02	
892	8.332349e-03	4.760490e-02	
893	8.341418e-03	4.760337e-02	
894	8.349629e-03	4.760209e-02	
895	8.358169e-03	4.760064e-02	
896	8.366734e-03	4.759930e-02	
897	8.374657e-03	4.759794e-02	
898	8.382941e-03	4.759664e-02	
899	8.392348e-03	4.759504e-02	
900	8.400876e-03	4.759369e-02	
901	8.408932e-03	4.759231e-02	
902	8.417604e-03	4.759094e-02	
903	8.426052e-03	4.758948e-02	
904	8.434504e-03	4.758814e-02	
905	8.442511e-03	4.758676e-02	
906	8.450965e-03	4.758541e-02	
907	8.459351e-03	4.758396e-02	
908	8.467792e-03	4.758261e-02	
909	8.476968e-03	4.758103e-02	
910	8.485291e-03	4.757969e-02	
911	8.493509e-03	4.757826e-02	
912	8.502136e-03	4.757688e-02	
913	8.510974e-03	4.757534e-02	
914	8.519346e-03	4.757399e-02	
915	8.527548e-03	4.757255e-02	
916	8.536326e-03	4.757113e-02	
917	8.544986e-03	4.756961e-02	
918	8.553878e-03	4.756817e-02	
919	8.563281e-03	4.756652e-02	
920	8.571851e-03	4.756512e-02	
921	8.580567e-03	4.756359e-02	
922	8.589349e-03	4.756215e-02	
923	8.598329e-03	4.756057e-02	
924	8.607348e-03	4.755909e-02	

Index   time            v3#branch       
--------------------------------------------------------------------------------
925	8.615589e-03	4.755763e-02	
926	8.624168e-03	4.755622e-02	
927	8.632775e-03	4.755469e-02	
928	8.640721e-03	4.755339e-02	
929	8.648973e-03	4.755191e-02	
930	8.658359e-03	4.755036e-02	
931	8.666879e-03	4.754884e-02	
932	8.674942e-03	4.754751e-02	
933	8.683610e-03	4.754596e-02	
934	8.692083e-03	4.754455e-02	
935	8.700562e-03	4.754303e-02	
936	8.708528e-03	4.754171e-02	
937	8.716972e-03	4.754019e-02	
938	8.725357e-03	4.753879e-02	
939	8.733778e-03	4.753727e-02	
940	8.742996e-03	4.753572e-02	
941	8.751298e-03	4.753422e-02	
942	8.759541e-03	4.753284e-02	
943	8.768134e-03	4.753129e-02	
944	8.777006e-03	4.752979e-02	
945	8.785321e-03	4.752828e-02	
946	8.793473e-03	4.752691e-02	
947	8.802235e-03	4.752532e-02	
948	8.810908e-03	4.752385e-02	
949	8.819780e-03	4.752223e-02	
950	8.829219e-03	4.752063e-02	
951	8.837742e-03	4.751907e-02	
952	8.846510e-03	4.751758e-02	
953	8.855206e-03	4.751599e-02	
954	8.864252e-03	4.751445e-02	
955	8.873187e-03	4.751281e-02	
956	8.881482e-03	4.751139e-02	
957	8.890090e-03	4.750981e-02	
958	8.898729e-03	4.750833e-02	
959	8.906700e-03	4.750686e-02	
960	8.914862e-03	4.750546e-02	
961	8.924194e-03	4.750374e-02	
962	8.932734e-03	4.750227e-02	
963	8.940881e-03	4.750075e-02	
964	8.949588e-03	4.749925e-02	
965	8.958077e-03	4.749767e-02	
966	8.966573e-03	4.749620e-02	
967	8.974349e-03	4.749474e-02	
968	8.982677e-03	4.749328e-02	
969	8.991092e-03	4.749170e-02	
970	8.999514e-03	4.749022e-02	
971	9.007856e-03	4.748864e-02	
972	9.016591e-03	4.748709e-02	
973	9.025003e-03	4.748548e-02	
974	9.033519e-03	4.748395e-02	
975	9.041413e-03	4.748241e-02	
976	9.049750e-03	4.748089e-02	
977	9.058092e-03	4.747924e-02	
978	9.066586e-03	4.747766e-02	
979	9.075699e-03	4.747581e-02	
980	9.084387e-03	4.747413e-02	
981	9.092601e-03	4.747239e-02	
982	9.101335e-03	4.747062e-02	

Index   time            v3#branch       
--------------------------------------------------------------------------------
983	9.110053e-03	4.746868e-02	
984	9.118056e-03	4.746696e-02	
985	9.126331e-03	4.746498e-02	
986	9.135118e-03	4.746292e-02	
987	9.143825e-03	4.746079e-02	
988	9.153517e-03	4.746015e-02	
989	9.162777e-03	4.745893e-02	
990	9.171470e-03	4.745722e-02	
991	9.178764e-03	4.745563e-02	
992	9.186581e-03	4.745396e-02	
993	9.195286e-03	4.745148e-02	
994	9.204565e-03	4.744725e-02	
995	9.214589e-03	4.744065e-02	
996	9.223499e-03	4.743267e-02	
997	9.232466e-03	4.742279e-02	
998	9.239626e-03	4.741391e-02	
999	9.244975e-03	4.740622e-02	
1000	9.249956e-03	4.739844e-02	
1001	9.258987e-03	4.738173e-02	
1002	9.267882e-03	4.736198e-02	
1003	9.282120e-03	4.732094e-02	
1004	9.291892e-03	4.728457e-02	
1005	9.298846e-03	4.725331e-02	
1006	9.305768e-03	4.721734e-02	
1007	9.315198e-03	4.715841e-02	
1008	9.325844e-03	4.707585e-02	
1009	9.336572e-03	4.697052e-02	
1010	9.349678e-03	4.680421e-02	
1011	9.359464e-03	4.664473e-02	
1012	9.366149e-03	4.651468e-02	
1013	9.372831e-03	4.636419e-02	
1014	9.383730e-03	4.606659e-02	
1015	9.395663e-03	4.564101e-02	
1016	9.407966e-03	4.505439e-02	
1017	9.423433e-03	4.400076e-02	
1018	9.434484e-03	4.295638e-02	
1019	9.443697e-03	4.187878e-02	
1020	9.451994e-03	4.077781e-02	
1021	9.460118e-03	3.961807e-02	
1022	9.468520e-03	3.837407e-02	
1023	9.477851e-03	3.696922e-02	
1024	9.488095e-03	3.541922e-02	
1025	9.497244e-03	3.403648e-02	
1026	9.506385e-03	3.266017e-02	
1027	9.515729e-03	3.126053e-02	
1028	9.525387e-03	2.982231e-02	
1029	9.534193e-03	2.851898e-02	
1030	9.543482e-03	2.715319e-02	
1031	9.556567e-03	2.524689e-02	
1032	9.566251e-03	2.385130e-02	
1033	9.575960e-03	2.246660e-02	
1034	9.585458e-03	2.112771e-02	
1035	9.595099e-03	1.978597e-02	
1036	9.604728e-03	1.846576e-02	
1037	9.613776e-03	1.724992e-02	
1038	9.623973e-03	1.589963e-02	
1039	9.628134e-03	1.534358e-02	
1040	9.632385e-03	1.478598e-02	

Index   time            v3#branch       
--------------------------------------------------------------------------------
1041	9.637598e-03	1.410847e-02	
1042	9.648023e-03	1.278644e-02	
1043	9.657769e-03	1.159137e-02	
1044	9.666642e-03	1.054431e-02	
1045	9.675500e-03	9.540071e-03	
1046	9.685645e-03	8.449431e-03	
1047	9.695556e-03	7.451015e-03	
1048	9.704201e-03	6.642700e-03	
1049	9.713459e-03	5.845997e-03	
1050	9.724108e-03	5.027528e-03	
1051	9.733338e-03	4.406028e-03	
1052	9.742579e-03	3.869717e-03	
1053	9.751970e-03	3.409635e-03	
1054	9.761679e-03	3.021771e-03	
1055	9.770241e-03	2.745352e-03	
1056	9.779417e-03	2.510664e-03	
1057	9.791921e-03	2.272007e-03	
1058	9.801643e-03	2.138864e-03	
1059	9.811402e-03	2.037648e-03	
1060	9.820834e-03	1.964966e-03	
1061	9.830552e-03	1.906957e-03	
1062	9.839225e-03	1.867695e-03	
1063	9.848418e-03	1.833344e-03	
1064	9.859130e-03	1.802512e-03	
1065	9.868382e-03	1.779575e-03	
1066	9.877651e-03	1.760939e-03	
1067	9.887099e-03	1.743027e-03	
1068	9.896812e-03	1.727547e-03	
1069	9.905284e-03	1.713948e-03	
1070	9.914408e-03	1.701311e-03	
1071	9.926784e-03	1.683694e-03	
1072	9.936522e-03	1.671422e-03	
1073	9.946296e-03	1.658312e-03	
1074	9.955719e-03	1.647134e-03	
1075	9.965480e-03	1.634791e-03	
1076	9.974091e-03	1.625406e-03	
1077	9.983275e-03	1.615065e-03	
1078	9.994154e-03	1.605687e-03	
1079	1.000338e-02	1.599187e-03	
1080	1.001264e-02	1.595675e-03	
1081	1.002201e-02	1.592963e-03	
1082	1.003162e-02	1.591754e-03	
1083	1.004010e-02	1.590519e-03	
1084	1.004919e-02	1.590070e-03	
1085	1.006158e-02	1.589027e-03	
1086	1.007142e-02	1.588844e-03	
1087	1.008130e-02	1.588165e-03	
1088	1.009067e-02	1.588122e-03	
1089	1.010051e-02	1.587536e-03	
1090	1.010914e-02	1.587576e-03	
1091	1.011837e-02	1.587057e-03	
1092	1.012910e-02	1.587082e-03	
1093	1.013821e-02	1.586599e-03	
1094	1.014735e-02	1.586686e-03	
1095	1.015674e-02	1.586217e-03	
1096	1.016629e-02	1.586314e-03	
1097	1.017487e-02	1.585875e-03	
1098	1.018385e-02	1.585993e-03	

Index   time            v3#branch       
--------------------------------------------------------------------------------
1099	1.019593e-02	1.585505e-03	
1100	1.020584e-02	1.585618e-03	
1101	1.021580e-02	1.585177e-03	
1102	1.022491e-02	1.585310e-03	
1103	1.023477e-02	1.584877e-03	
1104	1.024331e-02	1.585025e-03	
1105	1.025252e-02	1.584607e-03	
1106	1.026519e-02	1.584698e-03	
1107	1.027461e-02	1.584283e-03	
1108	1.028407e-02	1.584425e-03	
1109	1.029371e-02	1.584010e-03	
1110	1.030323e-02	1.584155e-03	
1111	1.031285e-02	1.583743e-03	
1112	1.032153e-02	1.583902e-03	
1113	1.033185e-02	1.583483e-03	
1114	1.034121e-02	1.583635e-03	
1115	1.035056e-02	1.583232e-03	
1116	1.036016e-02	1.583383e-03	
1117	1.037015e-02	1.582973e-03	
1118	1.037866e-02	1.583140e-03	
1119	1.038791e-02	1.582742e-03	
1120	1.039921e-02	1.582874e-03	
1121	1.040838e-02	1.582479e-03	
1122	1.041760e-02	1.582639e-03	
1123	1.042690e-02	1.582243e-03	
1124	1.043634e-02	1.582402e-03	
1125	1.044500e-02	1.582016e-03	
1126	1.045392e-02	1.582182e-03	
1127	1.046600e-02	1.581754e-03	
1128	1.047601e-02	1.581908e-03	
1129	1.048606e-02	1.581507e-03	
1130	1.049515e-02	1.581673e-03	
1131	1.050508e-02	1.581274e-03	
1132	1.051361e-02	1.581448e-03	
1133	1.052285e-02	1.581058e-03	
1134	1.053429e-02	1.581197e-03	
1135	1.054347e-02	1.580810e-03	
1136	1.055269e-02	1.580976e-03	
1137	1.056197e-02	1.580588e-03	
1138	1.057137e-02	1.580753e-03	
1139	1.058006e-02	1.580373e-03	
1140	1.058895e-02	1.580545e-03	
1141	1.060101e-02	1.580125e-03	
1142	1.061106e-02	1.580284e-03	
1143	1.062012e-02	1.579901e-03	
1144	1.062952e-02	1.580068e-03	
1145	1.063953e-02	1.579674e-03	
1146	1.064794e-02	1.579853e-03	
1147	1.065717e-02	1.579468e-03	
1148	1.066915e-02	1.579607e-03	
1149	1.067848e-02	1.579222e-03	
1150	1.068787e-02	1.579390e-03	
1151	1.069700e-02	1.579009e-03	
1152	1.070634e-02	1.579178e-03	
1153	1.071508e-02	1.578801e-03	
1154	1.072392e-02	1.578977e-03	
1155	1.073589e-02	1.578564e-03	
1156	1.074599e-02	1.578726e-03	

Index   time            v3#branch       
--------------------------------------------------------------------------------
1157	1.075496e-02	1.578348e-03	
1158	1.076431e-02	1.578518e-03	
1159	1.077435e-02	1.578128e-03	
1160	1.078273e-02	1.578310e-03	
1161	1.079195e-02	1.577930e-03	
1162	1.080360e-02	1.578075e-03	
1163	1.081291e-02	1.577695e-03	
1164	1.082230e-02	1.577866e-03	
1165	1.083123e-02	1.577490e-03	
1166	1.084054e-02	1.577663e-03	
1167	1.084942e-02	1.577287e-03	
1168	1.085827e-02	1.577465e-03	
1169	1.086962e-02	1.577064e-03	
1170	1.087978e-02	1.577227e-03	
1171	1.088842e-02	1.576856e-03	
1172	1.089785e-02	1.577028e-03	
1173	1.090803e-02	1.576640e-03	
1174	1.091639e-02	1.576824e-03	
1175	1.092551e-02	1.576448e-03	
1176	1.093610e-02	1.576608e-03	
1177	1.094544e-02	1.576231e-03	
1178	1.095493e-02	1.576403e-03	
1179	1.096369e-02	1.576032e-03	
1180	1.097314e-02	1.576205e-03	
1181	1.098239e-02	1.575829e-03	
1182	1.099160e-02	1.576005e-03	
1183	1.100151e-02	1.575622e-03	
1184	1.101173e-02	1.575788e-03	
1185	1.102025e-02	1.575420e-03	
1186	1.102959e-02	1.575595e-03	
1187	1.104059e-02	1.575202e-03	
1188	1.104947e-02	1.575382e-03	
1189	1.105837e-02	1.575011e-03	
1190	1.106787e-02	1.575185e-03	
1191	1.107718e-02	1.574811e-03	
1192	1.108597e-02	1.574993e-03	
1193	1.109479e-02	1.574624e-03	
1194	1.110696e-02	1.574770e-03	
1195	1.111714e-02	1.574387e-03	
1196	1.112627e-02	1.574566e-03	
1197	1.113574e-02	1.574190e-03	
1198	1.114588e-02	1.574359e-03	
1199	1.115432e-02	1.573995e-03	
1200	1.116361e-02	1.574173e-03	
1201	1.117605e-02	1.573767e-03	
1202	1.118521e-02	1.573946e-03	
1203	1.119443e-02	1.573575e-03	
1204	1.120393e-02	1.573751e-03	
1205	1.121320e-02	1.573380e-03	
1206	1.122272e-02	1.573556e-03	
1207	1.123142e-02	1.573191e-03	
1208	1.124346e-02	1.573341e-03	
1209	1.125344e-02	1.572963e-03	
1210	1.126342e-02	1.573135e-03	
1211	1.127312e-02	1.572761e-03	
1212	1.128331e-02	1.572931e-03	
1213	1.129200e-02	1.572567e-03	
1214	1.130138e-02	1.572745e-03	

Index   time            v3#branch       
--------------------------------------------------------------------------------
1215	1.131187e-02	1.572364e-03	
1216	1.132042e-02	1.572551e-03	
1217	1.132939e-02	1.572185e-03	
1218	1.133926e-02	1.572359e-03	
1219	1.134860e-02	1.571990e-03	
1220	1.135813e-02	1.572168e-03	
1221	1.136682e-02	1.571806e-03	
1222	1.137844e-02	1.571963e-03	
1223	1.138834e-02	1.571588e-03	
1224	1.139823e-02	1.571763e-03	
1225	1.140794e-02	1.571392e-03	
1226	1.141817e-02	1.571563e-03	
1227	1.142683e-02	1.571203e-03	
1228	1.143621e-02	1.571383e-03	
1229	1.144678e-02	1.571004e-03	
1230	1.145534e-02	1.571193e-03	
1231	1.146432e-02	1.570829e-03	
1232	1.147412e-02	1.571006e-03	
1233	1.148341e-02	1.570640e-03	
1234	1.149293e-02	1.570820e-03	
1235	1.150166e-02	1.570460e-03	
1236	1.151358e-02	1.570617e-03	
1237	1.152357e-02	1.570245e-03	
1238	1.153356e-02	1.570421e-03	
1239	1.154330e-02	1.570052e-03	
1240	1.155356e-02	1.570226e-03	
1241	1.156225e-02	1.569867e-03	
1242	1.157165e-02	1.570049e-03	
1243	1.158215e-02	1.569674e-03	
1244	1.159062e-02	1.569865e-03	
1245	1.159966e-02	1.569504e-03	
1246	1.160957e-02	1.569682e-03	
1247	1.161887e-02	1.569319e-03	
1248	1.162833e-02	1.569502e-03	
1249	1.163703e-02	1.569145e-03	
1250	1.164850e-02	1.569308e-03	
1251	1.165841e-02	1.568940e-03	
1252	1.166830e-02	1.569119e-03	
1253	1.167804e-02	1.568754e-03	
1254	1.168832e-02	1.568929e-03	
1255	1.169698e-02	1.568574e-03	
1256	1.170638e-02	1.568758e-03	
1257	1.171697e-02	1.568385e-03	
1258	1.172547e-02	1.568578e-03	
1259	1.173450e-02	1.568220e-03	
1260	1.174431e-02	1.568401e-03	
1261	1.175355e-02	1.568042e-03	
1262	1.176308e-02	1.568226e-03	
1263	1.177185e-02	1.567871e-03	
1264	1.178369e-02	1.568034e-03	
1265	1.179370e-02	1.567668e-03	
1266	1.180370e-02	1.567848e-03	
1267	1.181349e-02	1.567485e-03	
1268	1.182381e-02	1.567663e-03	
1269	1.183250e-02	1.567310e-03	
1270	1.184193e-02	1.567496e-03	
1271	1.185244e-02	1.567127e-03	
1272	1.186083e-02	1.567323e-03	

Index   time            v3#branch       
--------------------------------------------------------------------------------
1273	1.186993e-02	1.566967e-03	
1274	1.187990e-02	1.567149e-03	
1275	1.188912e-02	1.566793e-03	
1276	1.189851e-02	1.566980e-03	
1277	1.190721e-02	1.566629e-03	
1278	1.191854e-02	1.566799e-03	
1279	1.192845e-02	1.566438e-03	
1280	1.193835e-02	1.566621e-03	
1281	1.194811e-02	1.566262e-03	
1282	1.195845e-02	1.566442e-03	
1283	1.196709e-02	1.566093e-03	
1284	1.197652e-02	1.566281e-03	
1285	1.198714e-02	1.565914e-03	
1286	1.199557e-02	1.566112e-03	
1287	1.200465e-02	1.565760e-03	
1288	1.201447e-02	1.565945e-03	
1289	1.202366e-02	1.565592e-03	
1290	1.203322e-02	1.565780e-03	
1291	1.204202e-02	1.565432e-03	
1292	1.205380e-02	1.565600e-03	
1293	1.206384e-02	1.565241e-03	
1294	1.207385e-02	1.565426e-03	
1295	1.208369e-02	1.565069e-03	
1296	1.209406e-02	1.565251e-03	
1297	1.210276e-02	1.564905e-03	
1298	1.211221e-02	1.565095e-03	
1299	1.212275e-02	1.564733e-03	
1300	1.213106e-02	1.564934e-03	
1301	1.214023e-02	1.564584e-03	
1302	1.215027e-02	1.564770e-03	
1303	1.215939e-02	1.564421e-03	
1304	1.216873e-02	1.564613e-03	
1305	1.217744e-02	1.564269e-03	
1306	1.218856e-02	1.564446e-03	
1307	1.219847e-02	1.564092e-03	
1308	1.220836e-02	1.564280e-03	
1309	1.221814e-02	1.563927e-03	
1310	1.222853e-02	1.564112e-03	
1311	1.223716e-02	1.563769e-03	
1312	1.224660e-02	1.563962e-03	
1313	1.225727e-02	1.563603e-03	
1314	1.226565e-02	1.563804e-03	
1315	1.227477e-02	1.563459e-03	
1316	1.228458e-02	1.563649e-03	
1317	1.229372e-02	1.563304e-03	
1318	1.230332e-02	1.563496e-03	
1319	1.231215e-02	1.563154e-03	
1320	1.232392e-02	1.563329e-03	
1321	1.233399e-02	1.562977e-03	
1322	1.234404e-02	1.563166e-03	
1323	1.235393e-02	1.562817e-03	
1324	1.236436e-02	1.563003e-03	
1325	1.237307e-02	1.562664e-03	
1326	1.238254e-02	1.562858e-03	
1327	1.239311e-02	1.562504e-03	
1328	1.240132e-02	1.562709e-03	
1329	1.241056e-02	1.562366e-03	
1330	1.242070e-02	1.562556e-03	

Index   time            v3#branch       
--------------------------------------------------------------------------------
1331	1.242974e-02	1.562216e-03	
1332	1.243902e-02	1.562413e-03	
1333	1.244775e-02	1.562075e-03	
1334	1.245859e-02	1.562260e-03	
1335	1.246846e-02	1.561914e-03	
1336	1.247831e-02	1.562107e-03	
1337	1.248812e-02	1.561762e-03	
1338	1.249857e-02	1.561952e-03	
1339	1.250718e-02	1.561616e-03	
1340	1.251664e-02	1.561814e-03	
1341	1.252736e-02	1.561463e-03	
1342	1.253570e-02	1.561669e-03	
1343	1.254485e-02	1.561330e-03	
1344	1.255464e-02	1.561526e-03	
1345	1.256373e-02	1.561188e-03	
1346	1.257338e-02	1.561385e-03	
1347	1.258226e-02	1.561050e-03	
1348	1.259406e-02	1.561231e-03	
1349	1.260418e-02	1.560887e-03	
1350	1.261426e-02	1.561081e-03	
1351	1.262421e-02	1.560739e-03	
1352	1.263468e-02	1.560931e-03	
1353	1.264341e-02	1.560599e-03	
1354	1.265290e-02	1.560798e-03	
1355	1.266349e-02	1.560452e-03	
1356	1.267161e-02	1.560662e-03	
1357	1.268094e-02	1.560326e-03	
1358	1.269119e-02	1.560521e-03	
1359	1.270015e-02	1.560189e-03	
1360	1.270936e-02	1.560391e-03	
1361	1.271814e-02	1.560060e-03	
1362	1.272862e-02	1.560254e-03	
1363	1.273845e-02	1.559917e-03	
1364	1.274824e-02	1.560116e-03	
1365	1.275809e-02	1.559779e-03	
1366	1.276859e-02	1.559974e-03	
1367	1.277718e-02	1.559646e-03	
1368	1.278665e-02	1.559848e-03	
1369	1.279743e-02	1.559505e-03	
1370	1.280573e-02	1.559716e-03	
1371	1.281492e-02	1.559385e-03	
1372	1.282468e-02	1.559586e-03	
1373	1.283372e-02	1.559257e-03	
1374	1.284343e-02	1.559459e-03	
1375	1.285235e-02	1.559131e-03	
1376	1.286422e-02	1.559319e-03	
1377	1.287438e-02	1.558983e-03	
1378	1.288451e-02	1.559183e-03	
1379	1.289451e-02	1.558849e-03	
1380	1.290504e-02	1.559047e-03	
1381	1.291378e-02	1.558722e-03	
1382	1.292330e-02	1.558927e-03	
1383	1.293391e-02	1.558590e-03	
1384	1.294204e-02	1.558804e-03	
1385	1.295140e-02	1.558476e-03	
1386	1.296187e-02	1.558676e-03	
1387	1.297077e-02	1.558351e-03	
1388	1.297986e-02	1.558560e-03	

Index   time            v3#branch       
--------------------------------------------------------------------------------
1389	1.298872e-02	1.558237e-03	
1390	1.299862e-02	1.558440e-03	
1391	1.300834e-02	1.558112e-03	
1392	1.301802e-02	1.558318e-03	
1393	1.302792e-02	1.557989e-03	
1394	1.303848e-02	1.558190e-03	
1395	1.304703e-02	1.557870e-03	
1396	1.305652e-02	1.558077e-03	
1397	1.306740e-02	1.557744e-03	
1398	1.307569e-02	1.557959e-03	
1399	1.308490e-02	1.557637e-03	
1400	1.309458e-02	1.557844e-03	
1401	1.310355e-02	1.557523e-03	
1402	1.311339e-02	1.557730e-03	
1403	1.312237e-02	1.557410e-03	
1404	1.313447e-02	1.557604e-03	
1405	1.314471e-02	1.557277e-03	
1406	1.315492e-02	1.557482e-03	
1407	1.316500e-02	1.557157e-03	
1408	1.317555e-02	1.557361e-03	
1409	1.318431e-02	1.557044e-03	
1410	1.319386e-02	1.557255e-03	
1411	1.320447e-02	1.556927e-03	
1412	1.321265e-02	1.557146e-03	
1413	1.322203e-02	1.556827e-03	
1414	1.323288e-02	1.557031e-03	
1415	1.324172e-02	1.556715e-03	
1416	1.325072e-02	1.556930e-03	
1417	1.325967e-02	1.556614e-03	
1418	1.326896e-02	1.556827e-03	
1419	1.327854e-02	1.556509e-03	
1420	1.328805e-02	1.556721e-03	
1421	1.329817e-02	1.556401e-03	
1422	1.330883e-02	1.556607e-03	
1423	1.331737e-02	1.556296e-03	
1424	1.332689e-02	1.556509e-03	
1425	1.333775e-02	1.556186e-03	
1426	1.334595e-02	1.556407e-03	
1427	1.335522e-02	1.556092e-03	
1428	1.336496e-02	1.556306e-03	
1429	1.337389e-02	1.555994e-03	
1430	1.338368e-02	1.556207e-03	
1431	1.339268e-02	1.555895e-03	
1432	1.340454e-02	1.556098e-03	
1433	1.341477e-02	1.555781e-03	
1434	1.342495e-02	1.555993e-03	
1435	1.343505e-02	1.555677e-03	
1436	1.344566e-02	1.555888e-03	
1437	1.345441e-02	1.555580e-03	
1438	1.346396e-02	1.555796e-03	
1439	1.347462e-02	1.555479e-03	
1440	1.348280e-02	1.555702e-03	
1441	1.349220e-02	1.555392e-03	
1442	1.350314e-02	1.555603e-03	
1443	1.351194e-02	1.555296e-03	
1444	1.352090e-02	1.555517e-03	
1445	1.352987e-02	1.555209e-03	
1446	1.353914e-02	1.555429e-03	

Index   time            v3#branch       
--------------------------------------------------------------------------------
1447	1.354874e-02	1.555119e-03	
1448	1.355828e-02	1.555338e-03	
1449	1.356845e-02	1.555027e-03	
1450	1.357917e-02	1.555241e-03	
1451	1.358771e-02	1.554937e-03	
1452	1.359725e-02	1.555157e-03	
1453	1.360810e-02	1.554844e-03	
1454	1.361623e-02	1.555070e-03	
1455	1.362555e-02	1.554765e-03	
1456	1.363536e-02	1.554984e-03	
1457	1.364421e-02	1.554682e-03	
1458	1.365397e-02	1.554902e-03	
1459	1.366296e-02	1.554599e-03	
1460	1.367461e-02	1.554811e-03	
1461	1.368482e-02	1.554504e-03	
1462	1.369498e-02	1.554723e-03	
1463	1.370509e-02	1.554417e-03	
1464	1.371576e-02	1.554635e-03	
1465	1.372449e-02	1.554335e-03	
1466	1.373407e-02	1.554558e-03	
1467	1.374476e-02	1.554251e-03	
1468	1.375294e-02	1.554479e-03	
1469	1.376235e-02	1.554178e-03	
1470	1.377339e-02	1.554396e-03	
1471	1.378215e-02	1.554099e-03	
1472	1.379107e-02	1.554325e-03	
1473	1.380006e-02	1.554027e-03	
1474	1.380932e-02	1.554253e-03	
1475	1.381895e-02	1.553953e-03	
1476	1.382851e-02	1.554178e-03	
1477	1.383873e-02	1.553877e-03	
1478	1.384950e-02	1.554098e-03	
1479	1.385805e-02	1.553803e-03	
1480	1.386761e-02	1.554029e-03	
1481	1.387846e-02	1.553727e-03	
1482	1.388650e-02	1.553959e-03	
1483	1.389590e-02	1.553663e-03	
1484	1.390577e-02	1.553888e-03	
1485	1.391455e-02	1.553595e-03	
1486	1.392427e-02	1.553822e-03	
1487	1.393326e-02	1.553529e-03	
1488	1.394467e-02	1.553750e-03	
1489	1.395486e-02	1.553453e-03	
1490	1.396500e-02	1.553679e-03	
1491	1.397513e-02	1.553384e-03	
1492	1.398585e-02	1.553609e-03	
1493	1.399456e-02	1.553318e-03	
1494	1.400415e-02	1.553547e-03	
1495	1.401489e-02	1.553251e-03	
1496	1.402306e-02	1.553485e-03	
1497	1.403249e-02	1.553194e-03	
1498	1.404358e-02	1.553419e-03	
1499	1.405231e-02	1.553131e-03	
1500	1.406125e-02	1.553364e-03	
1501	1.407023e-02	1.553075e-03	
1502	1.407950e-02	1.553307e-03	
1503	1.408916e-02	1.553017e-03	
1504	1.409875e-02	1.553249e-03	

Index   time            v3#branch       
--------------------------------------------------------------------------------
1505	1.410903e-02	1.552958e-03	
1506	1.411984e-02	1.553186e-03	
1507	1.412840e-02	1.552901e-03	
1508	1.413798e-02	1.553133e-03	
1509	1.414885e-02	1.552842e-03	
1510	1.415689e-02	1.553079e-03	
1511	1.416631e-02	1.552793e-03	
1512	1.417635e-02	1.553025e-03	
1513	1.418507e-02	1.552742e-03	
1514	1.419469e-02	1.552976e-03	
1515	1.420366e-02	1.552692e-03	
1516	1.421467e-02	1.552922e-03	
1517	1.422480e-02	1.552636e-03	
1518	1.423487e-02	1.552870e-03	
1519	1.424500e-02	1.552585e-03	
1520	1.425576e-02	1.552817e-03	
1521	1.426444e-02	1.552536e-03	
1522	1.427404e-02	1.552772e-03	
1523	1.428483e-02	1.552487e-03	
1524	1.429298e-02	1.552727e-03	
1525	1.430242e-02	1.552445e-03	
1526	1.431339e-02	1.552679e-03	
1527	1.432209e-02	1.552400e-03	
1528	1.433117e-02	1.552639e-03	
1529	1.434005e-02	1.552360e-03	
1530	1.434956e-02	1.552598e-03	
1531	1.435931e-02	1.552318e-03	
1532	1.436900e-02	1.552556e-03	
1533	1.437924e-02	1.552276e-03	
1534	1.439007e-02	1.552512e-03	
1535	1.439864e-02	1.552237e-03	
1536	1.440824e-02	1.552476e-03	
1537	1.441912e-02	1.552196e-03	
1538	1.442718e-02	1.552439e-03	
1539	1.443662e-02	1.552162e-03	
1540	1.444685e-02	1.552401e-03	
1541	1.445554e-02	1.552127e-03	
1542	1.446510e-02	1.552368e-03	
1543	1.447404e-02	1.552094e-03	
1544	1.448467e-02	1.552333e-03	
1545	1.449473e-02	1.552058e-03	
1546	1.450474e-02	1.552299e-03	
1547	1.451489e-02	1.552025e-03	
1548	1.452569e-02	1.552265e-03	
1549	1.453433e-02	1.551994e-03	
1550	1.454395e-02	1.552237e-03	
1551	1.455479e-02	1.551963e-03	
1552	1.456292e-02	1.552208e-03	
1553	1.457237e-02	1.551937e-03	
1554	1.458326e-02	1.552179e-03	
1555	1.459192e-02	1.551910e-03	
1556	1.460112e-02	1.552154e-03	
1557	1.460993e-02	1.551885e-03	
1558	1.461962e-02	1.552130e-03	
1559	1.462946e-02	1.551860e-03	
1560	1.463923e-02	1.552105e-03	
1561	1.464945e-02	1.551836e-03	
1562	1.466031e-02	1.552081e-03	

Index   time            v3#branch       
--------------------------------------------------------------------------------
1563	1.466888e-02	1.551814e-03	
1564	1.467850e-02	1.552060e-03	
1565	1.468941e-02	1.551792e-03	
1566	1.469748e-02	1.552040e-03	
1567	1.470694e-02	1.551774e-03	
1568	1.471741e-02	1.552020e-03	
1569	1.472606e-02	1.551756e-03	
1570	1.473554e-02	1.552004e-03	
1571	1.474446e-02	1.551740e-03	
1572	1.475463e-02	1.551987e-03	
1573	1.476462e-02	1.551723e-03	
1574	1.477455e-02	1.551971e-03	
1575	1.478470e-02	1.551708e-03	
1576	1.479556e-02	1.551956e-03	
1577	1.480416e-02	1.551695e-03	
1578	1.481378e-02	1.551944e-03	
1579	1.482469e-02	1.551682e-03	
1580	1.483279e-02	1.551933e-03	
1581	1.484225e-02	1.551672e-03	
1582	1.485299e-02	1.551922e-03	
1583	1.486161e-02	1.551662e-03	
1584	1.487097e-02	1.551914e-03	
1585	1.487984e-02	1.551655e-03	
1586	1.488969e-02	1.551906e-03	
1587	1.489961e-02	1.551647e-03	
1588	1.490946e-02	1.551899e-03	
1589	1.491968e-02	1.551641e-03	
1590	1.493057e-02	1.551893e-03	
1591	1.493915e-02	1.551637e-03	
1592	1.494878e-02	1.551890e-03	
1593	1.495971e-02	1.551633e-03	
1594	1.496780e-02	1.551887e-03	
1595	1.497728e-02	1.551631e-03	
1596	1.498801e-02	1.551885e-03	
1597	1.499662e-02	1.551631e-03	
1598	1.500601e-02	1.551885e-03	
1599	1.501490e-02	1.551631e-03	
1600	1.502477e-02	1.551886e-03	
1601	1.503471e-02	1.551633e-03	
1602	1.504457e-02	1.551888e-03	
1603	1.505481e-02	1.551636e-03	
1604	1.506572e-02	1.551892e-03	
1605	1.507431e-02	1.551640e-03	
1606	1.508395e-02	1.551897e-03	
1607	1.509489e-02	1.551646e-03	
1608	1.510299e-02	1.551902e-03	
1609	1.511247e-02	1.551652e-03	
1610	1.512336e-02	1.551910e-03	
1611	1.513195e-02	1.551661e-03	
1612	1.514129e-02	1.551918e-03	
1613	1.515015e-02	1.551669e-03	
1614	1.515991e-02	1.551928e-03	
1615	1.516983e-02	1.551680e-03	
1616	1.517967e-02	1.551939e-03	
1617	1.518997e-02	1.551692e-03	
1618	1.520093e-02	1.551952e-03	
1619	1.520951e-02	1.551705e-03	
1620	1.521917e-02	1.551965e-03	

Index   time            v3#branch       
--------------------------------------------------------------------------------
1621	1.523011e-02	1.551721e-03	
1622	1.523823e-02	1.551980e-03	
1623	1.524772e-02	1.551735e-03	
1624	1.525880e-02	1.551997e-03	
1625	1.526737e-02	1.551752e-03	
1626	1.527663e-02	1.552013e-03	
1627	1.528546e-02	1.551769e-03	
1628	1.529509e-02	1.552031e-03	
1629	1.530497e-02	1.551788e-03	
1630	1.531478e-02	1.552051e-03	
1631	1.532517e-02	1.551810e-03	
1632	1.533617e-02	1.552074e-03	
1633	1.534475e-02	1.551832e-03	
1634	1.535442e-02	1.552095e-03	
1635	1.536536e-02	1.551857e-03	
1636	1.537350e-02	1.552119e-03	
1637	1.538300e-02	1.551879e-03	
1638	1.539429e-02	1.552145e-03	
1639	1.540284e-02	1.551905e-03	
1640	1.541202e-02	1.552169e-03	
1641	1.542085e-02	1.551930e-03	
1642	1.543031e-02	1.552195e-03	
1643	1.544015e-02	1.551958e-03	
1644	1.544991e-02	1.552224e-03	
1645	1.546042e-02	1.551989e-03	
1646	1.547144e-02	1.552258e-03	
1647	1.548001e-02	1.552020e-03	
1648	1.548970e-02	1.552287e-03	
1649	1.550065e-02	1.552054e-03	
1650	1.550880e-02	1.552319e-03	
1651	1.551831e-02	1.552084e-03	
1652	1.552983e-02	1.552355e-03	
1653	1.553836e-02	1.552120e-03	
1654	1.554745e-02	1.552387e-03	
1655	1.555634e-02	1.552153e-03	
1656	1.556559e-02	1.552421e-03	
1657	1.557537e-02	1.552189e-03	
1658	1.558508e-02	1.552458e-03	
1659	1.559572e-02	1.552229e-03	
1660	1.560674e-02	1.552502e-03	
1661	1.561535e-02	1.552270e-03	
1662	1.562501e-02	1.552539e-03	
1663	1.563596e-02	1.552313e-03	
1664	1.564413e-02	1.552580e-03	
1665	1.565364e-02	1.552351e-03	
1666	1.566541e-02	1.552627e-03	
1667	1.567391e-02	1.552396e-03	
1668	1.568306e-02	1.552666e-03	
1669	1.569195e-02	1.552437e-03	
1670	1.570097e-02	1.552708e-03	
1671	1.571069e-02	1.552481e-03	
1672	1.572032e-02	1.552754e-03	
1673	1.573117e-02	1.552531e-03	
1674	1.574217e-02	1.552807e-03	
1675	1.575089e-02	1.552580e-03	
1676	1.576049e-02	1.552853e-03	
1677	1.577141e-02	1.552632e-03	
1678	1.577962e-02	1.552902e-03	

Index   time            v3#branch       
--------------------------------------------------------------------------------
1679	1.578914e-02	1.552678e-03	
1680	1.580131e-02	1.552959e-03	
1681	1.580977e-02	1.552734e-03	
1682	1.581913e-02	1.553008e-03	
1683	1.582795e-02	1.552783e-03	
1684	1.583660e-02	1.553056e-03	
1685	1.584620e-02	1.552834e-03	
1686	1.585572e-02	1.553109e-03	
1687	1.586696e-02	1.552894e-03	
1688	1.587794e-02	1.553174e-03	
1689	1.588683e-02	1.552952e-03	
1690	1.589636e-02	1.553228e-03	
1691	1.590723e-02	1.553013e-03	
1692	1.591551e-02	1.553286e-03	
1693	1.592504e-02	1.553067e-03	
1694	1.593808e-02	1.553355e-03	
1695	1.594645e-02	1.553134e-03	
1696	1.595622e-02	1.553412e-03	
1697	1.596566e-02	1.553195e-03	
1698	1.597416e-02	1.553470e-03	
1699	1.598456e-02	1.553256e-03	
1700	1.599392e-02	1.553534e-03	
1701	1.600644e-02	1.553329e-03	
1702	1.601709e-02	1.553612e-03	
1703	1.602767e-02	1.553401e-03	
1704	1.603829e-02	1.553684e-03	
1705	1.604900e-02	1.553474e-03	
1706	1.605948e-02	1.553757e-03	
1707	1.606907e-02	1.553545e-03	
1708	1.607994e-02	1.553830e-03	
1709	1.608849e-02	1.553614e-03	
1710	1.609813e-02	1.553895e-03	
1711	1.610930e-02	1.553690e-03	
1712	1.611731e-02	1.553966e-03	
1713	1.612684e-02	1.553755e-03	
1714	1.613724e-02	1.554040e-03	
1715	1.614571e-02	1.553826e-03	
1716	1.615560e-02	1.554109e-03	
1717	1.616476e-02	1.553898e-03	
1718	1.617534e-02	1.554185e-03	
1719	1.618557e-02	1.553979e-03	
1720	1.619571e-02	1.554265e-03	
1721	1.620617e-02	1.554061e-03	
1722	1.621716e-02	1.554350e-03	
1723	1.622609e-02	1.554141e-03	
1724	1.623563e-02	1.554425e-03	
1725	1.624657e-02	1.554224e-03	
1726	1.625482e-02	1.554503e-03	
1727	1.626437e-02	1.554298e-03	
1728	1.627729e-02	1.554597e-03	
1729	1.628563e-02	1.554387e-03	
1730	1.629536e-02	1.554673e-03	
1731	1.630469e-02	1.554468e-03	
1732	1.631312e-02	1.554749e-03	
1733	1.632256e-02	1.554545e-03	
1734	1.633191e-02	1.554831e-03	
1735	1.634477e-02	1.554642e-03	
1736	1.635573e-02	1.554936e-03	

Index   time            v3#branch       
--------------------------------------------------------------------------------
1737	1.636664e-02	1.554740e-03	
1738	1.637667e-02	1.555029e-03	
1739	1.638762e-02	1.554834e-03	
1740	1.639687e-02	1.555121e-03	
1741	1.640653e-02	1.554921e-03	
1742	1.641749e-02	1.555216e-03	
1743	1.642582e-02	1.555010e-03	
1744	1.643541e-02	1.555299e-03	
1745	1.644738e-02	1.555111e-03	
1746	1.645544e-02	1.555394e-03	
1747	1.646504e-02	1.555195e-03	
1748	1.647437e-02	1.555484e-03	
1749	1.648278e-02	1.555281e-03	
1750	1.649224e-02	1.555570e-03	
1751	1.650163e-02	1.555373e-03	
1752	1.651433e-02	1.555678e-03	
1753	1.652532e-02	1.555489e-03	
1754	1.653624e-02	1.555787e-03	
1755	1.654617e-02	1.555594e-03	
1756	1.655714e-02	1.555892e-03	
1757	1.656625e-02	1.555695e-03	
1758	1.657584e-02	1.555987e-03	
1759	1.658682e-02	1.555800e-03	
1760	1.659511e-02	1.556086e-03	
1761	1.660469e-02	1.555893e-03	
1762	1.661836e-02	1.556207e-03	
1763	1.662672e-02	1.556009e-03	
1764	1.663675e-02	1.556304e-03	
1765	1.664701e-02	1.556116e-03	
1766	1.665544e-02	1.556403e-03	
1767	1.666532e-02	1.556214e-03	
1768	1.667453e-02	1.556506e-03	
1769	1.668496e-02	1.556320e-03	
1770	1.669521e-02	1.556619e-03	
1771	1.670536e-02	1.556432e-03	
1772	1.671590e-02	1.556732e-03	
1773	1.672694e-02	1.556551e-03	
1774	1.673594e-02	1.556843e-03	
1775	1.674550e-02	1.556655e-03	
1776	1.675648e-02	1.556959e-03	
1777	1.676476e-02	1.556764e-03	
1778	1.677434e-02	1.557060e-03	
1779	1.678779e-02	1.556896e-03	
1780	1.679606e-02	1.557184e-03	
1781	1.680605e-02	1.557001e-03	
1782	1.681602e-02	1.557300e-03	
1783	1.682447e-02	1.557108e-03	
1784	1.683462e-02	1.557409e-03	
1785	1.684395e-02	1.557223e-03	
1786	1.685515e-02	1.557530e-03	
1787	1.686558e-02	1.557351e-03	
1788	1.687593e-02	1.557654e-03	
1789	1.688657e-02	1.557477e-03	
1790	1.689752e-02	1.557784e-03	
1791	1.690684e-02	1.557600e-03	
1792	1.691658e-02	1.557900e-03	
1793	1.692759e-02	1.557727e-03	
1794	1.693597e-02	1.558018e-03	

Index   time            v3#branch       
--------------------------------------------------------------------------------
1795	1.694560e-02	1.557838e-03	
1796	1.695729e-02	1.558151e-03	
1797	1.696523e-02	1.557960e-03	
1798	1.697485e-02	1.558260e-03	
1799	1.698452e-02	1.558081e-03	
1800	1.699292e-02	1.558374e-03	
1801	1.700239e-02	1.558194e-03	
1802	1.701176e-02	1.558493e-03	
1803	1.702525e-02	1.558340e-03	
1804	1.703631e-02	1.558651e-03	
1805	1.704730e-02	1.558482e-03	
1806	1.705786e-02	1.558790e-03	
1807	1.706863e-02	1.558621e-03	
1808	1.707912e-02	1.558929e-03	
1809	1.708909e-02	1.558755e-03	
1810	1.710016e-02	1.559068e-03	
1811	1.710876e-02	1.558886e-03	
1812	1.711849e-02	1.559189e-03	
1813	1.712966e-02	1.559025e-03	
1814	1.713779e-02	1.559318e-03	
1815	1.714739e-02	1.559144e-03	
1816	1.715942e-02	1.559464e-03	
1817	1.716770e-02	1.559282e-03	
1818	1.717706e-02	1.559584e-03	
1819	1.718595e-02	1.559407e-03	
1820	1.719504e-02	1.559707e-03	
1821	1.720491e-02	1.559537e-03	
1822	1.721470e-02	1.559843e-03	
1823	1.722589e-02	1.559683e-03	
1824	1.723699e-02	1.559998e-03	
1825	1.724614e-02	1.559824e-03	
1826	1.725583e-02	1.560130e-03	
1827	1.726687e-02	1.559970e-03	
1828	1.727521e-02	1.560267e-03	
1829	1.728484e-02	1.560097e-03	
1830	1.729675e-02	1.560420e-03	
1831	1.730469e-02	1.560239e-03	
1832	1.731436e-02	1.560546e-03	
1833	1.732396e-02	1.560378e-03	
1834	1.733230e-02	1.560676e-03	
1835	1.734182e-02	1.560507e-03	
1836	1.735125e-02	1.560813e-03	
1837	1.736450e-02	1.560673e-03	
1838	1.737560e-02	1.560991e-03	
1839	1.738663e-02	1.560835e-03	
1840	1.739703e-02	1.561149e-03	
1841	1.740792e-02	1.560993e-03	
1842	1.741847e-02	1.561308e-03	
1843	1.742829e-02	1.561145e-03	
1844	1.743937e-02	1.561465e-03	
1845	1.744793e-02	1.561293e-03	
1846	1.745767e-02	1.561603e-03	
1847	1.746892e-02	1.561451e-03	
1848	1.747701e-02	1.561749e-03	
1849	1.748661e-02	1.561586e-03	
1850	1.749828e-02	1.561912e-03	
1851	1.750654e-02	1.561739e-03	
1852	1.751604e-02	1.562048e-03	

Index   time            v3#branch       
--------------------------------------------------------------------------------
1853	1.752507e-02	1.561882e-03	
1854	1.753447e-02	1.562190e-03	
1855	1.754448e-02	1.562032e-03	
1856	1.755440e-02	1.562345e-03	
1857	1.756544e-02	1.562196e-03	
1858	1.757658e-02	1.562519e-03	
1859	1.758575e-02	1.562355e-03	
1860	1.759546e-02	1.562667e-03	
1861	1.760655e-02	1.562520e-03	
1862	1.761488e-02	1.562821e-03	
1863	1.762453e-02	1.562663e-03	
1864	1.763644e-02	1.562993e-03	
1865	1.764438e-02	1.562821e-03	
1866	1.765406e-02	1.563134e-03	
1867	1.766378e-02	1.562978e-03	
1868	1.767210e-02	1.563279e-03	
1869	1.768164e-02	1.563122e-03	
1870	1.769109e-02	1.563433e-03	
1871	1.770464e-02	1.563309e-03	
1872	1.771579e-02	1.563635e-03	
1873	1.772686e-02	1.563491e-03	
1874	1.773753e-02	1.563813e-03	
1875	1.774835e-02	1.563668e-03	
1876	1.775889e-02	1.563990e-03	
1877	1.776909e-02	1.563840e-03	
1878	1.778031e-02	1.564168e-03	
1879	1.778927e-02	1.564009e-03	
1880	1.779886e-02	1.564323e-03	
1881	1.780999e-02	1.564182e-03	
1882	1.781823e-02	1.564485e-03	
1883	1.782786e-02	1.564333e-03	
1884	1.784142e-02	1.564681e-03	
1885	1.784966e-02	1.564518e-03	
1886	1.785969e-02	1.564837e-03	
1887	1.786988e-02	1.564690e-03	
1888	1.787818e-02	1.564994e-03	
1889	1.788847e-02	1.564849e-03	
1890	1.789789e-02	1.565164e-03	
1891	1.790885e-02	1.565025e-03	
1892	1.791933e-02	1.565349e-03	
1893	1.792971e-02	1.565206e-03	
1894	1.794055e-02	1.565533e-03	
1895	1.795161e-02	1.565396e-03	
1896	1.796114e-02	1.565712e-03	
1897	1.797104e-02	1.565566e-03	
1898	1.798220e-02	1.565897e-03	
1899	1.799063e-02	1.565739e-03	
1900	1.800034e-02	1.566057e-03	
1901	1.801182e-02	1.565926e-03	
1902	1.801979e-02	1.566229e-03	
1903	1.802942e-02	1.566082e-03	
1904	1.804004e-02	1.566409e-03	
1905	1.804828e-02	1.566250e-03	
1906	1.805850e-02	1.566574e-03	
1907	1.806789e-02	1.566426e-03	
1908	1.807831e-02	1.566752e-03	
1909	1.808870e-02	1.566613e-03	
1910	1.809898e-02	1.566938e-03	

Index   time            v3#branch       
--------------------------------------------------------------------------------
1911	1.810980e-02	1.566805e-03	
1912	1.812094e-02	1.567137e-03	
1913	1.813033e-02	1.566991e-03	
1914	1.814015e-02	1.567312e-03	
1915	1.815132e-02	1.567183e-03	
1916	1.815970e-02	1.567491e-03	
1917	1.816941e-02	1.567349e-03	
1918	1.818106e-02	1.567687e-03	
1919	1.818900e-02	1.567530e-03	
1920	1.819866e-02	1.567850e-03	
1921	1.820895e-02	1.567714e-03	
1922	1.821718e-02	1.568021e-03	
1923	1.822765e-02	1.567888e-03	
1924	1.823714e-02	1.568207e-03	
1925	1.824835e-02	1.568082e-03	
1926	1.825893e-02	1.568411e-03	
1927	1.826940e-02	1.568279e-03	
1928	1.828034e-02	1.568612e-03	
1929	1.829139e-02	1.568486e-03	
1930	1.830219e-02	1.568818e-03	
1931	1.831193e-02	1.568681e-03	
1932	1.832309e-02	1.569017e-03	
1933	1.833167e-02	1.568868e-03	
1934	1.834145e-02	1.569192e-03	
1935	1.835279e-02	1.569070e-03	
1936	1.836090e-02	1.569377e-03	
1937	1.837056e-02	1.569240e-03	
1938	1.838290e-02	1.569589e-03	
1939	1.839099e-02	1.569437e-03	
1940	1.840058e-02	1.569759e-03	
1941	1.840962e-02	1.569617e-03	
1942	1.841858e-02	1.569933e-03	
1943	1.842853e-02	1.569801e-03	
1944	1.843838e-02	1.570125e-03	
1945	1.845007e-02	1.570010e-03	
1946	1.846128e-02	1.570349e-03	
1947	1.847090e-02	1.570214e-03	
1948	1.848091e-02	1.570541e-03	
1949	1.849215e-02	1.570423e-03	
1950	1.850062e-02	1.570735e-03	
1951	1.851038e-02	1.570603e-03	
1952	1.852182e-02	1.570944e-03	
1953	1.852986e-02	1.570795e-03	
1954	1.853952e-02	1.571120e-03	
1955	1.855104e-02	1.571006e-03	
1956	1.855915e-02	1.571315e-03	
1957	1.856900e-02	1.571185e-03	
1958	1.857826e-02	1.571505e-03	
1959	1.858785e-02	1.571374e-03	
1960	1.859803e-02	1.571704e-03	
1961	1.860810e-02	1.571577e-03	
1962	1.861933e-02	1.571918e-03	
1963	1.863055e-02	1.571803e-03	
1964	1.864005e-02	1.572127e-03	
1965	1.864998e-02	1.572000e-03	
1966	1.866123e-02	1.572342e-03	
1967	1.866964e-02	1.572200e-03	
1968	1.867939e-02	1.572526e-03	

Index   time            v3#branch       
--------------------------------------------------------------------------------
1969	1.869094e-02	1.572417e-03	
1970	1.869892e-02	1.572726e-03	
1971	1.870859e-02	1.572597e-03	
1972	1.871956e-02	1.572937e-03	
1973	1.872768e-02	1.572794e-03	
1974	1.873788e-02	1.573126e-03	
1975	1.874729e-02	1.572996e-03	
1976	1.875733e-02	1.573326e-03	
1977	1.876769e-02	1.573207e-03	
1978	1.877793e-02	1.573539e-03	
1979	1.878897e-02	1.573428e-03	
1980	1.880020e-02	1.573771e-03	
1981	1.880972e-02	1.573644e-03	
1982	1.881965e-02	1.573974e-03	
1983	1.883093e-02	1.573866e-03	
1984	1.883934e-02	1.574180e-03	
1985	1.884910e-02	1.574056e-03	
1986	1.886067e-02	1.574404e-03	
1987	1.886865e-02	1.574262e-03	
1988	1.887833e-02	1.574590e-03	
1989	1.888938e-02	1.574481e-03	
1990	1.889747e-02	1.574793e-03	
1991	1.890767e-02	1.574675e-03	
1992	1.891710e-02	1.575001e-03	
1993	1.892709e-02	1.574882e-03	
1994	1.893746e-02	1.575218e-03	
1995	1.894769e-02	1.575102e-03	
1996	1.895880e-02	1.575446e-03	
1997	1.897005e-02	1.575342e-03	
1998	1.897963e-02	1.575670e-03	
1999	1.898961e-02	1.575553e-03	
2000	1.900092e-02	1.575900e-03	
2001	1.900935e-02	1.575766e-03	
2002	1.901913e-02	1.576097e-03	
2003	1.903068e-02	1.575997e-03	
2004	1.903868e-02	1.576309e-03	
2005	1.904838e-02	1.576190e-03	
2006	1.905977e-02	1.576538e-03	
2007	1.906781e-02	1.576402e-03	
2008	1.907788e-02	1.576737e-03	
2009	1.908725e-02	1.576615e-03	
2010	1.909699e-02	1.576946e-03	
2011	1.910728e-02	1.576835e-03	
2012	1.911746e-02	1.577172e-03	
2013	1.912875e-02	1.577073e-03	
2014	1.914002e-02	1.577421e-03	
2015	1.914969e-02	1.577305e-03	
2016	1.915974e-02	1.577640e-03	
2017	1.917108e-02	1.577543e-03	
2018	1.917953e-02	1.577861e-03	
2019	1.918934e-02	1.577747e-03	
2020	1.920086e-02	1.578100e-03	
2021	1.920891e-02	1.577967e-03	
2022	1.921861e-02	1.578300e-03	
2023	1.923051e-02	1.578210e-03	
2024	1.923849e-02	1.578524e-03	
2025	1.924834e-02	1.578412e-03	
2026	1.925764e-02	1.578741e-03	

Index   time            v3#branch       
--------------------------------------------------------------------------------
2027	1.926703e-02	1.578625e-03	
2028	1.927722e-02	1.578964e-03	
2029	1.928729e-02	1.578857e-03	
2030	1.929888e-02	1.579212e-03	
2031	1.931017e-02	1.579119e-03	
2032	1.931998e-02	1.579455e-03	
2033	1.933012e-02	1.579349e-03	
2034	1.934151e-02	1.579704e-03	
2035	1.935006e-02	1.579581e-03	
2036	1.935986e-02	1.579917e-03	
2037	1.937134e-02	1.579829e-03	
2038	1.937944e-02	1.580146e-03	
2039	1.938916e-02	1.580038e-03	
2040	1.940189e-02	1.580410e-03	
2041	1.940976e-02	1.580281e-03	
2042	1.941963e-02	1.580620e-03	
2043	1.942883e-02	1.580507e-03	
2044	1.943757e-02	1.580833e-03	
2045	1.944757e-02	1.580731e-03	
2046	1.945745e-02	1.581071e-03	
2047	1.946979e-02	1.580998e-03	
2048	1.948113e-02	1.581357e-03	
2049	1.949230e-02	1.581271e-03	
2050	1.950250e-02	1.581617e-03	
2051	1.951387e-02	1.581535e-03	
2052	1.952357e-02	1.581876e-03	
2053	1.953359e-02	1.581778e-03	
2054	1.954501e-02	1.582142e-03	
2055	1.955340e-02	1.582025e-03	
2056	1.956323e-02	1.582370e-03	
2057	1.957486e-02	1.582295e-03	
2058	1.958286e-02	1.582618e-03	
2059	1.959259e-02	1.582520e-03	
2060	1.960425e-02	1.582892e-03	
2061	1.961219e-02	1.582773e-03	
2062	1.962227e-02	1.583125e-03	
2063	1.963169e-02	1.583027e-03	
2064	1.964129e-02	1.583375e-03	
2065	1.965160e-02	1.583290e-03	
2066	1.966178e-02	1.583648e-03	
2067	1.967336e-02	1.583583e-03	
2068	1.968468e-02	1.583960e-03	
2069	1.969462e-02	1.583876e-03	
2070	1.970485e-02	1.584241e-03	
2071	1.971632e-02	1.584181e-03	
2072	1.972509e-02	1.584529e-03	
2073	1.973480e-02	1.584449e-03	
2074	1.974626e-02	1.584840e-03	
2075	1.975442e-02	1.584741e-03	
2076	1.976416e-02	1.585112e-03	
2077	1.977783e-02	1.585104e-03	
2078	1.978597e-02	1.585457e-03	
2079	1.979610e-02	1.585400e-03	
2080	1.980660e-02	1.585800e-03	
2081	1.981459e-02	1.585716e-03	
2082	1.982528e-02	1.586130e-03	
2083	1.983495e-02	1.586086e-03	
2084	1.984567e-02	1.586517e-03	

Index   time            v3#branch       
--------------------------------------------------------------------------------
2085	1.985635e-02	1.586511e-03	
2086	1.986688e-02	1.586963e-03	
2087	1.987818e-02	1.587001e-03	
2088	1.988946e-02	1.587511e-03	
2089	1.990047e-02	1.587592e-03	
2090	1.991060e-02	1.588136e-03	
2091	1.992209e-02	1.588319e-03	
2092	1.993147e-02	1.588944e-03	
2093	1.994134e-02	1.589209e-03	
2094	1.995280e-02	1.590181e-03	
2095	1.996109e-02	1.590647e-03	
2096	1.997089e-02	1.592028e-03	
2097	1.998281e-02	1.593982e-03	
2098	1.999078e-02	1.596698e-03	
2099	2.000059e-02	1.601287e-03	
2100	2.001151e-02	1.610087e-03	
2101	2.001946e-02	1.617631e-03	
2102	2.003015e-02	1.629836e-03	
2103	2.003982e-02	1.640978e-03	
2104	2.005007e-02	1.653959e-03	
2105	2.006065e-02	1.667083e-03	
2106	2.007109e-02	1.681128e-03	
2107	2.008238e-02	1.696182e-03	
2108	2.009370e-02	1.712785e-03	
2109	2.010475e-02	1.729469e-03	
2110	2.011474e-02	1.746629e-03	
2111	2.012618e-02	1.768031e-03	
2112	2.013536e-02	1.788589e-03	
2113	2.014513e-02	1.813713e-03	
2114	2.015655e-02	1.851103e-03	
2115	2.016478e-02	1.884578e-03	
2116	2.017453e-02	1.935259e-03	
2117	2.018673e-02	2.021067e-03	
2118	2.019467e-02	2.095683e-03	
2119	2.020450e-02	2.215809e-03	
2120	2.021489e-02	2.385641e-03	
2121	2.022288e-02	2.554839e-03	
2122	2.023257e-02	2.813754e-03	
2123	2.024214e-02	3.138823e-03	
2124	2.025451e-02	3.673151e-03	
2125	2.026559e-02	4.272628e-03	
2126	2.027657e-02	4.983310e-03	
2127	2.028765e-02	5.815867e-03	
2128	2.029876e-02	6.761350e-03	
2129	2.030960e-02	7.780594e-03	
2130	2.031985e-02	8.823808e-03	
2131	2.033124e-02	1.006233e-02	
2132	2.034080e-02	1.116121e-02	
2133	2.035076e-02	1.235483e-02	
2134	2.036216e-02	1.377619e-02	
2135	2.037042e-02	1.483773e-02	
2136	2.038017e-02	1.612307e-02	
2137	2.038853e-02	1.725661e-02	
2138	2.039658e-02	1.837281e-02	
2139	2.040490e-02	1.952012e-02	
2140	2.041482e-02	2.090001e-02	
2141	2.042408e-02	2.220167e-02	
2142	2.043437e-02	2.366563e-02	

Index   time            v3#branch       
--------------------------------------------------------------------------------
2143	2.044456e-02	2.512925e-02	
2144	2.045562e-02	2.673497e-02	
2145	2.046702e-02	2.840642e-02	
2146	2.047816e-02	3.005302e-02	
2147	2.048824e-02	3.155518e-02	
2148	2.049979e-02	3.328735e-02	
2149	2.050835e-02	3.457749e-02	
2150	2.051778e-02	3.600183e-02	
2151	2.052923e-02	3.773240e-02	
2152	2.053804e-02	3.905573e-02	
2153	2.054807e-02	4.052363e-02	
2154	2.055977e-02	4.211361e-02	
2155	2.056550e-02	4.280682e-02	
2156	2.057325e-02	4.361942e-02	
2157	2.058225e-02	4.438447e-02	
2158	2.059287e-02	4.507643e-02	
2159	2.060603e-02	4.570078e-02	
2160	2.061810e-02	4.612175e-02	
2161	2.062948e-02	4.642426e-02	
2162	2.064013e-02	4.664457e-02	
2163	2.064879e-02	4.678670e-02	
2164	2.065714e-02	4.690380e-02	
2165	2.066674e-02	4.701201e-02	
2166	2.067795e-02	4.711563e-02	
2167	2.068936e-02	4.719535e-02	
2168	2.070135e-02	4.726277e-02	
2169	2.070845e-02	4.729294e-02	
2170	2.071599e-02	4.732281e-02	
2171	2.072750e-02	4.735712e-02	
2172	2.073677e-02	4.738103e-02	
2173	2.074678e-02	4.739990e-02	
2174	2.075662e-02	4.741684e-02	
2175	2.076336e-02	4.742495e-02	
2176	2.076978e-02	4.743342e-02	
2177	2.077884e-02	4.744160e-02	
2178	2.078760e-02	4.744966e-02	
2179	2.079811e-02	4.745574e-02	
2180	2.080653e-02	4.746078e-02	
2181	2.081603e-02	4.746313e-02	
2182	2.082381e-02	4.746574e-02	
2183	2.083208e-02	4.746656e-02	
2184	2.084167e-02	4.746908e-02	
2185	2.085088e-02	4.747019e-02	
2186	2.085945e-02	4.747239e-02	
2187	2.086894e-02	4.747366e-02	
2188	2.087778e-02	4.747580e-02	
2189	2.088601e-02	4.747693e-02	
2190	2.089428e-02	4.747885e-02	
2191	2.090197e-02	4.747997e-02	
2192	2.091013e-02	4.748176e-02	
2193	2.091809e-02	4.748300e-02	
2194	2.092612e-02	4.748468e-02	
2195	2.093546e-02	4.748624e-02	
2196	2.094501e-02	4.748812e-02	
2197	2.095408e-02	4.748966e-02	
2198	2.096256e-02	4.749129e-02	
2199	2.097048e-02	4.749266e-02	
2200	2.097903e-02	4.749425e-02	

Index   time            v3#branch       
--------------------------------------------------------------------------------
2201	2.098692e-02	4.749565e-02	
2202	2.099529e-02	4.749716e-02	
2203	2.100474e-02	4.749887e-02	
2204	2.101407e-02	4.750052e-02	
2205	2.102349e-02	4.750223e-02	
2206	2.103211e-02	4.750374e-02	
2207	2.104001e-02	4.750519e-02	
2208	2.104907e-02	4.750676e-02	
2209	2.105755e-02	4.750831e-02	
2210	2.106633e-02	4.750982e-02	
2211	2.107561e-02	4.751152e-02	
2212	2.108459e-02	4.751306e-02	
2213	2.109317e-02	4.751463e-02	
2214	2.110255e-02	4.751623e-02	
2215	2.111229e-02	4.751801e-02	
2216	2.112122e-02	4.751953e-02	
2217	2.112948e-02	4.752103e-02	
2218	2.113745e-02	4.752239e-02	
2219	2.114596e-02	4.752392e-02	
2220	2.115426e-02	4.752534e-02	
2221	2.116290e-02	4.752689e-02	
2222	2.117283e-02	4.752859e-02	
2223	2.118215e-02	4.753025e-02	
2224	2.119051e-02	4.753168e-02	
2225	2.119928e-02	4.753324e-02	
2226	2.120747e-02	4.753464e-02	
2227	2.121652e-02	4.753624e-02	
2228	2.122501e-02	4.753770e-02	
2229	2.123427e-02	4.753931e-02	
2230	2.124310e-02	4.754084e-02	
2231	2.125219e-02	4.754242e-02	
2232	2.126055e-02	4.754386e-02	
2233	2.126981e-02	4.754545e-02	
2234	2.127940e-02	4.754711e-02	
2235	2.128847e-02	4.754867e-02	
2236	2.129707e-02	4.755015e-02	
2237	2.130504e-02	4.755151e-02	
2238	2.131375e-02	4.755302e-02	
2239	2.132269e-02	4.755454e-02	
2240	2.133091e-02	4.755595e-02	
2241	2.134004e-02	4.755750e-02	
2242	2.134911e-02	4.755906e-02	
2243	2.135805e-02	4.756057e-02	
2244	2.136692e-02	4.756209e-02	
2245	2.137518e-02	4.756348e-02	
2246	2.138430e-02	4.756504e-02	
2247	2.139268e-02	4.756645e-02	
2248	2.140179e-02	4.756800e-02	
2249	2.141025e-02	4.756942e-02	
2250	2.141842e-02	4.757081e-02	
2251	2.142665e-02	4.757218e-02	
2252	2.143615e-02	4.757379e-02	
2253	2.144572e-02	4.757539e-02	
2254	2.145479e-02	4.757691e-02	
2255	2.146300e-02	4.757829e-02	
2256	2.147093e-02	4.757961e-02	
2257	2.147943e-02	4.758103e-02	
2258	2.148769e-02	4.758240e-02	

Index   time            v3#branch       
--------------------------------------------------------------------------------
2259	2.149630e-02	4.758385e-02	
2260	2.150618e-02	4.758548e-02	
2261	2.151550e-02	4.758704e-02	
2262	2.152386e-02	4.758840e-02	
2263	2.153264e-02	4.758988e-02	
2264	2.154081e-02	4.759120e-02	
2265	2.154985e-02	4.759272e-02	
2266	2.155836e-02	4.759409e-02	
2267	2.156755e-02	4.759563e-02	
2268	2.157648e-02	4.759706e-02	
2269	2.158548e-02	4.759857e-02	
2270	2.159389e-02	4.759991e-02	
2271	2.160309e-02	4.760145e-02	
2272	2.161271e-02	4.760297e-02	
2273	2.162172e-02	4.760449e-02	
2274	2.163030e-02	4.760583e-02	
2275	2.163830e-02	4.760719e-02	
2276	2.164695e-02	4.760852e-02	
2277	2.165597e-02	4.761005e-02	
2278	2.166413e-02	4.761129e-02	
2279	2.167326e-02	4.761284e-02	
2280	2.168234e-02	4.761422e-02	
2281	2.169133e-02	4.761574e-02	
2282	2.170013e-02	4.761707e-02	
2283	2.170831e-02	4.761846e-02	
2284	2.171741e-02	4.761982e-02	
2285	2.172582e-02	4.762126e-02	
2286	2.173488e-02	4.762260e-02	
2287	2.174352e-02	4.762408e-02	
2288	2.175178e-02	4.762528e-02	
2289	2.176010e-02	4.762670e-02	
2290	2.176950e-02	4.762807e-02	
2291	2.177911e-02	4.762971e-02	
2292	2.178812e-02	4.763100e-02	
2293	2.179636e-02	4.763242e-02	
2294	2.180429e-02	4.763354e-02	
2295	2.181278e-02	4.763500e-02	
2296	2.182096e-02	4.763614e-02	
2297	2.182955e-02	4.763762e-02	
2298	2.183936e-02	4.763900e-02	
2299	2.184869e-02	4.764059e-02	
2300	2.185704e-02	4.764174e-02	
2301	2.186582e-02	4.764325e-02	
2302	2.187392e-02	4.764435e-02	
2303	2.188294e-02	4.764589e-02	
2304	2.189150e-02	4.764705e-02	
2305	2.190059e-02	4.764861e-02	
2306	2.190974e-02	4.764984e-02	
2307	2.191871e-02	4.765138e-02	
2308	2.192723e-02	4.765251e-02	
2309	2.193633e-02	4.765407e-02	
2310	2.194602e-02	4.765536e-02	
2311	2.195493e-02	4.765689e-02	
2312	2.196352e-02	4.765801e-02	
2313	2.197153e-02	4.765940e-02	
2314	2.198013e-02	4.766051e-02	
2315	2.198821e-02	4.766192e-02	
2316	2.199666e-02	4.766299e-02	

Index   time            v3#branch       
--------------------------------------------------------------------------------
2317	2.200630e-02	4.766463e-02	
2318	2.201557e-02	4.766581e-02	
2319	2.202487e-02	4.766740e-02	
2320	2.203352e-02	4.766848e-02	
2321	2.204159e-02	4.766989e-02	
2322	2.205068e-02	4.767102e-02	
2323	2.205908e-02	4.767248e-02	
2324	2.206813e-02	4.767359e-02	
2325	2.207690e-02	4.767510e-02	
2326	2.208599e-02	4.767621e-02	
2327	2.209432e-02	4.767766e-02	
2328	2.210392e-02	4.767883e-02	
2329	2.211350e-02	4.768046e-02	
2330	2.212267e-02	4.768156e-02	
2331	2.213095e-02	4.768300e-02	
2332	2.213888e-02	4.768390e-02	
2333	2.214753e-02	4.768540e-02	
2334	2.215641e-02	4.768643e-02	
2335	2.216493e-02	4.768790e-02	
2336	2.217411e-02	4.768897e-02	
2337	2.218324e-02	4.769052e-02	
2338	2.219219e-02	4.769155e-02	
2339	2.220080e-02	4.769303e-02	
2340	2.220903e-02	4.769394e-02	
2341	2.221813e-02	4.769549e-02	
2342	2.222648e-02	4.769640e-02	
2343	2.223486e-02	4.769785e-02	
2344	2.224357e-02	4.769881e-02	
2345	2.225257e-02	4.770035e-02	
2346	2.226087e-02	4.770123e-02	
2347	2.227019e-02	4.770281e-02	
2348	2.227979e-02	4.770386e-02	
2349	2.228885e-02	4.770541e-02	
2350	2.229738e-02	4.770630e-02	
2351	2.230536e-02	4.770769e-02	
2352	2.231401e-02	4.770859e-02	
2353	2.232301e-02	4.771012e-02	
2354	2.233121e-02	4.771095e-02	
2355	2.234036e-02	4.771250e-02	
2356	2.234946e-02	4.771344e-02	
2357	2.235845e-02	4.771497e-02	
2358	2.236722e-02	4.771585e-02	
2359	2.237540e-02	4.771727e-02	
2360	2.238451e-02	4.771818e-02	
2361	2.239291e-02	4.771963e-02	
2362	2.240201e-02	4.772053e-02	
2363	2.241065e-02	4.772201e-02	
2364	2.241890e-02	4.772279e-02	
2365	2.242720e-02	4.772422e-02	
2366	2.243658e-02	4.772514e-02	
2367	2.244621e-02	4.772674e-02	
2368	2.245521e-02	4.772760e-02	
2369	2.246349e-02	4.772902e-02	
2370	2.247143e-02	4.772973e-02	
2371	2.247994e-02	4.773118e-02	
2372	2.248812e-02	4.773191e-02	
2373	2.249669e-02	4.773337e-02	
2374	2.250648e-02	4.773429e-02	

Index   time            v3#branch       
--------------------------------------------------------------------------------
2375	2.251583e-02	4.773585e-02	
2376	2.252422e-02	4.773658e-02	
2377	2.253302e-02	4.773807e-02	
2378	2.254113e-02	4.773875e-02	
2379	2.255017e-02	4.774027e-02	
2380	2.255871e-02	4.774100e-02	
2381	2.256781e-02	4.774252e-02	
2382	2.257691e-02	4.774330e-02	
2383	2.258589e-02	4.774481e-02	
2384	2.259437e-02	4.774551e-02	
2385	2.260354e-02	4.774703e-02	
2386	2.261322e-02	4.774787e-02	
2387	2.262218e-02	4.774937e-02	
2388	2.263073e-02	4.775005e-02	
2389	2.263875e-02	4.775143e-02	
2390	2.264737e-02	4.775210e-02	
2391	2.265553e-02	4.775350e-02	
2392	2.266401e-02	4.775415e-02	
2393	2.267376e-02	4.775574e-02	
2394	2.268303e-02	4.775648e-02	
2395	2.269230e-02	4.775800e-02	
2396	2.270097e-02	4.775865e-02	
2397	2.270911e-02	4.776004e-02	
2398	2.271823e-02	4.776073e-02	
2399	2.272658e-02	4.776215e-02	
2400	2.273575e-02	4.776283e-02	
2401	2.274432e-02	4.776427e-02	
2402	2.275254e-02	4.776483e-02	
2403	2.276081e-02	4.776623e-02	
2404	2.277020e-02	4.776692e-02	
2405	2.277982e-02	4.776848e-02	
2406	2.278885e-02	4.776911e-02	
2407	2.279714e-02	4.777051e-02	
2408	2.280509e-02	4.777100e-02	
2409	2.281362e-02	4.777243e-02	
2410	2.282181e-02	4.777294e-02	
2411	2.283039e-02	4.777437e-02	
2412	2.284020e-02	4.777505e-02	
2413	2.284954e-02	4.777657e-02	
2414	2.285797e-02	4.777708e-02	
2415	2.286678e-02	4.777853e-02	
2416	2.287493e-02	4.777901e-02	
2417	2.288398e-02	4.778048e-02	
2418	2.289250e-02	4.778098e-02	
2419	2.290163e-02	4.778246e-02	
2420	2.291063e-02	4.778301e-02	
2421	2.291961e-02	4.778447e-02	
2422	2.292804e-02	4.778494e-02	
2423	2.293728e-02	4.778643e-02	
2424	2.294694e-02	4.778702e-02	
2425	2.295595e-02	4.778848e-02	
2426	2.296448e-02	4.778894e-02	
2427	2.297249e-02	4.779028e-02	
2428	2.298114e-02	4.779074e-02	
2429	2.299014e-02	4.779219e-02	
2430	2.299837e-02	4.779260e-02	
2431	2.300756e-02	4.779406e-02	
2432	2.301669e-02	4.779455e-02	

Index   time            v3#branch       
--------------------------------------------------------------------------------
2433	2.302567e-02	4.779599e-02	
2434	2.303444e-02	4.779643e-02	
2435	2.304263e-02	4.779778e-02	
2436	2.305175e-02	4.779825e-02	
2437	2.306013e-02	4.779962e-02	
2438	2.306930e-02	4.780008e-02	
2439	2.307789e-02	4.780146e-02	
2440	2.308611e-02	4.780181e-02	
2441	2.309439e-02	4.780317e-02	
2442	2.310377e-02	4.780362e-02	
2443	2.311340e-02	4.780511e-02	
2444	2.312242e-02	4.780552e-02	
2445	2.313074e-02	4.780687e-02	
2446	2.313870e-02	4.780716e-02	
2447	2.314723e-02	4.780853e-02	
2448	2.315545e-02	4.780883e-02	
2449	2.316402e-02	4.781020e-02	
2450	2.317383e-02	4.781065e-02	
2451	2.318319e-02	4.781210e-02	
2452	2.319254e-02	4.781249e-02	
2453	2.320100e-02	4.781384e-02	
2454	2.320904e-02	4.781409e-02	
2455	2.321812e-02	4.781550e-02	
2456	2.322648e-02	4.781578e-02	
2457	2.323577e-02	4.781720e-02	
2458	2.324451e-02	4.781750e-02	
2459	2.325369e-02	4.781891e-02	
2460	2.326199e-02	4.781915e-02	
2461	2.327146e-02	4.782059e-02	
2462	2.328105e-02	4.782094e-02	
2463	2.329022e-02	4.782234e-02	
2464	2.329872e-02	4.782258e-02	
2465	2.330666e-02	4.782386e-02	
2466	2.331542e-02	4.782412e-02	
2467	2.332424e-02	4.782548e-02	
2468	2.333268e-02	4.782569e-02	
2469	2.334187e-02	4.782708e-02	
2470	2.335100e-02	4.782734e-02	
2471	2.335987e-02	4.782870e-02	
2472	2.336876e-02	4.782893e-02	
2473	2.337711e-02	4.783023e-02	
2474	2.338628e-02	4.783048e-02	
2475	2.339459e-02	4.783177e-02	
2476	2.340277e-02	4.783192e-02	
2477	2.341133e-02	4.783323e-02	
2478	2.341951e-02	4.783337e-02	
2479	2.342775e-02	4.783465e-02	
2480	2.343711e-02	4.783488e-02	
2481	2.344678e-02	4.783628e-02	
2482	2.345575e-02	4.783646e-02	
2483	2.346409e-02	4.783775e-02	
2484	2.347204e-02	4.783783e-02	
2485	2.348055e-02	4.783912e-02	
2486	2.348868e-02	4.783921e-02	
2487	2.349722e-02	4.784050e-02	
2488	2.350696e-02	4.784071e-02	
2489	2.351636e-02	4.784207e-02	
2490	2.352480e-02	4.784216e-02	

Index   time            v3#branch       
--------------------------------------------------------------------------------
2491	2.353362e-02	4.784347e-02	
2492	2.354171e-02	4.784352e-02	
2493	2.355076e-02	4.784484e-02	
2494	2.355930e-02	4.784492e-02	
2495	2.356835e-02	4.784623e-02	
2496	2.357756e-02	4.784635e-02	
2497	2.358662e-02	4.784766e-02	
2498	2.359513e-02	4.784771e-02	
2499	2.360434e-02	4.784903e-02	
2500	2.361408e-02	4.784916e-02	
2501	2.362303e-02	4.785046e-02	
2502	2.363158e-02	4.785049e-02	
2503	2.363961e-02	4.785171e-02	
2504	2.364825e-02	4.785173e-02	
2505	2.365726e-02	4.785302e-02	
2506	2.366551e-02	4.785301e-02	
2507	2.367475e-02	4.785431e-02	
2508	2.368393e-02	4.785435e-02	
2509	2.369291e-02	4.785562e-02	
2510	2.370168e-02	4.785562e-02	
2511	2.370988e-02	4.785684e-02	
2512	2.371901e-02	4.785685e-02	
2513	2.372737e-02	4.785808e-02	
2514	2.373660e-02	4.785809e-02	
2515	2.374516e-02	4.785932e-02	
2516	2.375335e-02	4.785924e-02	
2517	2.376159e-02	4.786045e-02	
2518	2.377099e-02	4.786045e-02	
2519	2.378064e-02	4.786174e-02	
2520	2.378967e-02	4.786170e-02	
2521	2.379803e-02	4.786291e-02	
2522	2.380601e-02	4.786278e-02	
2523	2.381458e-02	4.786400e-02	
2524	2.382370e-02	4.786394e-02	
2525	2.383196e-02	4.786513e-02	
2526	2.384123e-02	4.786507e-02	
2527	2.385045e-02	4.786632e-02	
2528	2.385950e-02	4.786623e-02	
2529	2.386811e-02	4.786743e-02	
2530	2.387622e-02	4.786727e-02	
2531	2.388531e-02	4.786850e-02	
2532	2.389369e-02	4.786835e-02	
2533	2.390296e-02	4.786958e-02	
2534	2.391171e-02	4.786944e-02	
2535	2.392090e-02	4.787066e-02	
2536	2.392918e-02	4.787048e-02	
2537	2.393871e-02	4.787172e-02	
2538	2.394832e-02	4.787160e-02	
2539	2.395752e-02	4.787281e-02	
2540	2.396601e-02	4.787262e-02	
2541	2.397394e-02	4.787375e-02	
2542	2.398273e-02	4.787357e-02	
2543	2.399151e-02	4.787474e-02	
2544	2.400002e-02	4.787453e-02	
2545	2.400926e-02	4.787573e-02	
2546	2.401843e-02	4.787554e-02	
2547	2.402727e-02	4.787671e-02	
2548	2.403619e-02	4.787650e-02	

Index   time            v3#branch       
--------------------------------------------------------------------------------
2549	2.404461e-02	4.787764e-02	
2550	2.405287e-02	4.787738e-02	
2551	2.406120e-02	4.787851e-02	
2552	2.407033e-02	4.787828e-02	
2553	2.407877e-02	4.787941e-02	
2554	2.408690e-02	4.787913e-02	
2555	2.409510e-02	4.788024e-02	
2556	2.410451e-02	4.788001e-02	
2557	2.411417e-02	4.788119e-02	
2558	2.412321e-02	4.788092e-02	
2559	2.413159e-02	4.788203e-02	
2560	2.413957e-02	4.788171e-02	
2561	2.414814e-02	4.788282e-02	
2562	2.415725e-02	4.788254e-02	
2563	2.416551e-02	4.788363e-02	
2564	2.417480e-02	4.788335e-02	
2565	2.418405e-02	4.788448e-02	
2566	2.419309e-02	4.788417e-02	
2567	2.420173e-02	4.788527e-02	
2568	2.420984e-02	4.788491e-02	
2569	2.421895e-02	4.788603e-02	
2570	2.422732e-02	4.788567e-02	
2571	2.423660e-02	4.788678e-02	
2572	2.424534e-02	4.788642e-02	
2573	2.425360e-02	4.788749e-02	
2574	2.426191e-02	4.788711e-02	
2575	2.427115e-02	4.788821e-02	
2576	2.428087e-02	4.788787e-02	
2577	2.428983e-02	4.788895e-02	
2578	2.429832e-02	4.788855e-02	
2579	2.430633e-02	4.788959e-02	
2580	2.431492e-02	4.788919e-02	
2581	2.432309e-02	4.789023e-02	
2582	2.433161e-02	4.788981e-02	
2583	2.434136e-02	4.789090e-02	
2584	2.435077e-02	4.789050e-02	
2585	2.436005e-02	4.789157e-02	
2586	2.436868e-02	4.789113e-02	
2587	2.437676e-02	4.789216e-02	
2588	2.438590e-02	4.789172e-02	
2589	2.439424e-02	4.789275e-02	
2590	2.440349e-02	4.789231e-02	
2591	2.441219e-02	4.789334e-02	
2592	2.442042e-02	4.789285e-02	
2593	2.442872e-02	4.789387e-02	
2594	2.443805e-02	4.789341e-02	
2595	2.444777e-02	4.789446e-02	
2596	2.445676e-02	4.789397e-02	
2597	2.446518e-02	4.789498e-02	
2598	2.447318e-02	4.789445e-02	
2599	2.448177e-02	4.789546e-02	
2600	2.449085e-02	4.789495e-02	
2601	2.449912e-02	4.789594e-02	
2602	2.450844e-02	4.789543e-02	
2603	2.451771e-02	4.789644e-02	
2604	2.452674e-02	4.789591e-02	
2605	2.453541e-02	4.789690e-02	
2606	2.454354e-02	4.789634e-02	

Index   time            v3#branch       
--------------------------------------------------------------------------------
2607	2.455266e-02	4.789733e-02	
2608	2.456102e-02	4.789676e-02	
2609	2.457032e-02	4.789775e-02	
2610	2.457902e-02	4.789718e-02	
2611	2.458725e-02	4.789814e-02	
2612	2.459553e-02	4.789755e-02	
2613	2.460482e-02	4.789853e-02	
2614	2.461454e-02	4.789796e-02	
2615	2.462352e-02	4.789892e-02	
2616	2.463201e-02	4.789831e-02	
2617	2.464002e-02	4.789925e-02	
2618	2.464863e-02	4.789863e-02	
2619	2.465769e-02	4.789958e-02	
2620	2.466592e-02	4.789895e-02	
2621	2.467524e-02	4.789989e-02	
2622	2.468452e-02	4.789927e-02	
2623	2.469354e-02	4.790020e-02	
2624	2.470227e-02	4.789956e-02	
2625	2.471042e-02	4.790047e-02	
2626	2.471956e-02	4.789982e-02	
2627	2.472791e-02	4.790073e-02	
2628	2.473719e-02	4.790007e-02	
2629	2.474586e-02	4.790098e-02	
2630	2.475407e-02	4.790030e-02	
2631	2.476233e-02	4.790120e-02	
2632	2.477168e-02	4.790051e-02	
2633	2.478141e-02	4.790142e-02	
2634	2.479041e-02	4.790072e-02	
2635	2.479885e-02	4.790161e-02	
2636	2.480686e-02	4.790089e-02	
2637	2.481547e-02	4.790178e-02	
2638	2.482448e-02	4.790106e-02	
2639	2.483278e-02	4.790193e-02	
2640	2.484213e-02	4.790120e-02	
2641	2.485143e-02	4.790208e-02	
2642	2.486044e-02	4.790133e-02	
2643	2.486915e-02	4.790220e-02	
2644	2.487732e-02	4.790144e-02	
2645	2.488646e-02	4.790230e-02	
2646	2.489480e-02	4.790153e-02	
2647	2.490414e-02	4.790238e-02	
2648	2.491275e-02	4.790161e-02	
2649	2.492093e-02	4.790245e-02	
2650	2.492917e-02	4.790166e-02	
2651	2.493852e-02	4.790250e-02	
2652	2.494823e-02	4.790170e-02	
2653	2.495725e-02	4.790253e-02	
2654	2.496572e-02	4.790172e-02	
2655	2.497373e-02	4.790254e-02	
2656	2.498236e-02	4.790173e-02	
2657	2.499136e-02	4.790254e-02	
2658	2.499966e-02	4.790171e-02	
2659	2.500901e-02	4.790252e-02	
2660	2.501831e-02	4.790168e-02	
2661	2.502731e-02	4.790248e-02	
2662	2.503607e-02	4.790163e-02	
2663	2.504426e-02	4.790242e-02	
2664	2.505342e-02	4.790156e-02	

Index   time            v3#branch       
--------------------------------------------------------------------------------
2665	2.506175e-02	4.790235e-02	
2666	2.507109e-02	4.790148e-02	
2667	2.507965e-02	4.790226e-02	
2668	2.508779e-02	4.790138e-02	
2669	2.509599e-02	4.790216e-02	
2670	2.510540e-02	4.790126e-02	
2671	2.511511e-02	4.790202e-02	
2672	2.512416e-02	4.790111e-02	
2673	2.513261e-02	4.790187e-02	
2674	2.514061e-02	4.790096e-02	
2675	2.514925e-02	4.790172e-02	
2676	2.515821e-02	4.790079e-02	
2677	2.516656e-02	4.790154e-02	
2678	2.517593e-02	4.790060e-02	
2679	2.518525e-02	4.790133e-02	
2680	2.519423e-02	4.790038e-02	
2681	2.520300e-02	4.790111e-02	
2682	2.521121e-02	4.790016e-02	
2683	2.522039e-02	4.790088e-02	
2684	2.522870e-02	4.789992e-02	
2685	2.523809e-02	4.790063e-02	
2686	2.524658e-02	4.789965e-02	
2687	2.525468e-02	4.790037e-02	
2688	2.526285e-02	4.789939e-02	
2689	2.527229e-02	4.790009e-02	
2690	2.528199e-02	4.789907e-02	
2691	2.529107e-02	4.789976e-02	
2692	2.529952e-02	4.789876e-02	
2693	2.530751e-02	4.789946e-02	
2694	2.531618e-02	4.789844e-02	
2695	2.532511e-02	4.789912e-02	
2696	2.533349e-02	4.789810e-02	
2697	2.534288e-02	4.789876e-02	
2698	2.535220e-02	4.789771e-02	
2699	2.536116e-02	4.789837e-02	
2700	2.536996e-02	4.789732e-02	
2701	2.537821e-02	4.789799e-02	
2702	2.538740e-02	4.789692e-02	
2703	2.539569e-02	4.789758e-02	
2704	2.540409e-02	4.789652e-02	
2705	2.541282e-02	4.789716e-02	
2706	2.542191e-02	4.789607e-02	
2707	2.543012e-02	4.789672e-02	
2708	2.543973e-02	4.789561e-02	
2709	2.544944e-02	4.789622e-02	
2710	2.545863e-02	4.789510e-02	
2711	2.546712e-02	4.789573e-02	
2712	2.547505e-02	4.789464e-02	
2713	2.548386e-02	4.789526e-02	
2714	2.549261e-02	4.789414e-02	
2715	2.550120e-02	4.789475e-02	
2716	2.551159e-02	4.789357e-02	
2717	2.552095e-02	4.789415e-02	
2718	2.552994e-02	4.789300e-02	
2719	2.553889e-02	4.789358e-02	
2720	2.554753e-02	4.789244e-02	
2721	2.555559e-02	4.789304e-02	
2722	2.556387e-02	4.789190e-02	

Index   time            v3#branch       
--------------------------------------------------------------------------------
2723	2.557173e-02	4.789250e-02	
2724	2.558010e-02	4.789135e-02	
2725	2.558813e-02	4.789194e-02	
2726	2.559624e-02	4.789078e-02	
2727	2.560570e-02	4.789132e-02	
2728	2.561543e-02	4.789010e-02	
2729	2.562448e-02	4.789064e-02	
2730	2.563293e-02	4.788945e-02	
2731	2.564093e-02	4.789003e-02	
2732	2.564956e-02	4.788882e-02	
2733	2.565854e-02	4.788936e-02	
2734	2.566688e-02	4.788815e-02	
2735	2.567629e-02	4.788866e-02	
2736	2.568565e-02	4.788740e-02	
2737	2.569465e-02	4.788792e-02	
2738	2.570341e-02	4.788668e-02	
2739	2.571161e-02	4.788722e-02	
2740	2.572080e-02	4.788595e-02	
2741	2.572910e-02	4.788648e-02	
2742	2.573852e-02	4.788520e-02	
2743	2.574704e-02	4.788571e-02	
2744	2.575514e-02	4.788447e-02	
2745	2.576332e-02	4.788499e-02	
2746	2.577274e-02	4.788368e-02	
2747	2.578248e-02	4.788413e-02	
2748	2.579155e-02	4.788282e-02	
2749	2.580005e-02	4.788332e-02	
2750	2.580804e-02	4.788205e-02	
2751	2.581673e-02	4.788253e-02	
2752	2.582564e-02	4.788121e-02	
2753	2.583404e-02	4.788170e-02	
2754	2.584346e-02	4.788035e-02	
2755	2.585282e-02	4.788078e-02	
2756	2.586176e-02	4.787944e-02	
2757	2.587062e-02	4.787989e-02	
2758	2.587891e-02	4.787857e-02	
2759	2.588717e-02	4.787904e-02	
2760	2.589550e-02	4.787772e-02	
2761	2.590462e-02	4.787813e-02	
2762	2.591334e-02	4.787678e-02	
2763	2.592156e-02	4.787724e-02	
2764	2.592983e-02	4.787590e-02	
2765	2.593918e-02	4.787629e-02	
2766	2.594900e-02	4.787486e-02	
2767	2.595796e-02	4.787526e-02	
2768	2.596645e-02	4.787389e-02	
2769	2.597448e-02	4.787434e-02	
2770	2.598311e-02	4.787295e-02	
2771	2.599211e-02	4.787334e-02	
2772	2.600045e-02	4.787196e-02	
2773	2.600989e-02	4.787231e-02	
2774	2.601928e-02	4.787086e-02	
2775	2.602828e-02	4.787123e-02	
2776	2.603704e-02	4.786981e-02	
2777	2.604524e-02	4.787022e-02	
2778	2.605444e-02	4.786876e-02	
2779	2.606273e-02	4.786916e-02	
2780	2.607124e-02	4.786773e-02	

Index   time            v3#branch       
--------------------------------------------------------------------------------
2781	2.608004e-02	4.786809e-02	
2782	2.608914e-02	4.786662e-02	
2783	2.609737e-02	4.786701e-02	
2784	2.610695e-02	4.786550e-02	
2785	2.611671e-02	4.786578e-02	
2786	2.612587e-02	4.786428e-02	
2787	2.613442e-02	4.786463e-02	
2788	2.614236e-02	4.786321e-02	
2789	2.615120e-02	4.786353e-02	
2790	2.615993e-02	4.786205e-02	
2791	2.616854e-02	4.786238e-02	
2792	2.617889e-02	4.786078e-02	
2793	2.618831e-02	4.786105e-02	
2794	2.619726e-02	4.785953e-02	
2795	2.620628e-02	4.785982e-02	
2796	2.621495e-02	4.785831e-02	
2797	2.622299e-02	4.785866e-02	
2798	2.623130e-02	4.785717e-02	
2799	2.623915e-02	4.785753e-02	
2800	2.624751e-02	4.785603e-02	
2801	2.625550e-02	4.785637e-02	
2802	2.626369e-02	4.785487e-02	
2803	2.627317e-02	4.785509e-02	
2804	2.628294e-02	4.785347e-02	
2805	2.629201e-02	4.785372e-02	
2806	2.630047e-02	4.785218e-02	
2807	2.630846e-02	4.785250e-02	
2808	2.631715e-02	4.785094e-02	
2809	2.632605e-02	4.785119e-02	
2810	2.633451e-02	4.784964e-02	
2811	2.634399e-02	4.784983e-02	
2812	2.635340e-02	4.784819e-02	
2813	2.636234e-02	4.784842e-02	
2814	2.637117e-02	4.784682e-02	
2815	2.637947e-02	4.784709e-02	
2816	2.638771e-02	4.784553e-02	
2817	2.639601e-02	4.784579e-02	
2818	2.640523e-02	4.784415e-02	
2819	2.641391e-02	4.784437e-02	
2820	2.642209e-02	4.784280e-02	
2821	2.643033e-02	4.784305e-02	
2822	2.643965e-02	4.784138e-02	
2823	2.644949e-02	4.784149e-02	
2824	2.645846e-02	4.783984e-02	
2825	2.646702e-02	4.784005e-02	
2826	2.647506e-02	4.783847e-02	
2827	2.648373e-02	4.783866e-02	
2828	2.649270e-02	4.783699e-02	
2829	2.650102e-02	4.783721e-02	
2830	2.651049e-02	4.783549e-02	
2831	2.651991e-02	4.783561e-02	
2832	2.652887e-02	4.783392e-02	
2833	2.653775e-02	4.783407e-02	
2834	2.654601e-02	4.783244e-02	
2835	2.655427e-02	4.783264e-02	
2836	2.656259e-02	4.783099e-02	
2837	2.657168e-02	4.783111e-02	
2838	2.658050e-02	4.782942e-02	

Index   time            v3#branch       
--------------------------------------------------------------------------------
2839	2.658874e-02	4.782960e-02	
2840	2.659704e-02	4.782794e-02	
2841	2.660640e-02	4.782803e-02	
2842	2.661628e-02	4.782621e-02	
2843	2.662522e-02	4.782633e-02	
2844	2.663372e-02	4.782463e-02	
2845	2.664176e-02	4.782482e-02	
2846	2.665040e-02	4.782310e-02	
2847	2.665938e-02	4.782319e-02	
2848	2.666777e-02	4.782149e-02	
2849	2.667728e-02	4.782153e-02	
2850	2.668672e-02	4.781972e-02	
2851	2.669570e-02	4.781980e-02	
2852	2.670448e-02	4.781805e-02	
2853	2.671272e-02	4.781819e-02	
2854	2.672097e-02	4.781647e-02	
2855	2.672929e-02	4.781660e-02	
2856	2.673848e-02	4.781479e-02	
2857	2.674731e-02	4.781486e-02	
2858	2.675556e-02	4.781314e-02	
2859	2.676385e-02	4.781325e-02	
2860	2.677311e-02	4.781142e-02	
2861	2.678300e-02	4.781137e-02	
2862	2.679192e-02	4.780956e-02	
2863	2.680053e-02	4.780963e-02	
2864	2.680859e-02	4.780790e-02	
2865	2.681725e-02	4.780796e-02	
2866	2.682624e-02	4.780613e-02	
2867	2.683454e-02	4.780621e-02	
2868	2.684404e-02	4.780433e-02	
2869	2.685348e-02	4.780429e-02	
2870	2.686244e-02	4.780244e-02	
2871	2.687134e-02	4.780246e-02	
2872	2.687959e-02	4.780068e-02	
2873	2.688785e-02	4.780075e-02	
2874	2.689617e-02	4.779896e-02	
2875	2.690525e-02	4.779893e-02	
2876	2.691409e-02	4.779708e-02	
2877	2.692233e-02	4.779714e-02	
2878	2.693063e-02	4.779533e-02	
2879	2.694001e-02	4.779526e-02	
2880	2.694991e-02	4.779328e-02	
2881	2.695885e-02	4.779325e-02	
2882	2.696734e-02	4.779141e-02	
2883	2.697539e-02	4.779147e-02	
2884	2.698404e-02	4.778961e-02	
2885	2.699300e-02	4.778956e-02	
2886	2.700142e-02	4.778771e-02	
2887	2.701096e-02	4.778759e-02	
2888	2.702044e-02	4.778562e-02	
2889	2.702940e-02	4.778556e-02	
2890	2.703820e-02	4.778366e-02	
2891	2.704645e-02	4.778367e-02	
2892	2.705469e-02	4.778182e-02	
2893	2.706299e-02	4.778182e-02	
2894	2.707222e-02	4.777985e-02	
2895	2.708101e-02	4.777979e-02	
2896	2.708922e-02	4.777793e-02	

Index   time            v3#branch       
--------------------------------------------------------------------------------
2897	2.709749e-02	4.777792e-02	
2898	2.710676e-02	4.777593e-02	
2899	2.711666e-02	4.777572e-02	
2900	2.712559e-02	4.777377e-02	
2901	2.713422e-02	4.777370e-02	
2902	2.714228e-02	4.777184e-02	
2903	2.715097e-02	4.777176e-02	
2904	2.715993e-02	4.776979e-02	
2905	2.716825e-02	4.776974e-02	
2906	2.717777e-02	4.776770e-02	
2907	2.718723e-02	4.776751e-02	
2908	2.719618e-02	4.776553e-02	
2909	2.720512e-02	4.776539e-02	
2910	2.721342e-02	4.776348e-02	
2911	2.722165e-02	4.776342e-02	
2912	2.722994e-02	4.776150e-02	
2913	2.723905e-02	4.776134e-02	
2914	2.724783e-02	4.775935e-02	
2915	2.725602e-02	4.775929e-02	
2916	2.726430e-02	4.775736e-02	
2917	2.727373e-02	4.775714e-02	
2918	2.728363e-02	4.775500e-02	
2919	2.729260e-02	4.775483e-02	
2920	2.730109e-02	4.775286e-02	
2921	2.730912e-02	4.775279e-02	
2922	2.731780e-02	4.775079e-02	
2923	2.732671e-02	4.775061e-02	
2924	2.733520e-02	4.774863e-02	
2925	2.734477e-02	4.774836e-02	
2926	2.735428e-02	4.774625e-02	
2927	2.736321e-02	4.774605e-02	
2928	2.737204e-02	4.774401e-02	
2929	2.738034e-02	4.774389e-02	
2930	2.738855e-02	4.774192e-02	
2931	2.739682e-02	4.774179e-02	
2932	2.740612e-02	4.773968e-02	
2933	2.741481e-02	4.773950e-02	
2934	2.742296e-02	4.773752e-02	
2935	2.743116e-02	4.773739e-02	
2936	2.744049e-02	4.773527e-02	
2937	2.745037e-02	4.773491e-02	
2938	2.745935e-02	4.773282e-02	
2939	2.746799e-02	4.773262e-02	
2940	2.747603e-02	4.773065e-02	
2941	2.748476e-02	4.773043e-02	
2942	2.749367e-02	4.772833e-02	
2943	2.750203e-02	4.772816e-02	
2944	2.751158e-02	4.772597e-02	
2945	2.752106e-02	4.772564e-02	
2946	2.752998e-02	4.772353e-02	
2947	2.753898e-02	4.772326e-02	
2948	2.754733e-02	4.772122e-02	
2949	2.755553e-02	4.772104e-02	
2950	2.756379e-02	4.771901e-02	
2951	2.757295e-02	4.771870e-02	
2952	2.758162e-02	4.771661e-02	
2953	2.758976e-02	4.771643e-02	
2954	2.759808e-02	4.771438e-02	

Index   time            v3#branch       
--------------------------------------------------------------------------------
2955	2.760753e-02	4.771402e-02	
2956	2.761744e-02	4.771174e-02	
2957	2.762644e-02	4.771143e-02	
2958	2.763493e-02	4.770935e-02	
2959	2.764295e-02	4.770916e-02	
2960	2.765167e-02	4.770704e-02	
2961	2.766052e-02	4.770674e-02	
2962	2.766910e-02	4.770463e-02	
2963	2.767870e-02	4.770422e-02	
2964	2.768822e-02	4.770197e-02	
2965	2.769711e-02	4.770165e-02	
2966	2.770598e-02	4.769949e-02	
2967	2.771436e-02	4.769923e-02	
2968	2.772252e-02	4.769716e-02	
2969	2.773075e-02	4.769692e-02	
2970	2.774015e-02	4.769467e-02	
2971	2.774869e-02	4.769438e-02	
2972	2.775676e-02	4.769232e-02	
2973	2.776490e-02	4.769208e-02	
2974	2.777429e-02	4.768982e-02	
2975	2.778415e-02	4.768933e-02	
2976	2.779319e-02	4.768711e-02	
2977	2.780184e-02	4.768679e-02	
2978	2.780985e-02	4.768471e-02	
2979	2.781863e-02	4.768436e-02	
2980	2.782747e-02	4.768216e-02	
2981	2.783590e-02	4.768186e-02	
2982	2.784547e-02	4.767955e-02	
2983	2.785498e-02	4.767908e-02	
2984	2.786385e-02	4.767687e-02	
2985	2.787292e-02	4.767646e-02	
2986	2.788134e-02	4.767430e-02	
2987	2.788950e-02	4.767402e-02	
2988	2.789773e-02	4.767189e-02	
2989	2.790694e-02	4.767145e-02	
2990	2.791548e-02	4.766927e-02	
2991	2.792355e-02	4.766898e-02	
2992	2.793191e-02	4.766682e-02	
2993	2.794140e-02	4.766633e-02	
2994	2.795132e-02	4.766393e-02	
2995	2.796035e-02	4.766349e-02	
2996	2.796884e-02	4.766130e-02	
2997	2.797685e-02	4.766101e-02	
2998	2.798562e-02	4.765878e-02	
2999	2.799440e-02	4.765837e-02	
3000	2.800308e-02	4.765614e-02	
3001	2.801369e-02	4.765544e-02	
3002	2.802330e-02	4.765307e-02	
3003	2.803230e-02	4.765261e-02	
3004	2.804120e-02	4.765034e-02	
3005	2.804983e-02	4.764993e-02	
3006	2.805789e-02	4.764779e-02	
3007	2.806637e-02	4.764740e-02	
3008	2.807426e-02	4.764527e-02	
3009	2.808269e-02	4.764488e-02	
3010	2.809064e-02	4.764275e-02	
3011	2.809879e-02	4.764240e-02	
3012	2.810820e-02	4.764003e-02	

Index   time            v3#branch       
--------------------------------------------------------------------------------
3013	2.811806e-02	4.763941e-02	
3014	2.812714e-02	4.763708e-02	
3015	2.813581e-02	4.763664e-02	
3016	2.814380e-02	4.763448e-02	
3017	2.815264e-02	4.763401e-02	
3018	2.816141e-02	4.763173e-02	
3019	2.816991e-02	4.763130e-02	
3020	2.818052e-02	4.762872e-02	
3021	2.819011e-02	4.762812e-02	
3022	2.819910e-02	4.762579e-02	
3023	2.820824e-02	4.762525e-02	
3024	2.821691e-02	4.762297e-02	
3025	2.822489e-02	4.762260e-02	
3026	2.823319e-02	4.762038e-02	
3027	2.824112e-02	4.762002e-02	
3028	2.824951e-02	4.761777e-02	
3029	2.825746e-02	4.761741e-02	
3030	2.826586e-02	4.761516e-02	
3031	2.827540e-02	4.761453e-02	
3032	2.828532e-02	4.761203e-02	
3033	2.829439e-02	4.761147e-02	
3034	2.830287e-02	4.760920e-02	
3035	2.831085e-02	4.760881e-02	
3036	2.831968e-02	4.760648e-02	
3037	2.832839e-02	4.760597e-02	
3038	2.833718e-02	4.760364e-02	
3039	2.834762e-02	4.760284e-02	
3040	2.835724e-02	4.760037e-02	
3041	2.836615e-02	4.759981e-02	
3042	2.837511e-02	4.759745e-02	
3043	2.838380e-02	4.759692e-02	
3044	2.839191e-02	4.759469e-02	
3045	2.840045e-02	4.759419e-02	
3046	2.840834e-02	4.759199e-02	
3047	2.841678e-02	4.759149e-02	
3048	2.842469e-02	4.758929e-02	
3049	2.843289e-02	4.758883e-02	
3050	2.844231e-02	4.758637e-02	
3051	2.845217e-02	4.758563e-02	
3052	2.846130e-02	4.758322e-02	
3053	2.847001e-02	4.758266e-02	
3054	2.847796e-02	4.758044e-02	
3055	2.848689e-02	4.757984e-02	
3056	2.849556e-02	4.757750e-02	
3057	2.850417e-02	4.757695e-02	
3058	2.851452e-02	4.757432e-02	
3059	2.852412e-02	4.757360e-02	
3060	2.853298e-02	4.757122e-02	
3061	2.854224e-02	4.757055e-02	
3062	2.855101e-02	4.756818e-02	
3063	2.855896e-02	4.756773e-02	
3064	2.856734e-02	4.756542e-02	
3065	2.857526e-02	4.756496e-02	
3066	2.858365e-02	4.756265e-02	
3067	2.859163e-02	4.756218e-02	
3068	2.860011e-02	4.755985e-02	
3069	2.860973e-02	4.755910e-02	
3070	2.861964e-02	4.755652e-02	

Index   time            v3#branch       
--------------------------------------------------------------------------------
3071	2.862895e-02	4.755582e-02	
3072	2.863738e-02	4.755349e-02	
3073	2.864525e-02	4.755302e-02	
3074	2.865422e-02	4.755060e-02	
3075	2.866275e-02	4.755002e-02	
3076	2.867179e-02	4.754758e-02	
3077	2.868180e-02	4.754674e-02	
3078	2.869143e-02	4.754419e-02	
3079	2.870014e-02	4.754357e-02	
3080	2.870925e-02	4.754111e-02	
3081	2.871808e-02	4.754046e-02	
3082	2.872631e-02	4.753815e-02	
3083	2.873495e-02	4.753754e-02	
3084	2.874294e-02	4.753526e-02	
3085	2.875150e-02	4.753466e-02	
3086	2.875938e-02	4.753240e-02	
3087	2.876778e-02	4.753182e-02	
3088	2.877725e-02	4.752928e-02	
3089	2.878707e-02	4.752844e-02	
3090	2.879641e-02	4.752593e-02	
3091	2.880516e-02	4.752527e-02	
3092	2.881298e-02	4.752302e-02	
3093	2.882218e-02	4.752228e-02	
3094	2.883057e-02	4.751993e-02	
3095	2.883956e-02	4.751922e-02	
3096	2.884913e-02	4.751665e-02	
3097	2.885763e-02	4.751603e-02	
3098	2.886619e-02	4.751364e-02	
3099	2.887549e-02	4.751286e-02	
3100	2.888428e-02	4.751043e-02	
3101	2.889228e-02	4.750989e-02	
3102	2.890055e-02	4.750754e-02	
3103	2.890854e-02	4.750699e-02	
3104	2.891696e-02	4.750462e-02	
3105	2.892500e-02	4.750406e-02	
3106	2.893350e-02	4.750167e-02	
3107	2.894316e-02	4.750081e-02	
3108	2.895313e-02	4.749815e-02	
3109	2.896229e-02	4.749737e-02	
3110	2.897063e-02	4.749500e-02	
3111	2.897857e-02	4.749443e-02	
3112	2.898745e-02	4.749196e-02	
3113	2.899606e-02	4.749126e-02	
3114	2.900516e-02	4.748873e-02	
3115	2.901535e-02	4.748772e-02	
3116	2.902504e-02	4.748506e-02	
3117	2.903381e-02	4.748430e-02	
3118	2.904267e-02	4.748177e-02	
3119	2.905144e-02	4.748097e-02	
3120	2.905986e-02	4.747850e-02	
3121	2.906864e-02	4.747766e-02	
3122	2.907655e-02	4.747524e-02	
3123	2.908514e-02	4.747438e-02	
3124	2.909292e-02	4.747192e-02	
3125	2.910093e-02	4.747111e-02	
3126	2.911006e-02	4.746828e-02	
3127	2.911985e-02	4.746695e-02	
3128	2.912924e-02	4.746389e-02	

Index   time            v3#branch       
--------------------------------------------------------------------------------
3129	2.913850e-02	4.746248e-02	
3130	2.914618e-02	4.746005e-02	
3131	2.915537e-02	4.746038e-02	
3132	2.916370e-02	4.745822e-02	
3133	2.917135e-02	4.745770e-02	
3134	2.918163e-02	4.745458e-02	
3135	2.919115e-02	4.745325e-02	
3136	2.920120e-02	4.744843e-02	
3137	2.921189e-02	4.744321e-02	
3138	2.922081e-02	4.743485e-02	
3139	2.922784e-02	4.742847e-02	
3140	2.923249e-02	4.742219e-02	
3141	2.923672e-02	4.741819e-02	
3142	2.924517e-02	4.740544e-02	
3143	2.925429e-02	4.739136e-02	
3144	2.926692e-02	4.736374e-02	
3145	2.927938e-02	4.733041e-02	
3146	2.928635e-02	4.730561e-02	
3147	2.929471e-02	4.727298e-02	
3148	2.930586e-02	4.721633e-02	
3149	2.931717e-02	4.714516e-02	
3150	2.932804e-02	4.705569e-02	
3151	2.934075e-02	4.692304e-02	
3152	2.934702e-02	4.684099e-02	
3153	2.935528e-02	4.671731e-02	
3154	2.936447e-02	4.654864e-02	
3155	2.937458e-02	4.632221e-02	
3156	2.938755e-02	4.594206e-02	
3157	2.939946e-02	4.547918e-02	
3158	2.940967e-02	4.495687e-02	
3159	2.942070e-02	4.421908e-02	
3160	2.942975e-02	4.343682e-02	
3161	2.943820e-02	4.254403e-02	
3162	2.944752e-02	4.138463e-02	
3163	2.945686e-02	4.009141e-02	
3164	2.946809e-02	3.843737e-02	
3165	2.948028e-02	3.660197e-02	
3166	2.948869e-02	3.532897e-02	
3167	2.949843e-02	3.385898e-02	
3168	2.950972e-02	3.216000e-02	
3169	2.951812e-02	3.090510e-02	
3170	2.952792e-02	2.944647e-02	
3171	2.954130e-02	2.747322e-02	
3172	2.954912e-02	2.632719e-02	
3173	2.955901e-02	2.489378e-02	
3174	2.956878e-02	2.348902e-02	
3175	2.957646e-02	2.239629e-02	
3176	2.958610e-02	2.103798e-02	
3177	2.959561e-02	1.971629e-02	
3178	2.960929e-02	1.784637e-02	
3179	2.962069e-02	1.633550e-02	
3180	2.962574e-02	1.566029e-02	
3181	2.962993e-02	1.510779e-02	
3182	2.963396e-02	1.457950e-02	
3183	2.964091e-02	1.368476e-02	
3184	2.965015e-02	1.252184e-02	
3185	2.966009e-02	1.131489e-02	
3186	2.967029e-02	1.012388e-02	

Index   time            v3#branch       
--------------------------------------------------------------------------------
3187	2.968187e-02	8.847521e-03	
3188	2.969023e-02	7.977382e-03	
3189	2.970013e-02	7.017068e-03	
3190	2.971181e-02	5.982073e-03	
3191	2.971973e-02	5.351796e-03	
3192	2.972943e-02	4.658182e-03	
3193	2.974105e-02	3.952656e-03	
3194	2.974868e-02	3.560428e-03	
3195	2.975895e-02	3.122726e-03	
3196	2.976840e-02	2.799408e-03	
3197	2.977819e-02	2.539291e-03	
3198	2.978859e-02	2.327131e-03	
3199	2.979885e-02	2.173807e-03	
3200	2.981026e-02	2.047525e-03	
3201	2.982156e-02	1.960477e-03	
3202	2.983150e-02	1.901732e-03	
3203	2.984172e-02	1.858204e-03	
3204	2.985319e-02	1.818048e-03	
3205	2.986190e-02	1.795848e-03	
3206	2.987162e-02	1.772147e-03	
3207	2.988307e-02	1.751162e-03	
3208	2.989120e-02	1.735647e-03	
3209	2.990092e-02	1.721545e-03	
3210	2.991434e-02	1.700423e-03	
3211	2.992239e-02	1.690629e-03	
3212	2.993244e-02	1.675790e-03	
3213	2.994252e-02	1.664057e-03	
3214	2.995029e-02	1.652919e-03	
3215	2.995997e-02	1.642291e-03	
3216	2.996954e-02	1.629728e-03	
3217	2.998363e-02	1.615501e-03	
3218	2.999501e-02	1.604361e-03	
3219	3.000633e-02	1.598288e-03	
3220	3.001742e-02	1.593882e-03	
3221	3.002821e-02	1.592308e-03	
3222	3.003878e-02	1.590576e-03	
3223	3.004981e-02	1.590096e-03	
3224	3.006082e-02	1.589009e-03	
3225	3.007160e-02	1.588892e-03	
3226	3.008147e-02	1.588101e-03	
3227	3.009262e-02	1.588113e-03	
3228	3.010138e-02	1.587455e-03	
3229	3.011105e-02	1.587580e-03	
3230	3.012226e-02	1.586908e-03	
3231	3.013041e-02	1.587106e-03	
3232	3.014002e-02	1.586506e-03	
3233	3.015283e-02	1.586628e-03	
3234	3.016076e-02	1.586086e-03	
3235	3.017062e-02	1.586285e-03	
3236	3.017971e-02	1.585734e-03	
3237	3.018802e-02	1.585973e-03	
3238	3.019769e-02	1.585422e-03	
3239	3.020726e-02	1.585647e-03	
3240	3.021927e-02	1.585068e-03	
3241	3.023038e-02	1.585277e-03	
3242	3.023992e-02	1.584745e-03	
3243	3.024987e-02	1.584978e-03	
3244	3.026094e-02	1.584430e-03	

Index   time            v3#branch       
--------------------------------------------------------------------------------
3245	3.026941e-02	1.584689e-03	
3246	3.027910e-02	1.584165e-03	
3247	3.029039e-02	1.584388e-03	
3248	3.029839e-02	1.583891e-03	
3249	3.030797e-02	1.584141e-03	
3250	3.031875e-02	1.583609e-03	
3251	3.032675e-02	1.583883e-03	
3252	3.033675e-02	1.583365e-03	
3253	3.034594e-02	1.583624e-03	
3254	3.035614e-02	1.583105e-03	
3255	3.036637e-02	1.583353e-03	
3256	3.037652e-02	1.582837e-03	
3257	3.038702e-02	1.583084e-03	
3258	3.039811e-02	1.582558e-03	
3259	3.040704e-02	1.582826e-03	
3260	3.041658e-02	1.582322e-03	
3261	3.042759e-02	1.582565e-03	
3262	3.043583e-02	1.582078e-03	
3263	3.044540e-02	1.582341e-03	
3264	3.045860e-02	1.581793e-03	
3265	3.046675e-02	1.582075e-03	
3266	3.047667e-02	1.581570e-03	
3267	3.048626e-02	1.581835e-03	
3268	3.049434e-02	1.581352e-03	
3269	3.050374e-02	1.581621e-03	
3270	3.051303e-02	1.581124e-03	
3271	3.052635e-02	1.581346e-03	
3272	3.053738e-02	1.580830e-03	
3273	3.054836e-02	1.581081e-03	
3274	3.055863e-02	1.580575e-03	
3275	3.056944e-02	1.580829e-03	
3276	3.057993e-02	1.580322e-03	
3277	3.058952e-02	1.580591e-03	
3278	3.060046e-02	1.580079e-03	
3279	3.060897e-02	1.580362e-03	
3280	3.061863e-02	1.579865e-03	
3281	3.062985e-02	1.580117e-03	
3282	3.063784e-02	1.579640e-03	
3283	3.064738e-02	1.579912e-03	
3284	3.065785e-02	1.579407e-03	
3285	3.066596e-02	1.579697e-03	
3286	3.067597e-02	1.579198e-03	
3287	3.068513e-02	1.579475e-03	
3288	3.069586e-02	1.578969e-03	
3289	3.070615e-02	1.579233e-03	
3290	3.071636e-02	1.578734e-03	
3291	3.072679e-02	1.578998e-03	
3292	3.073776e-02	1.578490e-03	
3293	3.074671e-02	1.578771e-03	
3294	3.075623e-02	1.578280e-03	
3295	3.076716e-02	1.578539e-03	
3296	3.077541e-02	1.578063e-03	
3297	3.078495e-02	1.578338e-03	
3298	3.079793e-02	1.577809e-03	
3299	3.080605e-02	1.578101e-03	
3300	3.081591e-02	1.577608e-03	
3301	3.082517e-02	1.577887e-03	
3302	3.083327e-02	1.577414e-03	

Index   time            v3#branch       
--------------------------------------------------------------------------------
3303	3.084266e-02	1.577692e-03	
3304	3.085196e-02	1.577206e-03	
3305	3.086448e-02	1.577450e-03	
3306	3.087544e-02	1.576946e-03	
3307	3.088510e-02	1.577222e-03	
3308	3.089509e-02	1.576729e-03	
3309	3.090601e-02	1.576992e-03	
3310	3.091457e-02	1.576514e-03	
3311	3.092422e-02	1.576792e-03	
3312	3.093530e-02	1.576288e-03	
3313	3.094335e-02	1.576583e-03	
3314	3.095287e-02	1.576096e-03	
3315	3.096369e-02	1.576361e-03	
3316	3.097185e-02	1.575889e-03	
3317	3.098153e-02	1.576168e-03	
3318	3.099052e-02	1.575687e-03	
3319	3.100055e-02	1.575962e-03	
3320	3.101062e-02	1.575470e-03	
3321	3.102061e-02	1.575746e-03	
3322	3.103093e-02	1.575251e-03	
3323	3.104195e-02	1.575516e-03	
3324	3.105056e-02	1.575041e-03	
3325	3.106023e-02	1.575321e-03	
3326	3.107121e-02	1.574821e-03	
3327	3.107935e-02	1.575117e-03	
3328	3.108887e-02	1.574633e-03	
3329	3.110055e-02	1.574892e-03	
3330	3.110870e-02	1.574422e-03	
3331	3.111794e-02	1.574707e-03	
3332	3.112672e-02	1.574232e-03	
3333	3.113604e-02	1.574517e-03	
3334	3.114585e-02	1.574030e-03	
3335	3.115558e-02	1.574311e-03	
3336	3.116619e-02	1.573816e-03	
3337	3.117719e-02	1.574084e-03	
3338	3.118580e-02	1.573611e-03	
3339	3.119545e-02	1.573894e-03	
3340	3.120638e-02	1.573397e-03	
3341	3.121454e-02	1.573695e-03	
3342	3.122404e-02	1.573213e-03	
3343	3.123574e-02	1.573475e-03	
3344	3.124391e-02	1.573007e-03	
3345	3.125315e-02	1.573295e-03	
3346	3.126193e-02	1.572821e-03	
3347	3.127118e-02	1.573109e-03	
3348	3.128095e-02	1.572626e-03	
3349	3.129064e-02	1.572910e-03	
3350	3.130125e-02	1.572418e-03	
3351	3.131223e-02	1.572689e-03	
3352	3.132080e-02	1.572218e-03	
3353	3.133047e-02	1.572503e-03	
3354	3.134138e-02	1.572009e-03	
3355	3.134953e-02	1.572309e-03	
3356	3.135902e-02	1.571830e-03	
3357	3.137054e-02	1.572097e-03	
3358	3.137875e-02	1.571631e-03	
3359	3.138791e-02	1.571922e-03	
3360	3.139671e-02	1.571450e-03	

Index   time            v3#branch       
--------------------------------------------------------------------------------
3361	3.140611e-02	1.571739e-03	
3362	3.141591e-02	1.571257e-03	
3363	3.142564e-02	1.571543e-03	
3364	3.143610e-02	1.571056e-03	
3365	3.144709e-02	1.571329e-03	
3366	3.145566e-02	1.570861e-03	
3367	3.146532e-02	1.571148e-03	
3368	3.147624e-02	1.570657e-03	
3369	3.148436e-02	1.570960e-03	
3370	3.149384e-02	1.570483e-03	
3371	3.150504e-02	1.570756e-03	
3372	3.151329e-02	1.570291e-03	
3373	3.152256e-02	1.570583e-03	
3374	3.153132e-02	1.570114e-03	
3375	3.154100e-02	1.570403e-03	
3376	3.155086e-02	1.569923e-03	
3377	3.156067e-02	1.570211e-03	
3378	3.157096e-02	1.569728e-03	
3379	3.158188e-02	1.570005e-03	
3380	3.159045e-02	1.569539e-03	
3381	3.160009e-02	1.569829e-03	
3382	3.161101e-02	1.569340e-03	
3383	3.161910e-02	1.569645e-03	
3384	3.162857e-02	1.569171e-03	
3385	3.163940e-02	1.569450e-03	
3386	3.164769e-02	1.568988e-03	
3387	3.165711e-02	1.569281e-03	
3388	3.166595e-02	1.568814e-03	
3389	3.167588e-02	1.569102e-03	
3390	3.168582e-02	1.568625e-03	
3391	3.169569e-02	1.568914e-03	
3392	3.170585e-02	1.568435e-03	
3393	3.171670e-02	1.568716e-03	
3394	3.172528e-02	1.568252e-03	
3395	3.173489e-02	1.568544e-03	
3396	3.174581e-02	1.568059e-03	
3397	3.175388e-02	1.568367e-03	
3398	3.176333e-02	1.567895e-03	
3399	3.177388e-02	1.568180e-03	
3400	3.178219e-02	1.567720e-03	
3401	3.179174e-02	1.568014e-03	
3402	3.180063e-02	1.567549e-03	
3403	3.181088e-02	1.567837e-03	
3404	3.182089e-02	1.567362e-03	
3405	3.183084e-02	1.567653e-03	
3406	3.184092e-02	1.567177e-03	
3407	3.185173e-02	1.567461e-03	
3408	3.186032e-02	1.567000e-03	
3409	3.186992e-02	1.567295e-03	
3410	3.188081e-02	1.566813e-03	
3411	3.188889e-02	1.567123e-03	
3412	3.189833e-02	1.566654e-03	
3413	3.190881e-02	1.566942e-03	
3414	3.191715e-02	1.566484e-03	
3415	3.192669e-02	1.566781e-03	
3416	3.193556e-02	1.566319e-03	
3417	3.194592e-02	1.566609e-03	
3418	3.195594e-02	1.566137e-03	

Index   time            v3#branch       
--------------------------------------------------------------------------------
3419	3.196589e-02	1.566431e-03	
3420	3.197595e-02	1.565958e-03	
3421	3.198673e-02	1.566245e-03	
3422	3.199533e-02	1.565786e-03	
3423	3.200492e-02	1.566085e-03	
3424	3.201579e-02	1.565606e-03	
3425	3.202385e-02	1.565918e-03	
3426	3.203329e-02	1.565453e-03	
3427	3.204367e-02	1.565744e-03	
3428	3.205204e-02	1.565289e-03	
3429	3.206158e-02	1.565588e-03	
3430	3.207046e-02	1.565128e-03	
3431	3.208098e-02	1.565420e-03	
3432	3.209102e-02	1.564951e-03	
3433	3.210100e-02	1.565247e-03	
3434	3.211104e-02	1.564778e-03	
3435	3.212179e-02	1.565068e-03	
3436	3.213040e-02	1.564612e-03	
3437	3.213998e-02	1.564913e-03	
3438	3.215082e-02	1.564438e-03	
3439	3.215890e-02	1.564752e-03	
3440	3.216832e-02	1.564290e-03	
3441	3.217867e-02	1.564585e-03	
3442	3.218706e-02	1.564132e-03	
3443	3.219658e-02	1.564434e-03	
3444	3.220543e-02	1.563978e-03	
3445	3.221599e-02	1.564272e-03	
3446	3.222602e-02	1.563806e-03	
3447	3.223599e-02	1.564106e-03	
3448	3.224600e-02	1.563640e-03	
3449	3.225672e-02	1.563934e-03	
3450	3.226533e-02	1.563481e-03	
3451	3.227490e-02	1.563784e-03	
3452	3.228572e-02	1.563313e-03	
3453	3.229378e-02	1.563630e-03	
3454	3.230320e-02	1.563171e-03	
3455	3.231340e-02	1.563470e-03	
3456	3.232181e-02	1.563019e-03	
3457	3.233138e-02	1.563324e-03	
3458	3.234025e-02	1.562870e-03	
3459	3.235110e-02	1.563166e-03	
3460	3.236118e-02	1.562703e-03	
3461	3.237120e-02	1.563005e-03	
3462	3.238121e-02	1.562543e-03	
3463	3.239190e-02	1.562840e-03	
3464	3.240054e-02	1.562389e-03	
3465	3.241010e-02	1.562696e-03	
3466	3.242088e-02	1.562229e-03	
3467	3.242896e-02	1.562548e-03	
3468	3.243837e-02	1.562092e-03	
3469	3.244866e-02	1.562394e-03	
3470	3.245709e-02	1.561946e-03	
3471	3.246657e-02	1.562255e-03	
3472	3.247538e-02	1.561804e-03	
3473	3.248601e-02	1.562105e-03	
3474	3.249601e-02	1.561646e-03	
3475	3.250597e-02	1.561951e-03	
3476	3.251592e-02	1.561493e-03	

Index   time            v3#branch       
--------------------------------------------------------------------------------
3477	3.252658e-02	1.561794e-03	
3478	3.253519e-02	1.561347e-03	
3479	3.254473e-02	1.561657e-03	
3480	3.255553e-02	1.561193e-03	
3481	3.256357e-02	1.561515e-03	
3482	3.257296e-02	1.561063e-03	
3483	3.258299e-02	1.561369e-03	
3484	3.259147e-02	1.560924e-03	
3485	3.260113e-02	1.561235e-03	
3486	3.261001e-02	1.560787e-03	
3487	3.262128e-02	1.561086e-03	
3488	3.263141e-02	1.560630e-03	
3489	3.264150e-02	1.560938e-03	
3490	3.265150e-02	1.560483e-03	
3491	3.266213e-02	1.560787e-03	
3492	3.267080e-02	1.560343e-03	
3493	3.268035e-02	1.560656e-03	
3494	3.269107e-02	1.560197e-03	
3495	3.269917e-02	1.560521e-03	
3496	3.270855e-02	1.560072e-03	
3497	3.271894e-02	1.560380e-03	
3498	3.272742e-02	1.559938e-03	
3499	3.273677e-02	1.560253e-03	
3500	3.274551e-02	1.559810e-03	
3501	3.275593e-02	1.560119e-03	
3502	3.276585e-02	1.559668e-03	
3503	3.277572e-02	1.559981e-03	
3504	3.278560e-02	1.559530e-03	
3505	3.279620e-02	1.559839e-03	
3506	3.280477e-02	1.559398e-03	
3507	3.281429e-02	1.559714e-03	
3508	3.282510e-02	1.559259e-03	
3509	3.283309e-02	1.559586e-03	
3510	3.284245e-02	1.559141e-03	
3511	3.285217e-02	1.559457e-03	
3512	3.286073e-02	1.559018e-03	
3513	3.287061e-02	1.559333e-03	
3514	3.287957e-02	1.558891e-03	
3515	3.289169e-02	1.559192e-03	
3516	3.290197e-02	1.558743e-03	
3517	3.291222e-02	1.559056e-03	
3518	3.292226e-02	1.558609e-03	
3519	3.293284e-02	1.558921e-03	
3520	3.294159e-02	1.558483e-03	
3521	3.295112e-02	1.558802e-03	
3522	3.296175e-02	1.558352e-03	
3523	3.296991e-02	1.558681e-03	
3524	3.297929e-02	1.558240e-03	
3525	3.299011e-02	1.558552e-03	
3526	3.299863e-02	1.558116e-03	
3527	3.300760e-02	1.558440e-03	
3528	3.301649e-02	1.558003e-03	
3529	3.302603e-02	1.558325e-03	
3530	3.303567e-02	1.557883e-03	
3531	3.304527e-02	1.558204e-03	
3532	3.305520e-02	1.557762e-03	
3533	3.306579e-02	1.558077e-03	
3534	3.307431e-02	1.557644e-03	

Index   time            v3#branch       
--------------------------------------------------------------------------------
3535	3.308379e-02	1.557967e-03	
3536	3.309471e-02	1.557520e-03	
3537	3.310269e-02	1.557852e-03	
3538	3.311204e-02	1.557415e-03	
3539	3.312145e-02	1.557739e-03	
3540	3.313005e-02	1.557307e-03	
3541	3.313907e-02	1.557634e-03	
3542	3.314802e-02	1.557200e-03	
3543	3.316047e-02	1.557507e-03	
3544	3.317100e-02	1.557064e-03	
3545	3.318038e-02	1.557390e-03	
3546	3.319010e-02	1.556953e-03	
3547	3.320057e-02	1.557273e-03	
3548	3.320909e-02	1.556843e-03	
3549	3.321854e-02	1.557170e-03	
3550	3.322957e-02	1.556726e-03	
3551	3.323765e-02	1.557061e-03	
3552	3.324695e-02	1.556628e-03	
3553	3.325626e-02	1.556956e-03	
3554	3.326486e-02	1.556527e-03	
3555	3.327390e-02	1.556857e-03	
3556	3.328288e-02	1.556427e-03	
3557	3.329498e-02	1.556741e-03	
3558	3.330550e-02	1.556303e-03	
3559	3.331463e-02	1.556634e-03	
3560	3.332419e-02	1.556201e-03	
3561	3.333463e-02	1.556525e-03	
3562	3.334305e-02	1.556100e-03	
3563	3.335244e-02	1.556430e-03	
3564	3.336408e-02	1.555988e-03	
3565	3.337243e-02	1.556324e-03	
3566	3.338172e-02	1.555895e-03	
3567	3.339078e-02	1.556228e-03	
3568	3.339937e-02	1.555803e-03	
3569	3.340846e-02	1.556136e-03	
3570	3.341748e-02	1.555709e-03	
3571	3.342905e-02	1.556030e-03	
3572	3.343957e-02	1.555597e-03	
3573	3.344830e-02	1.555933e-03	
3574	3.345776e-02	1.555505e-03	
3575	3.346820e-02	1.555833e-03	
3576	3.347645e-02	1.555412e-03	
3577	3.348578e-02	1.555746e-03	
3578	3.349703e-02	1.555310e-03	
3579	3.350564e-02	1.555648e-03	
3580	3.351451e-02	1.555226e-03	
3581	3.352354e-02	1.555562e-03	
3582	3.353235e-02	1.555139e-03	
3583	3.354170e-02	1.555475e-03	
3584	3.355099e-02	1.555051e-03	
3585	3.356114e-02	1.555383e-03	
3586	3.357170e-02	1.554954e-03	
3587	3.358020e-02	1.555294e-03	
3588	3.358967e-02	1.554870e-03	
3589	3.360055e-02	1.555200e-03	
3590	3.360866e-02	1.554783e-03	
3591	3.361791e-02	1.555121e-03	
3592	3.362731e-02	1.554699e-03	

Index   time            v3#branch       
--------------------------------------------------------------------------------
3593	3.363602e-02	1.555039e-03	
3594	3.364497e-02	1.554620e-03	
3595	3.365387e-02	1.554960e-03	
3596	3.366615e-02	1.554527e-03	
3597	3.367660e-02	1.554860e-03	
3598	3.368581e-02	1.554441e-03	
3599	3.369540e-02	1.554779e-03	
3600	3.370577e-02	1.554356e-03	
3601	3.371423e-02	1.554699e-03	
3602	3.372362e-02	1.554280e-03	
3603	3.373500e-02	1.554612e-03	
3604	3.374336e-02	1.554198e-03	
3605	3.375257e-02	1.554539e-03	
3606	3.376171e-02	1.554123e-03	
3607	3.377039e-02	1.554467e-03	
3608	3.377941e-02	1.554051e-03	
3609	3.378838e-02	1.554394e-03	
3610	3.380001e-02	1.553969e-03	
3611	3.381045e-02	1.554307e-03	
3612	3.381919e-02	1.553894e-03	
3613	3.382863e-02	1.554236e-03	
3614	3.383900e-02	1.553817e-03	
3615	3.384726e-02	1.554165e-03	
3616	3.385657e-02	1.553750e-03	
3617	3.386780e-02	1.554087e-03	
3618	3.387649e-02	1.553676e-03	
3619	3.388533e-02	1.554022e-03	
3620	3.389438e-02	1.553610e-03	
3621	3.390312e-02	1.553957e-03	
3622	3.391241e-02	1.553544e-03	
3623	3.392163e-02	1.553890e-03	
3624	3.393172e-02	1.553475e-03	
3625	3.394220e-02	1.553817e-03	
3626	3.395069e-02	1.553409e-03	
3627	3.396012e-02	1.553755e-03	
3628	3.397108e-02	1.553339e-03	
3629	3.397933e-02	1.553689e-03	
3630	3.398850e-02	1.553280e-03	
3631	3.399784e-02	1.553627e-03	
3632	3.400660e-02	1.553219e-03	
3633	3.401554e-02	1.553569e-03	
3634	3.402441e-02	1.553161e-03	
3635	3.403641e-02	1.553501e-03	
3636	3.404679e-02	1.553090e-03	
3637	3.405577e-02	1.553440e-03	
3638	3.406521e-02	1.553032e-03	
3639	3.407550e-02	1.553378e-03	
3640	3.408386e-02	1.552974e-03	
3641	3.409318e-02	1.553324e-03	
3642	3.410523e-02	1.552910e-03	
3643	3.411393e-02	1.553263e-03	
3644	3.412314e-02	1.552857e-03	
3645	3.413212e-02	1.553209e-03	
3646	3.414084e-02	1.552806e-03	
3647	3.414986e-02	1.553158e-03	
3648	3.415882e-02	1.552755e-03	
3649	3.417010e-02	1.553102e-03	
3650	3.418050e-02	1.552695e-03	

Index   time            v3#branch       
--------------------------------------------------------------------------------
3651	3.418907e-02	1.553050e-03	
3652	3.419856e-02	1.552646e-03	
3653	3.420894e-02	1.552997e-03	
3654	3.421709e-02	1.552597e-03	
3655	3.422637e-02	1.552951e-03	
3656	3.423688e-02	1.552546e-03	
3657	3.424569e-02	1.552902e-03	
3658	3.425470e-02	1.552501e-03	
3659	3.426357e-02	1.552857e-03	
3660	3.427353e-02	1.552455e-03	
3661	3.428310e-02	1.552809e-03	
3662	3.429264e-02	1.552409e-03	
3663	3.430235e-02	1.552764e-03	
3664	3.431266e-02	1.552362e-03	
3665	3.432117e-02	1.552721e-03	
3666	3.433054e-02	1.552322e-03	
3667	3.434158e-02	1.552675e-03	
3668	3.434997e-02	1.552279e-03	
3669	3.435907e-02	1.552637e-03	
3670	3.436836e-02	1.552239e-03	
3671	3.437718e-02	1.552598e-03	
3672	3.438609e-02	1.552203e-03	
3673	3.439494e-02	1.552562e-03	
3674	3.440671e-02	1.552161e-03	
3675	3.441703e-02	1.552518e-03	
3676	3.442581e-02	1.552123e-03	
3677	3.443521e-02	1.552483e-03	
3678	3.444545e-02	1.552086e-03	
3679	3.445373e-02	1.552448e-03	
3680	3.446300e-02	1.552054e-03	
3681	3.447427e-02	1.552411e-03	
3682	3.448310e-02	1.552019e-03	
3683	3.449206e-02	1.552380e-03	
3684	3.450108e-02	1.551988e-03	
3685	3.450995e-02	1.552350e-03	
3686	3.451912e-02	1.551958e-03	
3687	3.452824e-02	1.552321e-03	
3688	3.453846e-02	1.551928e-03	
3689	3.454887e-02	1.552289e-03	
3690	3.455739e-02	1.551899e-03	
3691	3.456679e-02	1.552262e-03	
3692	3.457754e-02	1.551870e-03	
3693	3.458587e-02	1.552235e-03	
3694	3.459495e-02	1.551846e-03	
3695	3.460439e-02	1.552210e-03	
3696	3.461330e-02	1.551821e-03	
3697	3.462212e-02	1.552186e-03	
3698	3.463089e-02	1.551799e-03	
3699	3.464296e-02	1.552161e-03	
3700	3.465323e-02	1.551772e-03	
3701	3.466221e-02	1.552138e-03	
3702	3.467161e-02	1.551751e-03	
3703	3.468179e-02	1.552117e-03	
3704	3.469016e-02	1.551731e-03	
3705	3.469943e-02	1.552098e-03	
3706	3.471134e-02	1.551710e-03	
3707	3.472018e-02	1.552078e-03	
3708	3.472926e-02	1.551693e-03	

Index   time            v3#branch       
--------------------------------------------------------------------------------
3709	3.473830e-02	1.552061e-03	
3710	3.474717e-02	1.551677e-03	
3711	3.475612e-02	1.552046e-03	
3712	3.476502e-02	1.551663e-03	
3713	3.477613e-02	1.552030e-03	
3714	3.478642e-02	1.551647e-03	
3715	3.479501e-02	1.552017e-03	
3716	3.480445e-02	1.551634e-03	
3717	3.481475e-02	1.552004e-03	
3718	3.482285e-02	1.551623e-03	
3719	3.483206e-02	1.551993e-03	
3720	3.484219e-02	1.551612e-03	
3721	3.485116e-02	1.551983e-03	
3722	3.486035e-02	1.551603e-03	
3723	3.486910e-02	1.551975e-03	
3724	3.488003e-02	1.551594e-03	
3725	3.488974e-02	1.551966e-03	
3726	3.489944e-02	1.551587e-03	
3727	3.490905e-02	1.551960e-03	
3728	3.491922e-02	1.551581e-03	
3729	3.492778e-02	1.551955e-03	
3730	3.493712e-02	1.551577e-03	
3731	3.494796e-02	1.551950e-03	
3732	3.495643e-02	1.551573e-03	
3733	3.496544e-02	1.551947e-03	
3734	3.497480e-02	1.551571e-03	
3735	3.498376e-02	1.551946e-03	
3736	3.499256e-02	1.551570e-03	
3737	3.500132e-02	1.551946e-03	
3738	3.501310e-02	1.551570e-03	
3739	3.502331e-02	1.551946e-03	
3740	3.503204e-02	1.551572e-03	
3741	3.504144e-02	1.551948e-03	
3742	3.505158e-02	1.551575e-03	
3743	3.505984e-02	1.551952e-03	
3744	3.506906e-02	1.551578e-03	
3745	3.508013e-02	1.551956e-03	
3746	3.508910e-02	1.551584e-03	
3747	3.509822e-02	1.551961e-03	
3748	3.510716e-02	1.551590e-03	
3749	3.511618e-02	1.551968e-03	
3750	3.512530e-02	1.551597e-03	
3751	3.513438e-02	1.551976e-03	
3752	3.514444e-02	1.551606e-03	
3753	3.515469e-02	1.551985e-03	
3754	3.516320e-02	1.551615e-03	
3755	3.517254e-02	1.551995e-03	
3756	3.518344e-02	1.551627e-03	
3757	3.519200e-02	1.552007e-03	
3758	3.520098e-02	1.551639e-03	
3759	3.521032e-02	1.552020e-03	
3760	3.521932e-02	1.551652e-03	
3761	3.522810e-02	1.552033e-03	
3762	3.523683e-02	1.551665e-03	
3763	3.524852e-02	1.552049e-03	
3764	3.525868e-02	1.551683e-03	
3765	3.526732e-02	1.552066e-03	
3766	3.527675e-02	1.551700e-03	

Index   time            v3#branch       
--------------------------------------------------------------------------------
3767	3.528687e-02	1.552084e-03	
3768	3.529510e-02	1.551717e-03	
3769	3.530429e-02	1.552101e-03	
3770	3.531510e-02	1.551738e-03	
3771	3.532413e-02	1.552122e-03	
3772	3.533333e-02	1.551758e-03	
3773	3.534221e-02	1.552142e-03	
3774	3.535132e-02	1.551779e-03	
3775	3.536047e-02	1.552164e-03	
3776	3.536959e-02	1.551801e-03	
3777	3.537938e-02	1.552187e-03	
3778	3.538953e-02	1.551826e-03	
3779	3.539797e-02	1.552212e-03	
3780	3.540726e-02	1.551850e-03	
3781	3.541860e-02	1.552240e-03	
3782	3.542739e-02	1.551878e-03	
3783	3.543636e-02	1.552265e-03	
3784	3.544555e-02	1.551905e-03	
3785	3.545458e-02	1.552293e-03	
3786	3.546336e-02	1.551933e-03	
3787	3.547211e-02	1.552320e-03	
3788	3.548349e-02	1.551964e-03	
3789	3.549362e-02	1.552355e-03	
3790	3.550224e-02	1.551995e-03	
3791	3.551164e-02	1.552385e-03	
3792	3.552177e-02	1.552029e-03	
3793	3.552991e-02	1.552417e-03	
3794	3.553907e-02	1.552060e-03	
3795	3.554936e-02	1.552452e-03	
3796	3.555848e-02	1.552096e-03	
3797	3.556780e-02	1.552487e-03	
3798	3.557655e-02	1.552130e-03	
3799	3.558672e-02	1.552523e-03	
3800	3.559612e-02	1.552169e-03	
3801	3.560551e-02	1.552561e-03	
3802	3.561507e-02	1.552207e-03	
3803	3.562511e-02	1.552601e-03	
3804	3.563359e-02	1.552246e-03	
3805	3.564285e-02	1.552639e-03	
3806	3.565411e-02	1.552290e-03	
3807	3.566293e-02	1.552683e-03	
3808	3.567185e-02	1.552330e-03	
3809	3.568106e-02	1.552724e-03	
3810	3.569015e-02	1.552372e-03	
3811	3.569890e-02	1.552765e-03	
3812	3.570761e-02	1.552412e-03	
3813	3.571895e-02	1.552812e-03	
3814	3.572904e-02	1.552464e-03	
3815	3.573766e-02	1.552858e-03	
3816	3.574704e-02	1.552508e-03	
3817	3.575713e-02	1.552906e-03	
3818	3.576535e-02	1.552555e-03	
3819	3.577444e-02	1.552950e-03	
3820	3.578467e-02	1.552605e-03	
3821	3.579386e-02	1.553001e-03	
3822	3.580325e-02	1.552654e-03	
3823	3.581197e-02	1.553050e-03	
3824	3.582229e-02	1.552706e-03	

Index   time            v3#branch       
--------------------------------------------------------------------------------
3825	3.583169e-02	1.553104e-03	
3826	3.584108e-02	1.552758e-03	
3827	3.585061e-02	1.553157e-03	
3828	3.586060e-02	1.552813e-03	
3829	3.586908e-02	1.553210e-03	
3830	3.587832e-02	1.552865e-03	
3831	3.588957e-02	1.553270e-03	
3832	3.589845e-02	1.552924e-03	
3833	3.590739e-02	1.553323e-03	
3834	3.591659e-02	1.552979e-03	
3835	3.592573e-02	1.553379e-03	
3836	3.593444e-02	1.553034e-03	
3837	3.594317e-02	1.553433e-03	
3838	3.595447e-02	1.553097e-03	
3839	3.596450e-02	1.553501e-03	
3840	3.597313e-02	1.553157e-03	
3841	3.598250e-02	1.553559e-03	
3842	3.599254e-02	1.553221e-03	
3843	3.600082e-02	1.553619e-03	
3844	3.600986e-02	1.553278e-03	
3845	3.602006e-02	1.553684e-03	
3846	3.602932e-02	1.553344e-03	
3847	3.603877e-02	1.553748e-03	
3848	3.604747e-02	1.553406e-03	
3849	3.605784e-02	1.553814e-03	
3850	3.606721e-02	1.553476e-03	
3851	3.607658e-02	1.553880e-03	
3852	3.608608e-02	1.553543e-03	
3853	3.609602e-02	1.553950e-03	
3854	3.610450e-02	1.553610e-03	
3855	3.611371e-02	1.554015e-03	
3856	3.612505e-02	1.553686e-03	
3857	3.613402e-02	1.554090e-03	
3858	3.614305e-02	1.553753e-03	
3859	3.615221e-02	1.554159e-03	
3860	3.616138e-02	1.553823e-03	
3861	3.617005e-02	1.554227e-03	
3862	3.617882e-02	1.553890e-03	
3863	3.619011e-02	1.554305e-03	
3864	3.620009e-02	1.553974e-03	
3865	3.620874e-02	1.554379e-03	
3866	3.621809e-02	1.554046e-03	
3867	3.622808e-02	1.554456e-03	
3868	3.623640e-02	1.554120e-03	
3869	3.624540e-02	1.554527e-03	
3870	3.625563e-02	1.554199e-03	
3871	3.626495e-02	1.554608e-03	
3872	3.627445e-02	1.554277e-03	
3873	3.628314e-02	1.554684e-03	
3874	3.629336e-02	1.554357e-03	
3875	3.630265e-02	1.554767e-03	
3876	3.631194e-02	1.554436e-03	
3877	3.632142e-02	1.554848e-03	
3878	3.633131e-02	1.554521e-03	
3879	3.633977e-02	1.554928e-03	
3880	3.634896e-02	1.554598e-03	
3881	3.636137e-02	1.555023e-03	
3882	3.637055e-02	1.554694e-03	

Index   time            v3#branch       
--------------------------------------------------------------------------------
3883	3.637980e-02	1.555106e-03	
3884	3.638918e-02	1.554779e-03	
3885	3.639843e-02	1.555191e-03	
3886	3.640699e-02	1.554860e-03	
3887	3.641596e-02	1.555271e-03	
3888	3.642826e-02	1.554959e-03	
3889	3.643812e-02	1.555375e-03	
3890	3.644803e-02	1.555052e-03	
3891	3.645725e-02	1.555465e-03	
3892	3.646705e-02	1.555142e-03	
3893	3.647560e-02	1.555553e-03	
3894	3.648479e-02	1.555228e-03	
3895	3.649581e-02	1.555651e-03	
3896	3.650477e-02	1.555325e-03	
3897	3.651379e-02	1.555739e-03	
3898	3.652298e-02	1.555415e-03	
3899	3.653225e-02	1.555830e-03	
3900	3.654085e-02	1.555504e-03	
3901	3.654967e-02	1.555917e-03	
3902	3.656095e-02	1.555605e-03	
3903	3.657083e-02	1.556024e-03	
3904	3.657951e-02	1.555700e-03	
3905	3.658883e-02	1.556117e-03	
3906	3.659874e-02	1.555799e-03	
3907	3.660712e-02	1.556212e-03	
3908	3.661607e-02	1.555889e-03	
3909	3.662632e-02	1.556312e-03	
3910	3.663574e-02	1.555993e-03	
3911	3.664532e-02	1.556412e-03	
3912	3.665399e-02	1.556090e-03	
3913	3.666405e-02	1.556513e-03	
3914	3.667323e-02	1.556194e-03	
3915	3.668241e-02	1.556612e-03	
3916	3.669186e-02	1.556295e-03	
3917	3.670167e-02	1.556717e-03	
3918	3.671010e-02	1.556395e-03	
3919	3.671925e-02	1.556814e-03	
3920	3.673130e-02	1.556513e-03	
3921	3.674059e-02	1.556933e-03	
3922	3.674996e-02	1.556617e-03	
3923	3.675905e-02	1.557037e-03	
3924	3.676834e-02	1.556721e-03	
3925	3.677684e-02	1.557138e-03	
3926	3.678577e-02	1.556821e-03	
3927	3.679731e-02	1.557255e-03	
3928	3.680712e-02	1.556944e-03	
3929	3.681585e-02	1.557363e-03	
3930	3.682516e-02	1.557049e-03	
3931	3.683497e-02	1.557474e-03	
3932	3.684330e-02	1.557155e-03	
3933	3.685231e-02	1.557576e-03	
3934	3.686291e-02	1.557272e-03	
3935	3.687232e-02	1.557696e-03	
3936	3.688190e-02	1.557385e-03	
3937	3.689063e-02	1.557806e-03	
3938	3.690017e-02	1.557496e-03	
3939	3.690911e-02	1.557917e-03	
3940	3.691805e-02	1.557605e-03	

Index   time            v3#branch       
--------------------------------------------------------------------------------
3941	3.692777e-02	1.558032e-03	
3942	3.693759e-02	1.557725e-03	
3943	3.694603e-02	1.558144e-03	
3944	3.695519e-02	1.557834e-03	
3945	3.696751e-02	1.558278e-03	
3946	3.697685e-02	1.557969e-03	
3947	3.698624e-02	1.558395e-03	
3948	3.699555e-02	1.558087e-03	
3949	3.700492e-02	1.558514e-03	
3950	3.701347e-02	1.558201e-03	
3951	3.702249e-02	1.558626e-03	
3952	3.703481e-02	1.558338e-03	
3953	3.704453e-02	1.558767e-03	
3954	3.705431e-02	1.558464e-03	
3955	3.706356e-02	1.558891e-03	
3956	3.707324e-02	1.558587e-03	
3957	3.708180e-02	1.559010e-03	
3958	3.709094e-02	1.558704e-03	
3959	3.710235e-02	1.559146e-03	
3960	3.711152e-02	1.558840e-03	
3961	3.712074e-02	1.559268e-03	
3962	3.712999e-02	1.558963e-03	
3963	3.713939e-02	1.559393e-03	
3964	3.714784e-02	1.559084e-03	
3965	3.715684e-02	1.559511e-03	
3966	3.716849e-02	1.559223e-03	
3967	3.717820e-02	1.559656e-03	
3968	3.718697e-02	1.559350e-03	
3969	3.719627e-02	1.559780e-03	
3970	3.720597e-02	1.559481e-03	
3971	3.721433e-02	1.559904e-03	
3972	3.722332e-02	1.559601e-03	
3973	3.723410e-02	1.560042e-03	
3974	3.724360e-02	1.559742e-03	
3975	3.725323e-02	1.560176e-03	
3976	3.726197e-02	1.559871e-03	
3977	3.727155e-02	1.560305e-03	
3978	3.728035e-02	1.560002e-03	
3979	3.728915e-02	1.560430e-03	
3980	3.729913e-02	1.560135e-03	
3981	3.730892e-02	1.560571e-03	
3982	3.731743e-02	1.560267e-03	
3983	3.732660e-02	1.560698e-03	
3984	3.733804e-02	1.560416e-03	
3985	3.734726e-02	1.560848e-03	
3986	3.735652e-02	1.560550e-03	
3987	3.736581e-02	1.560984e-03	
3988	3.737527e-02	1.560688e-03	
3989	3.738374e-02	1.561115e-03	
3990	3.739277e-02	1.560817e-03	
3991	3.740465e-02	1.561270e-03	
3992	3.741429e-02	1.560977e-03	
3993	3.742401e-02	1.561414e-03	
3994	3.743292e-02	1.561116e-03	
3995	3.744249e-02	1.561552e-03	
3996	3.745089e-02	1.561251e-03	
3997	3.745994e-02	1.561684e-03	
3998	3.747146e-02	1.561406e-03	

Index   time            v3#branch       
--------------------------------------------------------------------------------
3999	3.748097e-02	1.561844e-03	
4000	3.749057e-02	1.561552e-03	
4001	3.749941e-02	1.561985e-03	
4002	3.750889e-02	1.561693e-03	
4003	3.751741e-02	1.562123e-03	
4004	3.752628e-02	1.561827e-03	
4005	3.753709e-02	1.562275e-03	
4006	3.754677e-02	1.561986e-03	
4007	3.755545e-02	1.562418e-03	
4008	3.756467e-02	1.562125e-03	
4009	3.757448e-02	1.562566e-03	
4010	3.758323e-02	1.562271e-03	
4011	3.759198e-02	1.562704e-03	
4012	3.760179e-02	1.562418e-03	
4013	3.761142e-02	1.562858e-03	
4014	3.761990e-02	1.562561e-03	
4015	3.762900e-02	1.562998e-03	
4016	3.764127e-02	1.562732e-03	
4017	3.765082e-02	1.563173e-03	
4018	3.766044e-02	1.562886e-03	
4019	3.766970e-02	1.563325e-03	
4020	3.767924e-02	1.563038e-03	
4021	3.768778e-02	1.563471e-03	
4022	3.769687e-02	1.563181e-03	
4023	3.770950e-02	1.563648e-03	
4024	3.771902e-02	1.563362e-03	
4025	3.772859e-02	1.563804e-03	
4026	3.773809e-02	1.563519e-03	
4027	3.774765e-02	1.563961e-03	
4028	3.775630e-02	1.563669e-03	
4029	3.776542e-02	1.564109e-03	
4030	3.777635e-02	1.563836e-03	
4031	3.778553e-02	1.564276e-03	
4032	3.779475e-02	1.563990e-03	
4033	3.780406e-02	1.564431e-03	
4034	3.781360e-02	1.564148e-03	
4035	3.782203e-02	1.564582e-03	
4036	3.783108e-02	1.564296e-03	
4037	3.784291e-02	1.564759e-03	
4038	3.785249e-02	1.564477e-03	
4039	3.786216e-02	1.564922e-03	
4040	3.787103e-02	1.564635e-03	
4041	3.788055e-02	1.565080e-03	
4042	3.788894e-02	1.564789e-03	
4043	3.789797e-02	1.565229e-03	
4044	3.790923e-02	1.564963e-03	
4045	3.791878e-02	1.565409e-03	
4046	3.792844e-02	1.565129e-03	
4047	3.793722e-02	1.565568e-03	
4048	3.794676e-02	1.565289e-03	
4049	3.795534e-02	1.565726e-03	
4050	3.796413e-02	1.565441e-03	
4051	3.797471e-02	1.565896e-03	
4052	3.798445e-02	1.565619e-03	
4053	3.799310e-02	1.566058e-03	
4054	3.800231e-02	1.565777e-03	
4055	3.801234e-02	1.566228e-03	
4056	3.802118e-02	1.565944e-03	

Index   time            v3#branch       
--------------------------------------------------------------------------------
4057	3.803005e-02	1.566385e-03	
4058	3.803959e-02	1.566108e-03	
4059	3.804912e-02	1.566555e-03	
4060	3.805753e-02	1.566268e-03	
4061	3.806657e-02	1.566711e-03	
4062	3.807831e-02	1.566455e-03	
4063	3.808796e-02	1.566904e-03	
4064	3.809768e-02	1.566630e-03	
4065	3.810650e-02	1.567071e-03	
4066	3.811608e-02	1.566796e-03	
4067	3.812445e-02	1.567234e-03	
4068	3.813350e-02	1.566955e-03	
4069	3.814466e-02	1.567419e-03	
4070	3.815415e-02	1.567144e-03	
4071	3.816376e-02	1.567594e-03	
4072	3.817255e-02	1.567313e-03	
4073	3.818205e-02	1.567762e-03	
4074	3.819071e-02	1.567480e-03	
4075	3.819942e-02	1.567922e-03	
4076	3.820990e-02	1.567658e-03	
4077	3.821975e-02	1.568111e-03	
4078	3.822837e-02	1.567830e-03	
4079	3.823760e-02	1.568277e-03	
4080	3.824782e-02	1.568011e-03	
4081	3.825668e-02	1.568455e-03	
4082	3.826555e-02	1.568177e-03	
4083	3.827501e-02	1.568627e-03	
4084	3.828446e-02	1.568356e-03	
4085	3.829288e-02	1.568796e-03	
4086	3.830187e-02	1.568520e-03	
4087	3.831344e-02	1.568990e-03	
4088	3.832316e-02	1.568722e-03	
4089	3.833193e-02	1.569166e-03	
4090	3.834123e-02	1.568894e-03	
4091	3.835097e-02	1.569348e-03	
4092	3.835934e-02	1.569067e-03	
4093	3.836833e-02	1.569514e-03	
4094	3.837897e-02	1.569256e-03	
4095	3.838843e-02	1.569707e-03	
4096	3.839804e-02	1.569440e-03	
4097	3.840675e-02	1.569884e-03	
4098	3.841631e-02	1.569616e-03	
4099	3.842521e-02	1.570063e-03	
4100	3.843409e-02	1.569789e-03	
4101	3.844391e-02	1.570245e-03	
4102	3.845374e-02	1.569980e-03	
4103	3.846222e-02	1.570424e-03	
4104	3.847139e-02	1.570153e-03	
4105	3.848387e-02	1.570636e-03	
4106	3.849319e-02	1.570367e-03	
4107	3.850256e-02	1.570820e-03	
4108	3.851200e-02	1.570553e-03	
4109	3.852137e-02	1.571005e-03	
4110	3.852996e-02	1.570731e-03	
4111	3.853899e-02	1.571180e-03	
4112	3.855190e-02	1.570949e-03	
4113	3.856164e-02	1.571405e-03	
4114	3.857142e-02	1.571143e-03	

Index   time            v3#branch       
--------------------------------------------------------------------------------
4115	3.858110e-02	1.571600e-03	
4116	3.859089e-02	1.571338e-03	
4117	3.859964e-02	1.571785e-03	
4118	3.860887e-02	1.571519e-03	
4119	3.861906e-02	1.571981e-03	
4120	3.862776e-02	1.571709e-03	
4121	3.863651e-02	1.572157e-03	
4122	3.864613e-02	1.571895e-03	
4123	3.865551e-02	1.572349e-03	
4124	3.866397e-02	1.572076e-03	
4125	3.867295e-02	1.572527e-03	
4126	3.868477e-02	1.572288e-03	
4127	3.869458e-02	1.572747e-03	
4128	3.870343e-02	1.572479e-03	
4129	3.871273e-02	1.572933e-03	
4130	3.872252e-02	1.572674e-03	
4131	3.873084e-02	1.573119e-03	
4132	3.873995e-02	1.572854e-03	
4133	3.875100e-02	1.573327e-03	
4134	3.876031e-02	1.573064e-03	
4135	3.876977e-02	1.573521e-03	
4136	3.877859e-02	1.573254e-03	
4137	3.878794e-02	1.573709e-03	
4138	3.879679e-02	1.573443e-03	
4139	3.880561e-02	1.573893e-03	
4140	3.881589e-02	1.573642e-03	
4141	3.882592e-02	1.574106e-03	
4142	3.883449e-02	1.573837e-03	
4143	3.884376e-02	1.574293e-03	
4144	3.885431e-02	1.574045e-03	
4145	3.886309e-02	1.574496e-03	
4146	3.887190e-02	1.574230e-03	
4147	3.888132e-02	1.574688e-03	
4148	3.889060e-02	1.574428e-03	
4149	3.889917e-02	1.574877e-03	
4150	3.890802e-02	1.574613e-03	
4151	3.891956e-02	1.575094e-03	
4152	3.892947e-02	1.574841e-03	
4153	3.893817e-02	1.575292e-03	
4154	3.894753e-02	1.575034e-03	
4155	3.895744e-02	1.575498e-03	
4156	3.896569e-02	1.575229e-03	
4157	3.897479e-02	1.575685e-03	
4158	3.898529e-02	1.575440e-03	
4159	3.899457e-02	1.575897e-03	
4160	3.900402e-02	1.575642e-03	
4161	3.901276e-02	1.576094e-03	
4162	3.902218e-02	1.575838e-03	
4163	3.903126e-02	1.576295e-03	
4164	3.904032e-02	1.576036e-03	
4165	3.904992e-02	1.576498e-03	
4166	3.905987e-02	1.576248e-03	
4167	3.906829e-02	1.576698e-03	
4168	3.907750e-02	1.576441e-03	
4169	3.908958e-02	1.576932e-03	
4170	3.909873e-02	1.576675e-03	
4171	3.910796e-02	1.577134e-03	
4172	3.911711e-02	1.576877e-03	

Index   time            v3#branch       
--------------------------------------------------------------------------------
4173	3.912627e-02	1.577336e-03	
4174	3.913488e-02	1.577073e-03	
4175	3.914370e-02	1.577529e-03	
4176	3.915534e-02	1.577301e-03	
4177	3.916533e-02	1.577769e-03	
4178	3.917401e-02	1.577509e-03	
4179	3.918340e-02	1.577971e-03	
4180	3.919337e-02	1.577725e-03	
4181	3.920160e-02	1.578175e-03	
4182	3.921075e-02	1.577921e-03	
4183	3.922140e-02	1.578398e-03	
4184	3.923058e-02	1.578144e-03	
4185	3.923995e-02	1.578608e-03	
4186	3.924873e-02	1.578350e-03	
4187	3.925801e-02	1.578812e-03	
4188	3.926710e-02	1.578559e-03	
4189	3.927617e-02	1.579019e-03	
4190	3.928589e-02	1.578773e-03	
4191	3.929592e-02	1.579245e-03	
4192	3.930437e-02	1.578985e-03	
4193	3.931362e-02	1.579449e-03	
4194	3.932605e-02	1.579235e-03	
4195	3.933510e-02	1.579697e-03	
4196	3.934433e-02	1.579447e-03	
4197	3.935372e-02	1.579913e-03	
4198	3.936285e-02	1.579662e-03	
4199	3.937228e-02	1.580130e-03	
4200	3.938083e-02	1.579873e-03	
4201	3.939406e-02	1.580385e-03	
4202	3.940412e-02	1.580147e-03	
4203	3.941421e-02	1.580623e-03	
4204	3.942395e-02	1.580382e-03	
4205	3.943397e-02	1.580858e-03	
4206	3.944277e-02	1.580606e-03	
4207	3.945210e-02	1.581075e-03	
4208	3.946230e-02	1.580840e-03	
4209	3.947062e-02	1.581297e-03	
4210	3.947965e-02	1.581049e-03	
4211	3.948951e-02	1.581526e-03	
4212	3.949870e-02	1.581281e-03	
4213	3.950812e-02	1.581754e-03	
4214	3.951673e-02	1.581502e-03	
4215	3.952844e-02	1.582004e-03	
4216	3.953822e-02	1.581768e-03	
4217	3.954802e-02	1.582247e-03	
4218	3.955757e-02	1.582009e-03	
4219	3.956761e-02	1.582493e-03	
4220	3.957623e-02	1.582244e-03	
4221	3.958553e-02	1.582720e-03	
4222	3.959625e-02	1.582499e-03	
4223	3.960480e-02	1.582967e-03	
4224	3.961376e-02	1.582724e-03	
4225	3.962313e-02	1.583204e-03	
4226	3.963218e-02	1.582965e-03	
4227	3.964092e-02	1.583438e-03	
4228	3.964965e-02	1.583196e-03	
4229	3.966144e-02	1.583712e-03	
4230	3.967160e-02	1.583491e-03	

Index   time            v3#branch       
--------------------------------------------------------------------------------
4231	3.968032e-02	1.583968e-03	
4232	3.968973e-02	1.583739e-03	
4233	3.969984e-02	1.584239e-03	
4234	3.970811e-02	1.583996e-03	
4235	3.971732e-02	1.584486e-03	
4236	3.972829e-02	1.584285e-03	
4237	3.973728e-02	1.584776e-03	
4238	3.974643e-02	1.584552e-03	
4239	3.975532e-02	1.585046e-03	
4240	3.976436e-02	1.584824e-03	
4241	3.977350e-02	1.585327e-03	
4242	3.978260e-02	1.585110e-03	
4243	3.979259e-02	1.585634e-03	
4244	3.980285e-02	1.585443e-03	
4245	3.981135e-02	1.585952e-03	
4246	3.982070e-02	1.585754e-03	
4247	3.983176e-02	1.586319e-03	
4248	3.984032e-02	1.586118e-03	
4249	3.984935e-02	1.586662e-03	
4250	3.985860e-02	1.586487e-03	
4251	3.986752e-02	1.587049e-03	
4252	3.987636e-02	1.586885e-03	
4253	3.988515e-02	1.587471e-03	
4254	3.989683e-02	1.587414e-03	
4255	3.990710e-02	1.588095e-03	
4256	3.991575e-02	1.588009e-03	
4257	3.992521e-02	1.588748e-03	
4258	3.993544e-02	1.588823e-03	
4259	3.994371e-02	1.589656e-03	
4260	3.995297e-02	1.589876e-03	
4261	3.996385e-02	1.591248e-03	
4262	3.997270e-02	1.591953e-03	
4263	3.998173e-02	1.594120e-03	
4264	3.999060e-02	1.596253e-03	
4265	3.999969e-02	1.601209e-03	
4266	4.000897e-02	1.607341e-03	
4267	4.001820e-02	1.616826e-03	
4268	4.002810e-02	1.626921e-03	
4269	4.003846e-02	1.639891e-03	
4270	4.004696e-02	1.649531e-03	
4271	4.005636e-02	1.662152e-03	
4272	4.006750e-02	1.675795e-03	
4273	4.007587e-02	1.687793e-03	
4274	4.008502e-02	1.699649e-03	
4275	4.009425e-02	1.713829e-03	
4276	4.010302e-02	1.726469e-03	
4277	4.011196e-02	1.741995e-03	
4278	4.012084e-02	1.757283e-03	
4279	4.013256e-02	1.782287e-03	
4280	4.014293e-02	1.807382e-03	
4281	4.015170e-02	1.834264e-03	
4282	4.016111e-02	1.868564e-03	
4283	4.017139e-02	1.917523e-03	
4284	4.017962e-02	1.967475e-03	
4285	4.018888e-02	2.039528e-03	
4286	4.020012e-02	2.158336e-03	
4287	4.020892e-02	2.281548e-03	
4288	4.021786e-02	2.444834e-03	

Index   time            v3#branch       
--------------------------------------------------------------------------------
4289	4.022698e-02	2.655688e-03	
4290	4.023585e-02	2.917757e-03	
4291	4.024502e-02	3.250102e-03	
4292	4.025414e-02	3.656243e-03	
4293	4.026419e-02	4.190089e-03	
4294	4.027450e-02	4.841497e-03	
4295	4.028310e-02	5.460256e-03	
4296	4.029251e-02	6.217054e-03	
4297	4.030332e-02	7.178506e-03	
4298	4.031174e-02	7.992789e-03	
4299	4.032067e-02	8.910798e-03	
4300	4.033006e-02	9.931213e-03	
4301	4.033902e-02	1.095316e-02	
4302	4.034779e-02	1.199339e-02	
4303	4.035660e-02	1.307581e-02	
4304	4.036848e-02	1.458631e-02	
4305	4.037866e-02	1.592297e-02	
4306	4.038743e-02	1.710472e-02	
4307	4.039620e-02	1.831999e-02	
4308	4.040745e-02	1.987453e-02	
4309	4.041636e-02	2.111439e-02	
4310	4.042591e-02	2.246048e-02	
4311	4.043739e-02	2.409790e-02	
4312	4.044635e-02	2.538827e-02	
4313	4.045539e-02	2.670151e-02	
4314	4.046417e-02	2.798680e-02	
4315	4.047313e-02	2.930848e-02	
4316	4.048208e-02	3.063621e-02	
4317	4.049100e-02	3.196687e-02	
4318	4.050196e-02	3.361316e-02	
4319	4.051222e-02	3.516191e-02	
4320	4.052042e-02	3.640214e-02	
4321	4.052964e-02	3.779549e-02	
4322	4.054004e-02	3.935255e-02	
4323	4.054887e-02	4.063777e-02	
4324	4.055851e-02	4.195254e-02	
4325	4.056962e-02	4.325672e-02	
4326	4.057718e-02	4.397542e-02	
4327	4.058531e-02	4.460569e-02	
4328	4.059269e-02	4.506537e-02	
4329	4.060407e-02	4.562210e-02	
4330	4.061686e-02	4.608199e-02	
4331	4.062940e-02	4.642532e-02	
4332	4.064124e-02	4.666361e-02	
4333	4.065126e-02	4.682544e-02	
4334	4.066091e-02	4.694789e-02	
4335	4.067013e-02	4.704740e-02	
4336	4.067919e-02	4.712349e-02	
4337	4.069064e-02	4.720501e-02	
4338	4.070177e-02	4.726293e-02	
4339	4.071269e-02	4.731135e-02	
4340	4.072066e-02	4.733668e-02	
4341	4.072841e-02	4.736111e-02	
4342	4.073861e-02	4.738354e-02	
4343	4.074736e-02	4.740237e-02	
4344	4.075695e-02	4.741592e-02	
4345	4.076672e-02	4.743036e-02	
4346	4.077358e-02	4.743616e-02	

Index   time            v3#branch       
--------------------------------------------------------------------------------
4347	4.078018e-02	4.744402e-02	
4348	4.078870e-02	4.744929e-02	
4349	4.079735e-02	4.745652e-02	
4350	4.080725e-02	4.745989e-02	
4351	4.081565e-02	4.746432e-02	
4352	4.082470e-02	4.746471e-02	
4353	4.083270e-02	4.746775e-02	
4354	4.084069e-02	4.746792e-02	
4355	4.084998e-02	4.747091e-02	
4356	4.085849e-02	4.747139e-02	
4357	4.086753e-02	4.747414e-02	
4358	4.087621e-02	4.747484e-02	
4359	4.088447e-02	4.747724e-02	
4360	4.089337e-02	4.747815e-02	
4361	4.090204e-02	4.748045e-02	
4362	4.091090e-02	4.748149e-02	
4363	4.092011e-02	4.748373e-02	
4364	4.092883e-02	4.748487e-02	
4365	4.093733e-02	4.748684e-02	
4366	4.094637e-02	4.748815e-02	
4367	4.095526e-02	4.749006e-02	
4368	4.096344e-02	4.749131e-02	
4369	4.097197e-02	4.749304e-02	
4370	4.098149e-02	4.749461e-02	
4371	4.099010e-02	4.749628e-02	
4372	4.099792e-02	4.749761e-02	
4373	4.100634e-02	4.749916e-02	
4374	4.101573e-02	4.750083e-02	
4375	4.102422e-02	4.750234e-02	
4376	4.103253e-02	4.750385e-02	
4377	4.104130e-02	4.750537e-02	
4378	4.104964e-02	4.750692e-02	
4379	4.105832e-02	4.750838e-02	
4380	4.106727e-02	4.751006e-02	
4381	4.107553e-02	4.751143e-02	
4382	4.108370e-02	4.751298e-02	
4383	4.109247e-02	4.751442e-02	
4384	4.110111e-02	4.751606e-02	
4385	4.111008e-02	4.751753e-02	
4386	4.111950e-02	4.751931e-02	
4387	4.112809e-02	4.752070e-02	
4388	4.113680e-02	4.752235e-02	
4389	4.114554e-02	4.752377e-02	
4390	4.115452e-02	4.752546e-02	
4391	4.116354e-02	4.752693e-02	
4392	4.117177e-02	4.752848e-02	
4393	4.118036e-02	4.752988e-02	
4394	4.118898e-02	4.753148e-02	
4395	4.119692e-02	4.753277e-02	
4396	4.120513e-02	4.753429e-02	
4397	4.121450e-02	4.753584e-02	
4398	4.122303e-02	4.753740e-02	
4399	4.123114e-02	4.753873e-02	
4400	4.123983e-02	4.754031e-02	
4401	4.124832e-02	4.754172e-02	
4402	4.125681e-02	4.754324e-02	
4403	4.126477e-02	4.754456e-02	
4404	4.127320e-02	4.754606e-02	

Index   time            v3#branch       
--------------------------------------------------------------------------------
4405	4.128161e-02	4.754747e-02	
4406	4.129003e-02	4.754896e-02	
4407	4.129921e-02	4.755050e-02	
4408	4.130756e-02	4.755196e-02	
4409	4.131581e-02	4.755335e-02	
4410	4.132444e-02	4.755485e-02	
4411	4.133329e-02	4.755635e-02	
4412	4.134162e-02	4.755778e-02	
4413	4.134980e-02	4.755917e-02	
4414	4.135857e-02	4.756067e-02	
4415	4.136722e-02	4.756213e-02	
4416	4.137615e-02	4.756366e-02	
4417	4.138558e-02	4.756525e-02	
4418	4.139414e-02	4.756671e-02	
4419	4.140287e-02	4.756817e-02	
4420	4.141162e-02	4.756966e-02	
4421	4.142062e-02	4.757117e-02	
4422	4.142962e-02	4.757269e-02	
4423	4.143786e-02	4.757406e-02	
4424	4.144647e-02	4.757553e-02	
4425	4.145510e-02	4.757695e-02	
4426	4.146305e-02	4.757831e-02	
4427	4.147130e-02	4.757966e-02	
4428	4.148067e-02	4.758125e-02	
4429	4.148920e-02	4.758264e-02	
4430	4.149728e-02	4.758402e-02	
4431	4.150596e-02	4.758543e-02	
4432	4.151446e-02	4.758688e-02	
4433	4.152297e-02	4.758824e-02	
4434	4.153096e-02	4.758961e-02	
4435	4.153941e-02	4.759096e-02	
4436	4.154779e-02	4.759239e-02	
4437	4.155624e-02	4.759372e-02	
4438	4.156540e-02	4.759530e-02	
4439	4.157376e-02	4.759660e-02	
4440	4.158202e-02	4.759803e-02	
4441	4.159065e-02	4.759936e-02	
4442	4.159949e-02	4.760089e-02	
4443	4.160785e-02	4.760216e-02	
4444	4.161605e-02	4.760359e-02	
4445	4.162484e-02	4.760492e-02	
4446	4.163348e-02	4.760642e-02	
4447	4.164241e-02	4.760776e-02	
4448	4.165178e-02	4.760939e-02	
4449	4.166039e-02	4.761066e-02	
4450	4.166908e-02	4.761219e-02	
4451	4.167788e-02	4.761348e-02	
4452	4.168689e-02	4.761506e-02	
4453	4.169592e-02	4.761637e-02	
4454	4.170414e-02	4.761782e-02	
4455	4.171270e-02	4.761904e-02	
4456	4.172128e-02	4.762056e-02	
4457	4.172921e-02	4.762167e-02	
4458	4.173747e-02	4.762315e-02	
4459	4.174686e-02	4.762447e-02	
4460	4.175542e-02	4.762600e-02	
4461	4.176351e-02	4.762710e-02	
4462	4.177219e-02	4.762865e-02	

Index   time            v3#branch       
--------------------------------------------------------------------------------
4463	4.178065e-02	4.762980e-02	
4464	4.178911e-02	4.763132e-02	
4465	4.179712e-02	4.763238e-02	
4466	4.180556e-02	4.763390e-02	
4467	4.181398e-02	4.763501e-02	
4468	4.182242e-02	4.763654e-02	
4469	4.183159e-02	4.763776e-02	
4470	4.183993e-02	4.763927e-02	
4471	4.184815e-02	4.764032e-02	
4472	4.185679e-02	4.764189e-02	
4473	4.186561e-02	4.764302e-02	
4474	4.187400e-02	4.764455e-02	
4475	4.188222e-02	4.764558e-02	
4476	4.189101e-02	4.764718e-02	
4477	4.189966e-02	4.764826e-02	
4478	4.190857e-02	4.764987e-02	
4479	4.191798e-02	4.765106e-02	
4480	4.192657e-02	4.765263e-02	
4481	4.193526e-02	4.765368e-02	
4482	4.194408e-02	4.765529e-02	
4483	4.195304e-02	4.765638e-02	
4484	4.196210e-02	4.765803e-02	
4485	4.197031e-02	4.765898e-02	
4486	4.197890e-02	4.766056e-02	
4487	4.198750e-02	4.766157e-02	
4488	4.199543e-02	4.766305e-02	
4489	4.200373e-02	4.766400e-02	
4490	4.201313e-02	4.766570e-02	
4491	4.202166e-02	4.766667e-02	
4492	4.202972e-02	4.766818e-02	
4493	4.203840e-02	4.766915e-02	
4494	4.204688e-02	4.767073e-02	
4495	4.205536e-02	4.767166e-02	
4496	4.206341e-02	4.767317e-02	
4497	4.207188e-02	4.767409e-02	
4498	4.208025e-02	4.767565e-02	
4499	4.208873e-02	4.767656e-02	
4500	4.209785e-02	4.767823e-02	
4501	4.210623e-02	4.767911e-02	
4502	4.211446e-02	4.768066e-02	
4503	4.212313e-02	4.768157e-02	
4504	4.213193e-02	4.768320e-02	
4505	4.214037e-02	4.768406e-02	
4506	4.214864e-02	4.768562e-02	
4507	4.215745e-02	4.768652e-02	
4508	4.216607e-02	4.768813e-02	
4509	4.217502e-02	4.768903e-02	
4510	4.218435e-02	4.769075e-02	
4511	4.219302e-02	4.769160e-02	
4512	4.220164e-02	4.769321e-02	
4513	4.221056e-02	4.769409e-02	
4514	4.221948e-02	4.769575e-02	
4515	4.222764e-02	4.769650e-02	
4516	4.223610e-02	4.769809e-02	
4517	4.224554e-02	4.769902e-02	
4518	4.225419e-02	4.770064e-02	
4519	4.226208e-02	4.770133e-02	
4520	4.227052e-02	4.770292e-02	

Index   time            v3#branch       
--------------------------------------------------------------------------------
4521	4.227995e-02	4.770382e-02	
4522	4.228845e-02	4.770542e-02	
4523	4.229663e-02	4.770613e-02	
4524	4.230533e-02	4.770776e-02	
4525	4.231372e-02	4.770848e-02	
4526	4.232231e-02	4.771010e-02	
4527	4.233136e-02	4.771090e-02	
4528	4.233961e-02	4.771247e-02	
4529	4.234776e-02	4.771314e-02	
4530	4.235649e-02	4.771478e-02	
4531	4.236518e-02	4.771550e-02	
4532	4.237397e-02	4.771715e-02	
4533	4.238242e-02	4.771783e-02	
4534	4.239131e-02	4.771949e-02	
4535	4.239990e-02	4.772018e-02	
4536	4.240874e-02	4.772183e-02	
4537	4.241795e-02	4.772259e-02	
4538	4.242674e-02	4.772424e-02	
4539	4.243520e-02	4.772488e-02	
4540	4.244458e-02	4.772661e-02	
4541	4.245334e-02	4.772727e-02	
4542	4.246135e-02	4.772882e-02	
4543	4.246968e-02	4.772942e-02	
4544	4.247906e-02	4.773115e-02	
4545	4.248763e-02	4.773176e-02	
4546	4.249569e-02	4.773332e-02	
4547	4.250436e-02	4.773394e-02	
4548	4.251281e-02	4.773554e-02	
4549	4.252125e-02	4.773612e-02	
4550	4.252930e-02	4.773768e-02	
4551	4.253777e-02	4.773824e-02	
4552	4.254619e-02	4.773985e-02	
4553	4.255463e-02	4.774039e-02	
4554	4.256380e-02	4.774210e-02	
4555	4.257211e-02	4.774261e-02	
4556	4.258031e-02	4.774419e-02	
4557	4.258897e-02	4.774474e-02	
4558	4.259778e-02	4.774640e-02	
4559	4.260621e-02	4.774690e-02	
4560	4.261446e-02	4.774849e-02	
4561	4.262325e-02	4.774903e-02	
4562	4.263190e-02	4.775067e-02	
4563	4.264079e-02	4.775120e-02	
4564	4.265020e-02	4.775294e-02	
4565	4.265880e-02	4.775342e-02	
4566	4.266748e-02	4.775506e-02	
4567	4.267635e-02	4.775557e-02	
4568	4.268527e-02	4.775724e-02	
4569	4.269346e-02	4.775765e-02	
4570	4.270184e-02	4.775926e-02	
4571	4.271127e-02	4.775980e-02	
4572	4.271998e-02	4.776145e-02	
4573	4.272791e-02	4.776180e-02	
4574	4.273635e-02	4.776341e-02	
4575	4.274576e-02	4.776393e-02	
4576	4.275424e-02	4.776555e-02	
4577	4.276234e-02	4.776589e-02	
4578	4.277101e-02	4.776753e-02	

Index   time            v3#branch       
--------------------------------------------------------------------------------
4579	4.277949e-02	4.776791e-02	
4580	4.278799e-02	4.776953e-02	
4581	4.279616e-02	4.776986e-02	
4582	4.280470e-02	4.777149e-02	
4583	4.281296e-02	4.777182e-02	
4584	4.282160e-02	4.777345e-02	
4585	4.283054e-02	4.777384e-02	
4586	4.283907e-02	4.777547e-02	
4587	4.284731e-02	4.777577e-02	
4588	4.285610e-02	4.777742e-02	
4589	4.286478e-02	4.777776e-02	
4590	4.287344e-02	4.777939e-02	
4591	4.288191e-02	4.777969e-02	
4592	4.289081e-02	4.778135e-02	
4593	4.289934e-02	4.778165e-02	
4594	4.290848e-02	4.778333e-02	
4595	4.291750e-02	4.778367e-02	
4596	4.292649e-02	4.778534e-02	
4597	4.293485e-02	4.778559e-02	
4598	4.294420e-02	4.778730e-02	
4599	4.295296e-02	4.778757e-02	
4600	4.296106e-02	4.778914e-02	
4601	4.296965e-02	4.778939e-02	
4602	4.297810e-02	4.779100e-02	
4603	4.298656e-02	4.779122e-02	
4604	4.299443e-02	4.779276e-02	
4605	4.300289e-02	4.779297e-02	
4606	4.301145e-02	4.779459e-02	
4607	4.302003e-02	4.779479e-02	
4608	4.302817e-02	4.779637e-02	
4609	4.303679e-02	4.779657e-02	
4610	4.304514e-02	4.779816e-02	
4611	4.305364e-02	4.779833e-02	
4612	4.306175e-02	4.779990e-02	
4613	4.307025e-02	4.780006e-02	
4614	4.307873e-02	4.780167e-02	
4615	4.308719e-02	4.780181e-02	
4616	4.309632e-02	4.780348e-02	
4617	4.310467e-02	4.780360e-02	
4618	4.311277e-02	4.780516e-02	
4619	4.312151e-02	4.780531e-02	
4620	4.313024e-02	4.780694e-02	
4621	4.313879e-02	4.780705e-02	
4622	4.314714e-02	4.780864e-02	
4623	4.315595e-02	4.780876e-02	
4624	4.316459e-02	4.781038e-02	
4625	4.317352e-02	4.781050e-02	
4626	4.318292e-02	4.781219e-02	
4627	4.319158e-02	4.781228e-02	
4628	4.320018e-02	4.781388e-02	
4629	4.320919e-02	4.781399e-02	
4630	4.321794e-02	4.781561e-02	
4631	4.322603e-02	4.781561e-02	
4632	4.323444e-02	4.781720e-02	
4633	4.324390e-02	4.781732e-02	
4634	4.325264e-02	4.781893e-02	
4635	4.326059e-02	4.781890e-02	
4636	4.326911e-02	4.782049e-02	

Index   time            v3#branch       
--------------------------------------------------------------------------------
4637	4.327747e-02	4.782048e-02	
4638	4.328585e-02	4.782206e-02	
4639	4.329388e-02	4.782201e-02	
4640	4.330244e-02	4.782360e-02	
4641	4.331104e-02	4.782359e-02	
4642	4.331965e-02	4.782519e-02	
4643	4.332773e-02	4.782511e-02	
4644	4.333626e-02	4.782670e-02	
4645	4.334453e-02	4.782663e-02	
4646	4.335307e-02	4.782822e-02	
4647	4.336217e-02	4.782821e-02	
4648	4.337050e-02	4.782978e-02	
4649	4.337887e-02	4.782969e-02	
4650	4.338745e-02	4.783128e-02	
4651	4.339631e-02	4.783122e-02	
4652	4.340475e-02	4.783279e-02	
4653	4.341295e-02	4.783267e-02	
4654	4.342179e-02	4.783427e-02	
4655	4.343040e-02	4.783417e-02	
4656	4.343930e-02	4.783578e-02	
4657	4.344850e-02	4.783571e-02	
4658	4.345719e-02	4.783730e-02	
4659	4.346580e-02	4.783717e-02	
4660	4.347477e-02	4.783878e-02	
4661	4.348388e-02	4.783868e-02	
4662	4.349292e-02	4.784029e-02	
4663	4.350114e-02	4.784010e-02	
4664	4.350952e-02	4.784165e-02	
4665	4.351792e-02	4.784147e-02	
4666	4.352581e-02	4.784298e-02	
4667	4.353412e-02	4.784277e-02	
4668	4.354358e-02	4.784441e-02	
4669	4.355230e-02	4.784422e-02	
4670	4.356039e-02	4.784575e-02	
4671	4.356905e-02	4.784554e-02	
4672	4.357733e-02	4.784708e-02	
4673	4.358587e-02	4.784685e-02	
4674	4.359401e-02	4.784838e-02	
4675	4.360252e-02	4.784814e-02	
4676	4.361108e-02	4.784969e-02	
4677	4.361964e-02	4.784944e-02	
4678	4.362877e-02	4.785104e-02	
4679	4.363713e-02	4.785076e-02	
4680	4.364515e-02	4.785227e-02	
4681	4.365396e-02	4.785201e-02	
4682	4.366263e-02	4.785356e-02	
4683	4.367127e-02	4.785328e-02	
4684	4.368062e-02	4.785488e-02	
4685	4.368907e-02	4.785457e-02	
4686	4.369790e-02	4.785613e-02	
4687	4.370671e-02	4.785584e-02	
4688	4.371607e-02	4.785743e-02	
4689	4.372482e-02	4.785711e-02	
4690	4.373325e-02	4.785864e-02	
4691	4.374251e-02	4.785835e-02	
4692	4.375102e-02	4.785987e-02	
4693	4.375896e-02	4.785948e-02	
4694	4.376745e-02	4.786100e-02	

Index   time            v3#branch       
--------------------------------------------------------------------------------
4695	4.377698e-02	4.786070e-02	
4696	4.378575e-02	4.786224e-02	
4697	4.379377e-02	4.786182e-02	
4698	4.380240e-02	4.786335e-02	
4699	4.381059e-02	4.786293e-02	
4700	4.381920e-02	4.786445e-02	
4701	4.382826e-02	4.786408e-02	
4702	4.383662e-02	4.786558e-02	
4703	4.384507e-02	4.786516e-02	
4704	4.385363e-02	4.786667e-02	
4705	4.386250e-02	4.786626e-02	
4706	4.387097e-02	4.786776e-02	
4707	4.387919e-02	4.786730e-02	
4708	4.388805e-02	4.786882e-02	
4709	4.389664e-02	4.786837e-02	
4710	4.390557e-02	4.786989e-02	
4711	4.391463e-02	4.786946e-02	
4712	4.392341e-02	4.787097e-02	
4713	4.393196e-02	4.787049e-02	
4714	4.394103e-02	4.787201e-02	
4715	4.395018e-02	4.787155e-02	
4716	4.395926e-02	4.787307e-02	
4717	4.396745e-02	4.787255e-02	
4718	4.397571e-02	4.787401e-02	
4719	4.398398e-02	4.787348e-02	
4720	4.399184e-02	4.787492e-02	
4721	4.400015e-02	4.787438e-02	
4722	4.400965e-02	4.787591e-02	
4723	4.401844e-02	4.787538e-02	
4724	4.402655e-02	4.787683e-02	
4725	4.403523e-02	4.787628e-02	
4726	4.404340e-02	4.787773e-02	
4727	4.405200e-02	4.787717e-02	
4728	4.406111e-02	4.787866e-02	
4729	4.406933e-02	4.787807e-02	
4730	4.407783e-02	4.787953e-02	
4731	4.408630e-02	4.787893e-02	
4732	4.409523e-02	4.788041e-02	
4733	4.410371e-02	4.787980e-02	
4734	4.411185e-02	4.788124e-02	
4735	4.412071e-02	4.788064e-02	
4736	4.412933e-02	4.788209e-02	
4737	4.413811e-02	4.788147e-02	
4738	4.414720e-02	4.788294e-02	
4739	4.415588e-02	4.788231e-02	
4740	4.416451e-02	4.788375e-02	
4741	4.417355e-02	4.788312e-02	
4742	4.418282e-02	4.788459e-02	
4743	4.419177e-02	4.788395e-02	
4744	4.420005e-02	4.788537e-02	
4745	4.420833e-02	4.788468e-02	
4746	4.421665e-02	4.788610e-02	
4747	4.422455e-02	4.788538e-02	
4748	4.423289e-02	4.788679e-02	
4749	4.424242e-02	4.788613e-02	
4750	4.425129e-02	4.788757e-02	
4751	4.425935e-02	4.788683e-02	
4752	4.426795e-02	4.788825e-02	

Index   time            v3#branch       
--------------------------------------------------------------------------------
4753	4.427609e-02	4.788751e-02	
4754	4.428464e-02	4.788892e-02	
4755	4.429283e-02	4.788817e-02	
4756	4.430140e-02	4.788958e-02	
4757	4.431012e-02	4.788883e-02	
4758	4.431883e-02	4.789024e-02	
4759	4.432802e-02	4.788950e-02	
4760	4.433631e-02	4.789089e-02	
4761	4.434428e-02	4.789010e-02	
4762	4.435311e-02	4.789150e-02	
4763	4.436174e-02	4.789072e-02	
4764	4.437051e-02	4.789211e-02	
4765	4.437968e-02	4.789134e-02	
4766	4.438825e-02	4.789272e-02	
4767	4.439701e-02	4.789192e-02	
4768	4.440581e-02	4.789331e-02	
4769	4.441527e-02	4.789251e-02	
4770	4.442399e-02	4.789389e-02	
4771	4.443242e-02	4.789305e-02	
4772	4.444077e-02	4.789442e-02	
4773	4.444915e-02	4.789357e-02	
4774	4.445714e-02	4.789492e-02	
4775	4.446531e-02	4.789405e-02	
4776	4.447476e-02	4.789543e-02	
4777	4.448371e-02	4.789457e-02	
4778	4.449182e-02	4.789592e-02	
4779	4.450041e-02	4.789504e-02	
4780	4.450857e-02	4.789638e-02	
4781	4.451703e-02	4.789548e-02	
4782	4.452495e-02	4.789681e-02	
4783	4.453342e-02	4.789590e-02	
4784	4.454300e-02	4.789727e-02	
4785	4.455184e-02	4.789636e-02	
4786	4.456009e-02	4.789769e-02	
4787	4.456883e-02	4.789677e-02	
4788	4.457692e-02	4.789809e-02	
4789	4.458576e-02	4.789715e-02	
4790	4.459456e-02	4.789849e-02	
4791	4.460314e-02	4.789753e-02	
4792	4.461256e-02	4.789887e-02	
4793	4.462107e-02	4.789791e-02	
4794	4.462994e-02	4.789923e-02	
4795	4.463869e-02	4.789826e-02	
4796	4.464826e-02	4.789959e-02	
4797	4.465690e-02	4.789860e-02	
4798	4.466537e-02	4.789991e-02	
4799	4.467462e-02	4.789891e-02	
4800	4.468294e-02	4.790021e-02	
4801	4.469084e-02	4.789919e-02	
4802	4.469923e-02	4.790048e-02	
4803	4.470875e-02	4.789947e-02	
4804	4.471770e-02	4.790077e-02	
4805	4.472582e-02	4.789973e-02	
4806	4.473448e-02	4.790101e-02	
4807	4.474258e-02	4.789996e-02	
4808	4.475123e-02	4.790124e-02	
4809	4.476027e-02	4.790019e-02	
4810	4.476861e-02	4.790146e-02	

Index   time            v3#branch       
--------------------------------------------------------------------------------
4811	4.477726e-02	4.790039e-02	
4812	4.478586e-02	4.790166e-02	
4813	4.479477e-02	4.790058e-02	
4814	4.480328e-02	4.790185e-02	
4815	4.481146e-02	4.790075e-02	
4816	4.482038e-02	4.790201e-02	
4817	4.482892e-02	4.790090e-02	
4818	4.483788e-02	4.790216e-02	
4819	4.484669e-02	4.790105e-02	
4820	4.485562e-02	4.790230e-02	
4821	4.486409e-02	4.790117e-02	
4822	4.487330e-02	4.790242e-02	
4823	4.488259e-02	4.790128e-02	
4824	4.489167e-02	4.790252e-02	
4825	4.489989e-02	4.790136e-02	
4826	4.490792e-02	4.790259e-02	
4827	4.491630e-02	4.790143e-02	
4828	4.492415e-02	4.790265e-02	
4829	4.493256e-02	4.790148e-02	
4830	4.494207e-02	4.790270e-02	
4831	4.495104e-02	4.790151e-02	
4832	4.495921e-02	4.790273e-02	
4833	4.496793e-02	4.790153e-02	
4834	4.497602e-02	4.790274e-02	
4835	4.498475e-02	4.790153e-02	
4836	4.499370e-02	4.790274e-02	
4837	4.500212e-02	4.790151e-02	
4838	4.501078e-02	4.790271e-02	
4839	4.501939e-02	4.790148e-02	
4840	4.502822e-02	4.790267e-02	
4841	4.503685e-02	4.790143e-02	
4842	4.504516e-02	4.790262e-02	
4843	4.505413e-02	4.790136e-02	
4844	4.506261e-02	4.790254e-02	
4845	4.507168e-02	4.790127e-02	
4846	4.508031e-02	4.790245e-02	
4847	4.508945e-02	4.790117e-02	
4848	4.509776e-02	4.790234e-02	
4849	4.510725e-02	4.790105e-02	
4850	4.511644e-02	4.790221e-02	
4851	4.512464e-02	4.790091e-02	
4852	4.513322e-02	4.790207e-02	
4853	4.514125e-02	4.790076e-02	
4854	4.514975e-02	4.790191e-02	
4855	4.515772e-02	4.790060e-02	
4856	4.516622e-02	4.790175e-02	
4857	4.517581e-02	4.790040e-02	
4858	4.518478e-02	4.790154e-02	
4859	4.519304e-02	4.790019e-02	
4860	4.520179e-02	4.790133e-02	
4861	4.520986e-02	4.789998e-02	
4862	4.521873e-02	4.790110e-02	
4863	4.522750e-02	4.789973e-02	
4864	4.523616e-02	4.790086e-02	
4865	4.524562e-02	4.789946e-02	
4866	4.525425e-02	4.790058e-02	
4867	4.526307e-02	4.789919e-02	
4868	4.527189e-02	4.790030e-02	

Index   time            v3#branch       
--------------------------------------------------------------------------------
4869	4.528151e-02	4.789888e-02	
4870	4.529019e-02	4.789998e-02	
4871	4.529860e-02	4.789857e-02	
4872	4.530672e-02	4.789968e-02	
4873	4.531494e-02	4.789826e-02	
4874	4.532289e-02	4.789937e-02	
4875	4.533105e-02	4.789794e-02	
4876	4.534054e-02	4.789901e-02	
4877	4.534965e-02	4.789755e-02	
4878	4.535782e-02	4.789865e-02	
4879	4.536642e-02	4.789719e-02	
4880	4.537445e-02	4.789828e-02	
4881	4.538298e-02	4.789681e-02	
4882	4.539099e-02	4.789790e-02	
4883	4.539951e-02	4.789642e-02	
4884	4.540914e-02	4.789746e-02	
4885	4.541813e-02	4.789596e-02	
4886	4.542645e-02	4.789703e-02	
4887	4.543522e-02	4.789552e-02	
4888	4.544333e-02	4.789659e-02	
4889	4.545224e-02	4.789507e-02	
4890	4.546094e-02	4.789611e-02	
4891	4.546970e-02	4.789459e-02	
4892	4.547897e-02	4.789561e-02	
4893	4.548761e-02	4.789407e-02	
4894	4.549633e-02	4.789510e-02	
4895	4.550523e-02	4.789355e-02	
4896	4.551482e-02	4.789455e-02	
4897	4.552358e-02	4.789299e-02	
4898	4.553194e-02	4.789402e-02	
4899	4.553996e-02	4.789247e-02	
4900	4.554824e-02	4.789349e-02	
4901	4.555617e-02	4.789194e-02	
4902	4.556439e-02	4.789296e-02	
4903	4.557387e-02	4.789135e-02	
4904	4.558302e-02	4.789233e-02	
4905	4.559123e-02	4.789075e-02	
4906	4.559987e-02	4.789174e-02	
4907	4.560794e-02	4.789015e-02	
4908	4.561652e-02	4.789115e-02	
4909	4.562467e-02	4.788954e-02	
4910	4.563321e-02	4.789053e-02	
4911	4.564295e-02	4.788886e-02	
4912	4.565194e-02	4.788982e-02	
4913	4.566131e-02	4.788816e-02	
4914	4.566975e-02	4.788913e-02	
4915	4.567787e-02	4.788750e-02	
4916	4.568686e-02	4.788845e-02	
4917	4.569529e-02	4.788680e-02	
4918	4.570438e-02	4.788774e-02	
4919	4.571293e-02	4.788607e-02	
4920	4.572209e-02	4.788700e-02	
4921	4.573042e-02	4.788533e-02	
4922	4.573989e-02	4.788624e-02	
4923	4.574924e-02	4.788451e-02	
4924	4.575750e-02	4.788547e-02	
4925	4.576608e-02	4.788377e-02	
4926	4.577412e-02	4.788472e-02	

Index   time            v3#branch       
--------------------------------------------------------------------------------
4927	4.578262e-02	4.788302e-02	
4928	4.579059e-02	4.788397e-02	
4929	4.579910e-02	4.788225e-02	
4930	4.580871e-02	4.788313e-02	
4931	4.581780e-02	4.788137e-02	
4932	4.582610e-02	4.788230e-02	
4933	4.583487e-02	4.788055e-02	
4934	4.584292e-02	4.788148e-02	
4935	4.585183e-02	4.787972e-02	
4936	4.586055e-02	4.788061e-02	
4937	4.586929e-02	4.787884e-02	
4938	4.587877e-02	4.787969e-02	
4939	4.588753e-02	4.787791e-02	
4940	4.589631e-02	4.787879e-02	
4941	4.590519e-02	4.787699e-02	
4942	4.591486e-02	4.787781e-02	
4943	4.592359e-02	4.787602e-02	
4944	4.593198e-02	4.787690e-02	
4945	4.593989e-02	4.787513e-02	
4946	4.594826e-02	4.787601e-02	
4947	4.595618e-02	4.787424e-02	
4948	4.596444e-02	4.787512e-02	
4949	4.597391e-02	4.787325e-02	
4950	4.598311e-02	4.787407e-02	
4951	4.599138e-02	4.787226e-02	
4952	4.600006e-02	4.787310e-02	
4953	4.600817e-02	4.787129e-02	
4954	4.601681e-02	4.787213e-02	
4955	4.602588e-02	4.787025e-02	
4956	4.603414e-02	4.787110e-02	
4957	4.604306e-02	4.786922e-02	
4958	4.605192e-02	4.787004e-02	
4959	4.606088e-02	4.786814e-02	
4960	4.606950e-02	4.786896e-02	
4961	4.607769e-02	4.786711e-02	
4962	4.608671e-02	4.786790e-02	
4963	4.609517e-02	4.786602e-02	
4964	4.610423e-02	4.786680e-02	
4965	4.611286e-02	4.786489e-02	
4966	4.612198e-02	4.786566e-02	
4967	4.613031e-02	4.786377e-02	
4968	4.613980e-02	4.786451e-02	
4969	4.614921e-02	4.786254e-02	
4970	4.615839e-02	4.786328e-02	
4971	4.616667e-02	4.786138e-02	
4972	4.617460e-02	4.786220e-02	
4973	4.618319e-02	4.786027e-02	
4974	4.619225e-02	4.786101e-02	
4975	4.620052e-02	4.785908e-02	
4976	4.620950e-02	4.785983e-02	
4977	4.621844e-02	4.785785e-02	
4978	4.622747e-02	4.785858e-02	
4979	4.623599e-02	4.785662e-02	
4980	4.624409e-02	4.785741e-02	
4981	4.625308e-02	4.785540e-02	
4982	4.626156e-02	4.785616e-02	
4983	4.627063e-02	4.785414e-02	
4984	4.627945e-02	4.785486e-02	

Index   time            v3#branch       
--------------------------------------------------------------------------------
4985	4.628844e-02	4.785284e-02	
4986	4.629686e-02	4.785359e-02	
4987	4.630614e-02	4.785154e-02	
4988	4.631564e-02	4.785220e-02	
4989	4.632469e-02	4.785015e-02	
4990	4.633307e-02	4.785089e-02	
4991	4.634101e-02	4.784891e-02	
4992	4.634957e-02	4.784963e-02	
4993	4.635764e-02	4.784764e-02	
4994	4.636612e-02	4.784836e-02	
4995	4.637578e-02	4.784624e-02	
4996	4.638493e-02	4.784689e-02	
4997	4.639339e-02	4.784485e-02	
4998	4.640223e-02	4.784553e-02	
4999	4.641037e-02	4.784351e-02	
5000	4.641937e-02	4.784416e-02	
5001	4.642797e-02	4.784210e-02	
5002	4.643684e-02	4.784275e-02	
5003	4.644596e-02	4.784063e-02	
5004	4.645476e-02	4.784129e-02	
5005	4.646331e-02	4.783921e-02	
5006	4.647249e-02	4.783983e-02	
5007	4.648211e-02	4.783765e-02	
5008	4.649101e-02	4.783828e-02	
5009	4.649935e-02	4.783620e-02	
5010	4.650728e-02	4.783691e-02	
5011	4.651575e-02	4.783481e-02	
5012	4.652373e-02	4.783551e-02	
5013	4.653223e-02	4.783340e-02	
5014	4.654184e-02	4.783395e-02	
5015	4.655109e-02	4.783177e-02	
5016	4.655939e-02	4.783243e-02	
5017	4.656816e-02	4.783027e-02	
5018	4.657623e-02	4.783095e-02	
5019	4.658513e-02	4.782877e-02	
5020	4.659386e-02	4.782938e-02	
5021	4.660262e-02	4.782721e-02	
5022	4.661226e-02	4.782773e-02	
5023	4.662119e-02	4.782554e-02	
5024	4.662998e-02	4.782613e-02	
5025	4.663888e-02	4.782393e-02	
5026	4.664761e-02	4.782451e-02	
5027	4.665577e-02	4.782237e-02	
5028	4.666404e-02	4.782300e-02	
5029	4.667188e-02	4.782088e-02	
5030	4.668003e-02	4.782151e-02	
5031	4.668808e-02	4.781936e-02	
5032	4.669619e-02	4.781999e-02	
5033	4.670548e-02	4.781772e-02	
5034	4.671498e-02	4.781820e-02	
5035	4.672401e-02	4.781595e-02	
5036	4.673236e-02	4.781654e-02	
5037	4.674025e-02	4.781439e-02	
5038	4.674874e-02	4.781496e-02	
5039	4.675661e-02	4.781280e-02	
5040	4.676502e-02	4.781337e-02	
5041	4.677451e-02	4.781105e-02	
5042	4.678381e-02	4.781152e-02	

Index   time            v3#branch       
--------------------------------------------------------------------------------
5043	4.679219e-02	4.780930e-02	
5044	4.680101e-02	4.780982e-02	
5045	4.680908e-02	4.780762e-02	
5046	4.681796e-02	4.780812e-02	
5047	4.682674e-02	4.780584e-02	
5048	4.683533e-02	4.780637e-02	
5049	4.684520e-02	4.780397e-02	
5050	4.685418e-02	4.780445e-02	
5051	4.686305e-02	4.780215e-02	
5052	4.687203e-02	4.780262e-02	
5053	4.688073e-02	4.780032e-02	
5054	4.688888e-02	4.780088e-02	
5055	4.689707e-02	4.779862e-02	
5056	4.690485e-02	4.779921e-02	
5057	4.691308e-02	4.779695e-02	
5058	4.692115e-02	4.779750e-02	
5059	4.692928e-02	4.779524e-02	
5060	4.693868e-02	4.779564e-02	
5061	4.694823e-02	4.779322e-02	
5062	4.695726e-02	4.779366e-02	
5063	4.696552e-02	4.779137e-02	
5064	4.697341e-02	4.779192e-02	
5065	4.698188e-02	4.778960e-02	
5066	4.698988e-02	4.779014e-02	
5067	4.699839e-02	4.778780e-02	
5068	4.700802e-02	4.778815e-02	
5069	4.701736e-02	4.778572e-02	
5070	4.702567e-02	4.778621e-02	
5071	4.703446e-02	4.778383e-02	
5072	4.704252e-02	4.778434e-02	
5073	4.705145e-02	4.778194e-02	
5074	4.706015e-02	4.778237e-02	
5075	4.706896e-02	4.777998e-02	
5076	4.707863e-02	4.778029e-02	
5077	4.708765e-02	4.777787e-02	
5078	4.709640e-02	4.777828e-02	
5079	4.710536e-02	4.777585e-02	
5080	4.711412e-02	4.777626e-02	
5081	4.712224e-02	4.777392e-02	
5082	4.713059e-02	4.777436e-02	
5083	4.713836e-02	4.777206e-02	
5084	4.714660e-02	4.777251e-02	
5085	4.715463e-02	4.777017e-02	
5086	4.716271e-02	4.777063e-02	
5087	4.717205e-02	4.776813e-02	
5088	4.718158e-02	4.776842e-02	
5089	4.719066e-02	4.776594e-02	
5090	4.719907e-02	4.776635e-02	
5091	4.720701e-02	4.776400e-02	
5092	4.721557e-02	4.776439e-02	
5093	4.722361e-02	4.776202e-02	
5094	4.723207e-02	4.776242e-02	
5095	4.724169e-02	4.775985e-02	
5096	4.725101e-02	4.776013e-02	
5097	4.726039e-02	4.775759e-02	
5098	4.726894e-02	4.775796e-02	
5099	4.727692e-02	4.775558e-02	
5100	4.728598e-02	4.775588e-02	

Index   time            v3#branch       
--------------------------------------------------------------------------------
5101	4.729441e-02	4.775344e-02	
5102	4.730343e-02	4.775374e-02	
5103	4.731246e-02	4.775121e-02	
5104	4.732143e-02	4.775151e-02	
5105	4.732988e-02	4.774905e-02	
5106	4.733927e-02	4.774929e-02	
5107	4.734894e-02	4.774667e-02	
5108	4.735797e-02	4.774695e-02	
5109	4.736633e-02	4.774449e-02	
5110	4.737433e-02	4.774489e-02	
5111	4.738292e-02	4.774239e-02	
5112	4.739192e-02	4.774266e-02	
5113	4.740029e-02	4.774018e-02	
5114	4.740952e-02	4.774042e-02	
5115	4.741869e-02	4.773783e-02	
5116	4.742770e-02	4.773808e-02	
5117	4.743631e-02	4.773556e-02	
5118	4.744446e-02	4.773592e-02	
5119	4.745355e-02	4.773333e-02	
5120	4.746193e-02	4.773365e-02	
5121	4.747125e-02	4.773103e-02	
5122	4.747988e-02	4.773131e-02	
5123	4.748812e-02	4.772882e-02	
5124	4.749641e-02	4.772914e-02	
5125	4.750561e-02	4.772652e-02	
5126	4.751526e-02	4.772665e-02	
5127	4.752424e-02	4.772405e-02	
5128	4.753274e-02	4.772433e-02	
5129	4.754073e-02	4.772186e-02	
5130	4.754931e-02	4.772212e-02	
5131	4.755739e-02	4.771963e-02	
5132	4.756586e-02	4.771990e-02	
5133	4.757550e-02	4.771719e-02	
5134	4.758486e-02	4.771734e-02	
5135	4.759419e-02	4.771466e-02	
5136	4.760281e-02	4.771490e-02	
5137	4.761084e-02	4.771240e-02	
5138	4.761994e-02	4.771257e-02	
5139	4.762833e-02	4.771001e-02	
5140	4.763742e-02	4.771017e-02	
5141	4.764632e-02	4.770753e-02	
5142	4.765535e-02	4.770770e-02	
5143	4.766371e-02	4.770513e-02	
5144	4.767324e-02	4.770522e-02	
5145	4.768290e-02	4.770247e-02	
5146	4.769202e-02	4.770260e-02	
5147	4.770038e-02	4.770003e-02	
5148	4.770834e-02	4.770032e-02	
5149	4.771702e-02	4.769769e-02	
5150	4.772590e-02	4.769785e-02	
5151	4.773442e-02	4.769524e-02	
5152	4.774370e-02	4.769534e-02	
5153	4.775292e-02	4.769262e-02	
5154	4.776185e-02	4.769276e-02	
5155	4.777055e-02	4.769011e-02	
5156	4.777883e-02	4.769033e-02	
5157	4.778798e-02	4.768761e-02	
5158	4.779628e-02	4.768783e-02	

Index   time            v3#branch       
--------------------------------------------------------------------------------
5159	4.780459e-02	4.768523e-02	
5160	4.781328e-02	4.768538e-02	
5161	4.782233e-02	4.768266e-02	
5162	4.783056e-02	4.768288e-02	
5163	4.784001e-02	4.768010e-02	
5164	4.784966e-02	4.768010e-02	
5165	4.785880e-02	4.767736e-02	
5166	4.786735e-02	4.767752e-02	
5167	4.787531e-02	4.767494e-02	
5168	4.788407e-02	4.767507e-02	
5169	4.789292e-02	4.767235e-02	
5170	4.790130e-02	4.767253e-02	
5171	4.791057e-02	4.766975e-02	
5172	4.791978e-02	4.766979e-02	
5173	4.792867e-02	4.766706e-02	
5174	4.793760e-02	4.766714e-02	
5175	4.794595e-02	4.766448e-02	
5176	4.795516e-02	4.766452e-02	
5177	4.796345e-02	4.766187e-02	
5178	4.797168e-02	4.766204e-02	
5179	4.798027e-02	4.765934e-02	
5180	4.798843e-02	4.765951e-02	
5181	4.799665e-02	4.765687e-02	
5182	4.800609e-02	4.765684e-02	
5183	4.801581e-02	4.765396e-02	
5184	4.802482e-02	4.765400e-02	
5185	4.803315e-02	4.765132e-02	
5186	4.804114e-02	4.765151e-02	
5187	4.804969e-02	4.764880e-02	
5188	4.805884e-02	4.764880e-02	
5189	4.806714e-02	4.764612e-02	
5190	4.807649e-02	4.764609e-02	
5191	4.808580e-02	4.764325e-02	
5192	4.809485e-02	4.764325e-02	
5193	4.810343e-02	4.764052e-02	
5194	4.811153e-02	4.764067e-02	
5195	4.812065e-02	4.763785e-02	
5196	4.812900e-02	4.763795e-02	
5197	4.813839e-02	4.763508e-02	
5198	4.814714e-02	4.763512e-02	
5199	4.815539e-02	4.763242e-02	
5200	4.816369e-02	4.763252e-02	
5201	4.817287e-02	4.762968e-02	
5202	4.818262e-02	4.762955e-02	
5203	4.819157e-02	4.762673e-02	
5204	4.820018e-02	4.762677e-02	
5205	4.820822e-02	4.762410e-02	
5206	4.821685e-02	4.762413e-02	
5207	4.822590e-02	4.762129e-02	
5208	4.823406e-02	4.762139e-02	
5209	4.824340e-02	4.761850e-02	
5210	4.825270e-02	4.761842e-02	
5211	4.826170e-02	4.761557e-02	
5212	4.827055e-02	4.761556e-02	
5213	4.827874e-02	4.761284e-02	
5214	4.828792e-02	4.761276e-02	
5215	4.829626e-02	4.761002e-02	
5216	4.830547e-02	4.760993e-02	

Index   time            v3#branch       
--------------------------------------------------------------------------------
5217	4.831412e-02	4.760713e-02	
5218	4.832229e-02	4.760721e-02	
5219	4.833060e-02	4.760446e-02	
5220	4.834007e-02	4.760432e-02	
5221	4.834982e-02	4.760133e-02	
5222	4.835886e-02	4.760125e-02	
5223	4.836722e-02	4.759849e-02	
5224	4.837521e-02	4.759858e-02	
5225	4.838385e-02	4.759577e-02	
5226	4.839278e-02	4.759570e-02	
5227	4.840127e-02	4.759290e-02	
5228	4.841070e-02	4.759275e-02	
5229	4.842006e-02	4.758981e-02	
5230	4.842903e-02	4.758972e-02	
5231	4.843771e-02	4.758689e-02	
5232	4.844593e-02	4.758692e-02	
5233	4.845512e-02	4.758400e-02	
5234	4.846340e-02	4.758401e-02	
5235	4.847181e-02	4.758122e-02	
5236	4.848059e-02	4.758115e-02	
5237	4.848964e-02	4.757824e-02	
5238	4.849787e-02	4.757826e-02	
5239	4.850730e-02	4.757529e-02	
5240	4.851704e-02	4.757504e-02	
5241	4.852617e-02	4.757212e-02	
5242	4.853481e-02	4.757205e-02	
5243	4.854278e-02	4.756932e-02	
5244	4.855161e-02	4.756922e-02	
5245	4.856039e-02	4.756634e-02	
5246	4.856883e-02	4.756630e-02	
5247	4.857821e-02	4.756332e-02	
5248	4.858753e-02	4.756313e-02	
5249	4.859636e-02	4.756024e-02	
5250	4.860545e-02	4.756008e-02	
5251	4.861391e-02	4.755725e-02	
5252	4.862212e-02	4.755723e-02	
5253	4.863038e-02	4.755444e-02	
5254	4.863950e-02	4.755426e-02	
5255	4.864795e-02	4.755143e-02	
5256	4.865602e-02	4.755142e-02	
5257	4.866437e-02	4.754861e-02	
5258	4.867388e-02	4.754835e-02	
5259	4.868368e-02	4.754528e-02	
5260	4.869274e-02	4.754510e-02	
5261	4.870110e-02	4.754227e-02	
5262	4.870909e-02	4.754227e-02	
5263	4.871778e-02	4.753938e-02	
5264	4.872664e-02	4.753923e-02	
5265	4.873524e-02	4.753635e-02	
5266	4.874473e-02	4.753608e-02	
5267	4.875415e-02	4.753306e-02	
5268	4.876306e-02	4.753289e-02	
5269	4.877180e-02	4.752998e-02	
5270	4.878012e-02	4.752991e-02	
5271	4.878834e-02	4.752709e-02	
5272	4.879663e-02	4.752702e-02	
5273	4.880599e-02	4.752400e-02	
5274	4.881461e-02	4.752386e-02	

Index   time            v3#branch       
--------------------------------------------------------------------------------
5275	4.882275e-02	4.752105e-02	
5276	4.883096e-02	4.752098e-02	
5277	4.884018e-02	4.751798e-02	
5278	4.885000e-02	4.751762e-02	
5279	4.885898e-02	4.751466e-02	
5280	4.886767e-02	4.751450e-02	
5281	4.887571e-02	4.751170e-02	
5282	4.888442e-02	4.751153e-02	
5283	4.889337e-02	4.750857e-02	
5284	4.890158e-02	4.750848e-02	
5285	4.891103e-02	4.750543e-02	
5286	4.892043e-02	4.750512e-02	
5287	4.892939e-02	4.750215e-02	
5288	4.893845e-02	4.750190e-02	
5289	4.894674e-02	4.749905e-02	
5290	4.895498e-02	4.749894e-02	
5291	4.896329e-02	4.749608e-02	
5292	4.897214e-02	4.749585e-02	
5293	4.898100e-02	4.749288e-02	
5294	4.898925e-02	4.749275e-02	
5295	4.899777e-02	4.748983e-02	
5296	4.900731e-02	4.748945e-02	
5297	4.901725e-02	4.748626e-02	
5298	4.902620e-02	4.748597e-02	
5299	4.903443e-02	4.748307e-02	
5300	4.904248e-02	4.748292e-02	
5301	4.905110e-02	4.747993e-02	
5302	4.906002e-02	4.747958e-02	
5303	4.906880e-02	4.747652e-02	
5304	4.907839e-02	4.747598e-02	
5305	4.908792e-02	4.747270e-02	
5306	4.909682e-02	4.747222e-02	
5307	4.910516e-02	4.746910e-02	
5308	4.911346e-02	4.746864e-02	
5309	4.912268e-02	4.746519e-02	
5310	4.913102e-02	4.746457e-02	
5311	4.913915e-02	4.746121e-02	
5312	4.914798e-02	4.746096e-02	
5313	4.915602e-02	4.745930e-02	
5314	4.916412e-02	4.745935e-02	
5315	4.917191e-02	4.745648e-02	
5316	4.918066e-02	4.745589e-02	
5317	4.918993e-02	4.745247e-02	
5318	4.919963e-02	4.745030e-02	
5319	4.920695e-02	4.744505e-02	
5320	4.921557e-02	4.744012e-02	
5321	4.922300e-02	4.743207e-02	
5322	4.922856e-02	4.742771e-02	
5323	4.923401e-02	4.742033e-02	
5324	4.924299e-02	4.740981e-02	
5325	4.925173e-02	4.739476e-02	
5326	4.926487e-02	4.736967e-02	
5327	4.927315e-02	4.734761e-02	
5328	4.928187e-02	4.732237e-02	
5329	4.929046e-02	4.728976e-02	
5330	4.930334e-02	4.723119e-02	
5331	4.931532e-02	4.715718e-02	
5332	4.932639e-02	4.707155e-02	

Index   time            v3#branch       
--------------------------------------------------------------------------------
5333	4.933773e-02	4.695723e-02	
5334	4.934765e-02	4.683318e-02	
5335	4.935742e-02	4.668047e-02	
5336	4.936639e-02	4.651010e-02	
5337	4.937723e-02	4.625296e-02	
5338	4.938950e-02	4.587516e-02	
5339	4.940315e-02	4.530527e-02	
5340	4.941645e-02	4.452793e-02	
5341	4.942281e-02	4.405268e-02	
5342	4.943006e-02	4.340818e-02	
5343	4.943912e-02	4.243730e-02	
5344	4.944852e-02	4.125174e-02	
5345	4.945830e-02	3.988371e-02	
5346	4.947253e-02	3.777256e-02	
5347	4.948036e-02	3.658730e-02	
5348	4.949079e-02	3.501189e-02	
5349	4.950157e-02	3.338355e-02	
5350	4.950933e-02	3.221981e-02	
5351	4.951945e-02	3.070534e-02	
5352	4.952871e-02	2.932976e-02	
5353	4.953888e-02	2.782732e-02	
5354	4.954921e-02	2.631547e-02	
5355	4.955943e-02	2.483160e-02	
5356	4.956998e-02	2.331957e-02	
5357	4.958113e-02	2.173591e-02	
5358	4.959062e-02	2.040872e-02	
5359	4.960052e-02	1.903882e-02	
5360	4.961178e-02	1.751530e-02	
5361	4.961988e-02	1.644058e-02	
5362	4.962416e-02	1.587094e-02	
5363	4.962830e-02	1.532125e-02	
5364	4.963234e-02	1.479213e-02	
5365	4.963838e-02	1.400786e-02	
5366	4.964627e-02	1.300721e-02	
5367	4.965455e-02	1.198148e-02	
5368	4.966487e-02	1.075008e-02	
5369	4.967356e-02	9.754686e-03	
5370	4.968362e-02	8.661212e-03	
5371	4.969354e-02	7.647409e-03	
5372	4.970547e-02	6.529218e-03	
5373	4.971686e-02	5.572974e-03	
5374	4.972663e-02	4.849618e-03	
5375	4.973677e-02	4.196176e-03	
5376	4.974818e-02	3.584837e-03	
5377	4.975691e-02	3.201032e-03	
5378	4.976673e-02	2.852352e-03	
5379	4.977824e-02	2.536992e-03	
5380	4.978633e-02	2.368912e-03	
5381	4.979605e-02	2.210435e-03	
5382	4.980926e-02	2.057975e-03	
5383	4.981727e-02	1.989580e-03	
5384	4.982731e-02	1.925059e-03	
5385	4.983723e-02	1.875398e-03	
5386	4.984502e-02	1.845673e-03	
5387	4.985481e-02	1.813681e-03	
5388	4.986446e-02	1.789269e-03	
5389	4.987819e-02	1.759208e-03	
5390	4.988969e-02	1.739260e-03	

Index   time            v3#branch       
--------------------------------------------------------------------------------
5391	4.990109e-02	1.720222e-03	
5392	4.991202e-02	1.704790e-03	
5393	4.992307e-02	1.688657e-03	
5394	4.993382e-02	1.675007e-03	
5395	4.994475e-02	1.660215e-03	
5396	4.995607e-02	1.646735e-03	
5397	4.996706e-02	1.632914e-03	
5398	4.997700e-02	1.622193e-03	
5399	4.998842e-02	1.610157e-03	
5400	4.999745e-02	1.603148e-03	
5401	5.000712e-02	1.597558e-03	
5402	5.001855e-02	1.593861e-03	
5403	5.002676e-02	1.592329e-03	
5404	5.003651e-02	1.590954e-03	
5405	5.004901e-02	1.589997e-03	
5406	5.005693e-02	1.589364e-03	
5407	5.006679e-02	1.588978e-03	
5408	5.007675e-02	1.588413e-03	
5409	5.008447e-02	1.588259e-03	
5410	5.009414e-02	1.587801e-03	
5411	5.010367e-02	1.587654e-03	
5412	5.011744e-02	1.587151e-03	
5413	5.012886e-02	1.587017e-03	
5414	5.014019e-02	1.586627e-03	
5415	5.015100e-02	1.586541e-03	
5416	5.016199e-02	1.586186e-03	
5417	5.017266e-02	1.586124e-03	
5418	5.018336e-02	1.585793e-03	
5419	5.019469e-02	1.585735e-03	
5420	5.020435e-02	1.585434e-03	
5421	5.021437e-02	1.585408e-03	
5422	5.022575e-02	1.585088e-03	
5423	5.023417e-02	1.585095e-03	
5424	5.024399e-02	1.584806e-03	
5425	5.025560e-02	1.584770e-03	
5426	5.026362e-02	1.584513e-03	
5427	5.027335e-02	1.584509e-03	
5428	5.028504e-02	1.584203e-03	
5429	5.029265e-02	1.584232e-03	
5430	5.030287e-02	1.583952e-03	
5431	5.031227e-02	1.583958e-03	
5432	5.032201e-02	1.583688e-03	
5433	5.033237e-02	1.583683e-03	
5434	5.034260e-02	1.583410e-03	
5435	5.035417e-02	1.583391e-03	
5436	5.036551e-02	1.583106e-03	
5437	5.037661e-02	1.583095e-03	
5438	5.038661e-02	1.582831e-03	
5439	5.039804e-02	1.582818e-03	
5440	5.040732e-02	1.582564e-03	
5441	5.041713e-02	1.582573e-03	
5442	5.042858e-02	1.582294e-03	
5443	5.043687e-02	1.582323e-03	
5444	5.044668e-02	1.582067e-03	
5445	5.045876e-02	1.582049e-03	
5446	5.046669e-02	1.581818e-03	
5447	5.047651e-02	1.581829e-03	
5448	5.048718e-02	1.581565e-03	

Index   time            v3#branch       
--------------------------------------------------------------------------------
5449	5.049496e-02	1.581602e-03	
5450	5.050469e-02	1.581352e-03	
5451	5.051428e-02	1.581367e-03	
5452	5.052616e-02	1.581091e-03	
5453	5.053723e-02	1.581089e-03	
5454	5.054818e-02	1.580826e-03	
5455	5.055923e-02	1.580825e-03	
5456	5.057053e-02	1.580559e-03	
5457	5.058151e-02	1.580559e-03	
5458	5.059196e-02	1.580306e-03	
5459	5.060358e-02	1.580299e-03	
5460	5.061331e-02	1.580054e-03	
5461	5.062342e-02	1.580065e-03	
5462	5.063501e-02	1.579800e-03	
5463	5.064340e-02	1.579831e-03	
5464	5.065331e-02	1.579587e-03	
5465	5.066508e-02	1.579580e-03	
5466	5.067312e-02	1.579358e-03	
5467	5.068294e-02	1.579373e-03	
5468	5.069554e-02	1.579100e-03	
5469	5.070320e-02	1.579140e-03	
5470	5.071325e-02	1.578897e-03	
5471	5.072274e-02	1.578916e-03	
5472	5.073185e-02	1.578685e-03	
5473	5.074216e-02	1.578695e-03	
5474	5.075233e-02	1.578452e-03	
5475	5.076501e-02	1.578435e-03	
5476	5.077655e-02	1.578178e-03	
5477	5.078790e-02	1.578177e-03	
5478	5.079881e-02	1.577928e-03	
5479	5.081019e-02	1.577926e-03	
5480	5.082119e-02	1.577678e-03	
5481	5.083197e-02	1.577682e-03	
5482	5.084361e-02	1.577428e-03	
5483	5.085478e-02	1.577429e-03	
5484	5.086487e-02	1.577192e-03	
5485	5.087657e-02	1.577187e-03	
5486	5.088595e-02	1.576959e-03	
5487	5.089589e-02	1.576974e-03	
5488	5.090758e-02	1.576721e-03	
5489	5.091586e-02	1.576754e-03	
5490	5.092578e-02	1.576522e-03	
5491	5.093786e-02	1.576513e-03	
5492	5.094579e-02	1.576303e-03	
5493	5.095568e-02	1.576318e-03	
5494	5.096736e-02	1.576068e-03	
5495	5.097529e-02	1.576105e-03	
5496	5.098589e-02	1.575868e-03	
5497	5.099573e-02	1.575883e-03	
5498	5.100542e-02	1.575657e-03	
5499	5.101604e-02	1.575664e-03	
5500	5.102649e-02	1.575430e-03	
5501	5.103897e-02	1.575417e-03	
5502	5.105057e-02	1.575172e-03	
5503	5.106196e-02	1.575171e-03	
5504	5.107312e-02	1.574931e-03	
5505	5.108460e-02	1.574930e-03	
5506	5.109571e-02	1.574691e-03	

Index   time            v3#branch       
--------------------------------------------------------------------------------
5507	5.110687e-02	1.574693e-03	
5508	5.111850e-02	1.574450e-03	
5509	5.112973e-02	1.574451e-03	
5510	5.114041e-02	1.574219e-03	
5511	5.115220e-02	1.574215e-03	
5512	5.116347e-02	1.573977e-03	
5513	5.117372e-02	1.573989e-03	
5514	5.118560e-02	1.573745e-03	
5515	5.119529e-02	1.573763e-03	
5516	5.120543e-02	1.573539e-03	
5517	5.121729e-02	1.573534e-03	
5518	5.122562e-02	1.573329e-03	
5519	5.123562e-02	1.573344e-03	
5520	5.124766e-02	1.573101e-03	
5521	5.125568e-02	1.573136e-03	
5522	5.126560e-02	1.572916e-03	
5523	5.127894e-02	1.572897e-03	
5524	5.128677e-02	1.572699e-03	
5525	5.129694e-02	1.572712e-03	
5526	5.130723e-02	1.572490e-03	
5527	5.131546e-02	1.572522e-03	
5528	5.132574e-02	1.572301e-03	
5529	5.133587e-02	1.572314e-03	
5530	5.134887e-02	1.572067e-03	
5531	5.136051e-02	1.572065e-03	
5532	5.137200e-02	1.571833e-03	
5533	5.138399e-02	1.571827e-03	
5534	5.139543e-02	1.571597e-03	
5535	5.140661e-02	1.571600e-03	
5536	5.141927e-02	1.571358e-03	
5537	5.143077e-02	1.571358e-03	
5538	5.144206e-02	1.571130e-03	
5539	5.145544e-02	1.571112e-03	
5540	5.146690e-02	1.570884e-03	
5541	5.147822e-02	1.570886e-03	
5542	5.148954e-02	1.570660e-03	
5543	5.150058e-02	1.570665e-03	
5544	5.151144e-02	1.570444e-03	
5545	5.152364e-02	1.570438e-03	
5546	5.153496e-02	1.570214e-03	
5547	5.154612e-02	1.570218e-03	
5548	5.156007e-02	1.569969e-03	
5549	5.157285e-02	1.569957e-03	
5550	5.158440e-02	1.569733e-03	
5551	5.159384e-02	1.569754e-03	
5552	5.160453e-02	1.569538e-03	
5553	5.161497e-02	1.569550e-03	
5554	5.162707e-02	1.569321e-03	
5555	5.163849e-02	1.569324e-03	
5556	5.164975e-02	1.569104e-03	
5557	5.166267e-02	1.569092e-03	
5558	5.167426e-02	1.568870e-03	
5559	5.168565e-02	1.568873e-03	
5560	5.169807e-02	1.568645e-03	
5561	5.170943e-02	1.568648e-03	
5562	5.172062e-02	1.568432e-03	
5563	5.173226e-02	1.568433e-03	
5564	5.174348e-02	1.568217e-03	

Index   time            v3#branch       
--------------------------------------------------------------------------------
5565	5.175453e-02	1.568224e-03	
5566	5.176681e-02	1.567999e-03	
5567	5.177821e-02	1.568003e-03	
5568	5.178945e-02	1.567789e-03	
5569	5.180177e-02	1.567784e-03	
5570	5.181317e-02	1.567569e-03	
5571	5.182439e-02	1.567575e-03	
5572	5.183633e-02	1.567357e-03	
5573	5.184765e-02	1.567362e-03	
5574	5.185880e-02	1.567151e-03	
5575	5.187088e-02	1.567149e-03	
5576	5.188226e-02	1.566937e-03	
5577	5.189347e-02	1.566944e-03	
5578	5.190564e-02	1.566726e-03	
5579	5.191705e-02	1.566731e-03	
5580	5.192828e-02	1.566522e-03	
5581	5.194030e-02	1.566522e-03	
5582	5.195168e-02	1.566312e-03	
5583	5.196288e-02	1.566320e-03	
5584	5.197490e-02	1.566106e-03	
5585	5.198629e-02	1.566111e-03	
5586	5.199751e-02	1.565905e-03	
5587	5.200958e-02	1.565905e-03	
5588	5.202100e-02	1.565698e-03	
5589	5.203224e-02	1.565706e-03	
5590	5.204425e-02	1.565495e-03	
5591	5.205566e-02	1.565501e-03	
5592	5.206689e-02	1.565298e-03	
5593	5.207888e-02	1.565300e-03	
5594	5.209030e-02	1.565095e-03	
5595	5.210154e-02	1.565104e-03	
5596	5.211354e-02	1.564896e-03	
5597	5.212497e-02	1.564903e-03	
5598	5.213622e-02	1.564702e-03	
5599	5.214820e-02	1.564704e-03	
5600	5.215964e-02	1.564502e-03	
5601	5.217089e-02	1.564512e-03	
5602	5.218284e-02	1.564307e-03	
5603	5.219429e-02	1.564315e-03	
5604	5.220555e-02	1.564116e-03	
5605	5.221749e-02	1.564120e-03	
5606	5.222895e-02	1.563921e-03	
5607	5.224022e-02	1.563931e-03	
5608	5.225215e-02	1.563729e-03	
5609	5.226361e-02	1.563738e-03	
5610	5.227489e-02	1.563542e-03	
5611	5.228680e-02	1.563547e-03	
5612	5.229827e-02	1.563350e-03	
5613	5.230955e-02	1.563361e-03	
5614	5.232145e-02	1.563162e-03	
5615	5.233293e-02	1.563172e-03	
5616	5.234421e-02	1.562979e-03	
5617	5.235610e-02	1.562985e-03	
5618	5.236759e-02	1.562791e-03	
5619	5.237888e-02	1.562803e-03	
5620	5.239075e-02	1.562607e-03	
5621	5.240224e-02	1.562618e-03	
5622	5.241354e-02	1.562427e-03	

Index   time            v3#branch       
--------------------------------------------------------------------------------
5623	5.242540e-02	1.562435e-03	
5624	5.243690e-02	1.562244e-03	
5625	5.244820e-02	1.562257e-03	
5626	5.246005e-02	1.562064e-03	
5627	5.247156e-02	1.562075e-03	
5628	5.248287e-02	1.561888e-03	
5629	5.249470e-02	1.561897e-03	
5630	5.250621e-02	1.561708e-03	
5631	5.251753e-02	1.561722e-03	
5632	5.252935e-02	1.561532e-03	
5633	5.254087e-02	1.561545e-03	
5634	5.255219e-02	1.561360e-03	
5635	5.256400e-02	1.561370e-03	
5636	5.257552e-02	1.561185e-03	
5637	5.258685e-02	1.561199e-03	
5638	5.259865e-02	1.561013e-03	
5639	5.261018e-02	1.561026e-03	
5640	5.262151e-02	1.560844e-03	
5641	5.263329e-02	1.560856e-03	
5642	5.264483e-02	1.560673e-03	
5643	5.265617e-02	1.560689e-03	
5644	5.266794e-02	1.560506e-03	
5645	5.267949e-02	1.560520e-03	
5646	5.269083e-02	1.560341e-03	
5647	5.270259e-02	1.560354e-03	
5648	5.271414e-02	1.560174e-03	
5649	5.272549e-02	1.560191e-03	
5650	5.273724e-02	1.560011e-03	
5651	5.274880e-02	1.560026e-03	
5652	5.276015e-02	1.559850e-03	
5653	5.277189e-02	1.559864e-03	
5654	5.278345e-02	1.559688e-03	
5655	5.279481e-02	1.559705e-03	
5656	5.280653e-02	1.559529e-03	
5657	5.281810e-02	1.559545e-03	
5658	5.282947e-02	1.559372e-03	
5659	5.284118e-02	1.559388e-03	
5660	5.285276e-02	1.559214e-03	
5661	5.286413e-02	1.559233e-03	
5662	5.287583e-02	1.559060e-03	
5663	5.288741e-02	1.559077e-03	
5664	5.289879e-02	1.558907e-03	
5665	5.291047e-02	1.558924e-03	
5666	5.292206e-02	1.558754e-03	
5667	5.293345e-02	1.558773e-03	
5668	5.294512e-02	1.558604e-03	
5669	5.295672e-02	1.558622e-03	
5670	5.296811e-02	1.558455e-03	
5671	5.297977e-02	1.558474e-03	
5672	5.299137e-02	1.558306e-03	
5673	5.300276e-02	1.558327e-03	
5674	5.301441e-02	1.558161e-03	
5675	5.302602e-02	1.558181e-03	
5676	5.303742e-02	1.558016e-03	
5677	5.304906e-02	1.558037e-03	
5678	5.306068e-02	1.557872e-03	
5679	5.307208e-02	1.557894e-03	
5680	5.308371e-02	1.557731e-03	

Index   time            v3#branch       
--------------------------------------------------------------------------------
5681	5.309533e-02	1.557752e-03	
5682	5.310674e-02	1.557591e-03	
5683	5.311835e-02	1.557613e-03	
5684	5.312998e-02	1.557452e-03	
5685	5.314139e-02	1.557475e-03	
5686	5.315300e-02	1.557315e-03	
5687	5.316463e-02	1.557338e-03	
5688	5.317605e-02	1.557180e-03	
5689	5.318765e-02	1.557203e-03	
5690	5.319928e-02	1.557045e-03	
5691	5.321071e-02	1.557070e-03	
5692	5.322229e-02	1.556913e-03	
5693	5.323393e-02	1.556937e-03	
5694	5.324536e-02	1.556782e-03	
5695	5.325694e-02	1.556807e-03	
5696	5.326859e-02	1.556652e-03	
5697	5.328002e-02	1.556678e-03	
5698	5.329158e-02	1.556525e-03	
5699	5.330324e-02	1.556550e-03	
5700	5.331468e-02	1.556399e-03	
5701	5.332623e-02	1.556425e-03	
5702	5.333789e-02	1.556273e-03	
5703	5.334933e-02	1.556300e-03	
5704	5.336088e-02	1.556151e-03	
5705	5.337254e-02	1.556177e-03	
5706	5.338399e-02	1.556029e-03	
5707	5.339552e-02	1.556057e-03	
5708	5.340719e-02	1.555908e-03	
5709	5.341864e-02	1.555937e-03	
5710	5.343017e-02	1.555791e-03	
5711	5.344184e-02	1.555819e-03	
5712	5.345330e-02	1.555674e-03	
5713	5.346481e-02	1.555703e-03	
5714	5.347649e-02	1.555558e-03	
5715	5.348796e-02	1.555588e-03	
5716	5.349946e-02	1.555445e-03	
5717	5.351115e-02	1.555475e-03	
5718	5.352261e-02	1.555333e-03	
5719	5.353411e-02	1.555364e-03	
5720	5.354580e-02	1.555222e-03	
5721	5.355727e-02	1.555254e-03	
5722	5.356875e-02	1.555114e-03	
5723	5.358045e-02	1.555146e-03	
5724	5.359192e-02	1.555007e-03	
5725	5.360340e-02	1.555040e-03	
5726	5.361510e-02	1.554901e-03	
5727	5.362658e-02	1.554934e-03	
5728	5.363804e-02	1.554798e-03	
5729	5.364975e-02	1.554831e-03	
5730	5.366123e-02	1.554696e-03	
5731	5.367269e-02	1.554730e-03	
5732	5.368440e-02	1.554595e-03	
5733	5.369589e-02	1.554630e-03	
5734	5.370734e-02	1.554497e-03	
5735	5.371905e-02	1.554531e-03	
5736	5.373054e-02	1.554399e-03	
5737	5.374198e-02	1.554435e-03	
5738	5.375370e-02	1.554303e-03	

Index   time            v3#branch       
--------------------------------------------------------------------------------
5739	5.376520e-02	1.554340e-03	
5740	5.377663e-02	1.554211e-03	
5741	5.378835e-02	1.554246e-03	
5742	5.379985e-02	1.554118e-03	
5743	5.381127e-02	1.554155e-03	
5744	5.382300e-02	1.554027e-03	
5745	5.383451e-02	1.554065e-03	
5746	5.384592e-02	1.553939e-03	
5747	5.385765e-02	1.553977e-03	
5748	5.386916e-02	1.553852e-03	
5749	5.388057e-02	1.553891e-03	
5750	5.389230e-02	1.553766e-03	
5751	5.390381e-02	1.553805e-03	
5752	5.391521e-02	1.553683e-03	
5753	5.392695e-02	1.553722e-03	
5754	5.393847e-02	1.553601e-03	
5755	5.394986e-02	1.553641e-03	
5756	5.396160e-02	1.553520e-03	
5757	5.397312e-02	1.553561e-03	
5758	5.398450e-02	1.553442e-03	
5759	5.399626e-02	1.553483e-03	
5760	5.400778e-02	1.553365e-03	
5761	5.401915e-02	1.553407e-03	
5762	5.403091e-02	1.553290e-03	
5763	5.404243e-02	1.553332e-03	
5764	5.405380e-02	1.553217e-03	
5765	5.406556e-02	1.553260e-03	
5766	5.407709e-02	1.553145e-03	
5767	5.408844e-02	1.553189e-03	
5768	5.410021e-02	1.553075e-03	
5769	5.411174e-02	1.553119e-03	
5770	5.412309e-02	1.553007e-03	
5771	5.413486e-02	1.553051e-03	
5772	5.414640e-02	1.552940e-03	
5773	5.415774e-02	1.552986e-03	
5774	5.416951e-02	1.552875e-03	
5775	5.418105e-02	1.552921e-03	
5776	5.419238e-02	1.552813e-03	
5777	5.420416e-02	1.552859e-03	
5778	5.421570e-02	1.552751e-03	
5779	5.422703e-02	1.552799e-03	
5780	5.423881e-02	1.552692e-03	
5781	5.425036e-02	1.552739e-03	
5782	5.426168e-02	1.552635e-03	
5783	5.427346e-02	1.552682e-03	
5784	5.428501e-02	1.552578e-03	
5785	5.429632e-02	1.552627e-03	
5786	5.430811e-02	1.552524e-03	
5787	5.431967e-02	1.552573e-03	
5788	5.433097e-02	1.552472e-03	
5789	5.434276e-02	1.552521e-03	
5790	5.435432e-02	1.552421e-03	
5791	5.436562e-02	1.552472e-03	
5792	5.437741e-02	1.552372e-03	
5793	5.438897e-02	1.552423e-03	
5794	5.440027e-02	1.552325e-03	
5795	5.441206e-02	1.552376e-03	
5796	5.442363e-02	1.552279e-03	

Index   time            v3#branch       
--------------------------------------------------------------------------------
5797	5.443491e-02	1.552332e-03	
5798	5.444671e-02	1.552235e-03	
5799	5.445828e-02	1.552288e-03	
5800	5.446956e-02	1.552194e-03	
5801	5.448137e-02	1.552247e-03	
5802	5.449294e-02	1.552154e-03	
5803	5.450421e-02	1.552208e-03	
5804	5.451602e-02	1.552115e-03	
5805	5.452759e-02	1.552170e-03	
5806	5.453886e-02	1.552079e-03	
5807	5.455067e-02	1.552134e-03	
5808	5.456224e-02	1.552044e-03	
5809	5.457350e-02	1.552100e-03	
5810	5.458532e-02	1.552011e-03	
5811	5.459690e-02	1.552067e-03	
5812	5.460815e-02	1.551980e-03	
5813	5.461997e-02	1.552037e-03	
5814	5.463155e-02	1.551951e-03	
5815	5.464280e-02	1.552008e-03	
5816	5.465462e-02	1.551923e-03	
5817	5.466621e-02	1.551981e-03	
5818	5.467745e-02	1.551898e-03	
5819	5.468927e-02	1.551956e-03	
5820	5.470086e-02	1.551873e-03	
5821	5.471209e-02	1.551933e-03	
5822	5.472392e-02	1.551851e-03	
5823	5.473552e-02	1.551911e-03	
5824	5.474674e-02	1.551831e-03	
5825	5.475858e-02	1.551891e-03	
5826	5.477017e-02	1.551812e-03	
5827	5.478139e-02	1.551873e-03	
5828	5.479323e-02	1.551795e-03	
5829	5.480482e-02	1.551857e-03	
5830	5.481604e-02	1.551780e-03	
5831	5.482788e-02	1.551842e-03	
5832	5.483948e-02	1.551767e-03	
5833	5.485069e-02	1.551830e-03	
5834	5.486253e-02	1.551755e-03	
5835	5.487413e-02	1.551819e-03	
5836	5.488534e-02	1.551746e-03	
5837	5.489718e-02	1.551810e-03	
5838	5.490879e-02	1.551738e-03	
5839	5.491998e-02	1.551803e-03	
5840	5.493183e-02	1.551732e-03	
5841	5.494344e-02	1.551797e-03	
5842	5.495463e-02	1.551728e-03	
5843	5.496648e-02	1.551794e-03	
5844	5.497809e-02	1.551725e-03	
5845	5.498928e-02	1.551791e-03	
5846	5.500114e-02	1.551724e-03	
5847	5.501275e-02	1.551791e-03	
5848	5.502393e-02	1.551725e-03	
5849	5.503579e-02	1.551793e-03	
5850	5.504740e-02	1.551728e-03	
5851	5.505858e-02	1.551797e-03	
5852	5.507044e-02	1.551733e-03	
5853	5.508206e-02	1.551802e-03	
5854	5.509323e-02	1.551740e-03	

Index   time            v3#branch       
--------------------------------------------------------------------------------
5855	5.510509e-02	1.551809e-03	
5856	5.511671e-02	1.551748e-03	
5857	5.512788e-02	1.551818e-03	
5858	5.513974e-02	1.551758e-03	
5859	5.515137e-02	1.551829e-03	
5860	5.516253e-02	1.551770e-03	
5861	5.517439e-02	1.551842e-03	
5862	5.518602e-02	1.551784e-03	
5863	5.519718e-02	1.551856e-03	
5864	5.520905e-02	1.551799e-03	
5865	5.522067e-02	1.551872e-03	
5866	5.523183e-02	1.551816e-03	
5867	5.524370e-02	1.551890e-03	
5868	5.525533e-02	1.551836e-03	
5869	5.526647e-02	1.551909e-03	
5870	5.527835e-02	1.551857e-03	
5871	5.528998e-02	1.551931e-03	
5872	5.530112e-02	1.551879e-03	
5873	5.531300e-02	1.551954e-03	
5874	5.532464e-02	1.551904e-03	
5875	5.533577e-02	1.551979e-03	
5876	5.534766e-02	1.551930e-03	
5877	5.535929e-02	1.552006e-03	
5878	5.537042e-02	1.551958e-03	
5879	5.538231e-02	1.552035e-03	
5880	5.539395e-02	1.551988e-03	
5881	5.540507e-02	1.552065e-03	
5882	5.541696e-02	1.552020e-03	
5883	5.542860e-02	1.552098e-03	
5884	5.543972e-02	1.552053e-03	
5885	5.545161e-02	1.552132e-03	
5886	5.546326e-02	1.552089e-03	
5887	5.547437e-02	1.552167e-03	
5888	5.548626e-02	1.552125e-03	
5889	5.549791e-02	1.552205e-03	
5890	5.550902e-02	1.552164e-03	
5891	5.552092e-02	1.552245e-03	
5892	5.553256e-02	1.552205e-03	
5893	5.554367e-02	1.552285e-03	
5894	5.555557e-02	1.552247e-03	
5895	5.556722e-02	1.552329e-03	
5896	5.557833e-02	1.552291e-03	
5897	5.559022e-02	1.552373e-03	
5898	5.560187e-02	1.552337e-03	
5899	5.561298e-02	1.552419e-03	
5900	5.562488e-02	1.552385e-03	
5901	5.563653e-02	1.552468e-03	
5902	5.564763e-02	1.552433e-03	
5903	5.565953e-02	1.552518e-03	
5904	5.567118e-02	1.552486e-03	
5905	5.568228e-02	1.552569e-03	
5906	5.569418e-02	1.552538e-03	
5907	5.570584e-02	1.552624e-03	
5908	5.571693e-02	1.552592e-03	
5909	5.572883e-02	1.552679e-03	
5910	5.574049e-02	1.552650e-03	
5911	5.575158e-02	1.552735e-03	
5912	5.576349e-02	1.552707e-03	

Index   time            v3#branch       
--------------------------------------------------------------------------------
5913	5.577515e-02	1.552795e-03	
5914	5.578623e-02	1.552767e-03	
5915	5.579814e-02	1.552855e-03	
5916	5.580980e-02	1.552830e-03	
5917	5.582088e-02	1.552916e-03	
5918	5.583279e-02	1.552893e-03	
5919	5.584446e-02	1.552982e-03	
5920	5.585553e-02	1.552957e-03	
5921	5.586745e-02	1.553047e-03	
5922	5.587911e-02	1.553025e-03	
5923	5.589018e-02	1.553113e-03	
5924	5.590210e-02	1.553093e-03	
5925	5.591376e-02	1.553184e-03	
5926	5.592483e-02	1.553163e-03	
5927	5.593675e-02	1.553255e-03	
5928	5.594842e-02	1.553237e-03	
5929	5.595949e-02	1.553326e-03	
5930	5.597140e-02	1.553310e-03	
5931	5.598307e-02	1.553402e-03	
5932	5.599414e-02	1.553384e-03	
5933	5.600606e-02	1.553478e-03	
5934	5.601773e-02	1.553463e-03	
5935	5.602879e-02	1.553555e-03	
5936	5.604071e-02	1.553542e-03	
5937	5.605238e-02	1.553636e-03	
5938	5.606344e-02	1.553621e-03	
5939	5.607536e-02	1.553717e-03	
5940	5.608704e-02	1.553706e-03	
5941	5.609809e-02	1.553798e-03	
5942	5.611002e-02	1.553789e-03	
5943	5.612169e-02	1.553885e-03	
5944	5.613274e-02	1.553874e-03	
5945	5.614467e-02	1.553971e-03	
5946	5.615635e-02	1.553963e-03	
5947	5.616739e-02	1.554058e-03	
5948	5.617932e-02	1.554052e-03	
5949	5.619100e-02	1.554149e-03	
5950	5.620205e-02	1.554141e-03	
5951	5.621398e-02	1.554240e-03	
5952	5.622566e-02	1.554236e-03	
5953	5.623670e-02	1.554332e-03	
5954	5.624863e-02	1.554329e-03	
5955	5.626031e-02	1.554429e-03	
5956	5.627135e-02	1.554424e-03	
5957	5.628328e-02	1.554525e-03	
5958	5.629497e-02	1.554524e-03	
5959	5.630600e-02	1.554621e-03	
5960	5.631794e-02	1.554622e-03	
5961	5.632962e-02	1.554723e-03	
5962	5.634065e-02	1.554722e-03	
5963	5.635259e-02	1.554824e-03	
5964	5.636428e-02	1.554827e-03	
5965	5.637531e-02	1.554925e-03	
5966	5.638724e-02	1.554930e-03	
5967	5.639893e-02	1.555033e-03	
5968	5.640996e-02	1.555034e-03	
5969	5.642190e-02	1.555139e-03	
5970	5.643359e-02	1.555144e-03	

Index   time            v3#branch       
--------------------------------------------------------------------------------
5971	5.644461e-02	1.555245e-03	
5972	5.645655e-02	1.555253e-03	
5973	5.646824e-02	1.555357e-03	
5974	5.647926e-02	1.555362e-03	
5975	5.649121e-02	1.555468e-03	
5976	5.650289e-02	1.555477e-03	
5977	5.651392e-02	1.555578e-03	
5978	5.652586e-02	1.555590e-03	
5979	5.653755e-02	1.555696e-03	
5980	5.654857e-02	1.555704e-03	
5981	5.656051e-02	1.555811e-03	
5982	5.657220e-02	1.555824e-03	
5983	5.658322e-02	1.555927e-03	
5984	5.659517e-02	1.555942e-03	
5985	5.660686e-02	1.556049e-03	
5986	5.661787e-02	1.556060e-03	
5987	5.662982e-02	1.556169e-03	
5988	5.664151e-02	1.556185e-03	
5989	5.665253e-02	1.556290e-03	
5990	5.666447e-02	1.556308e-03	
5991	5.667617e-02	1.556417e-03	
5992	5.668718e-02	1.556431e-03	
5993	5.669913e-02	1.556542e-03	
5994	5.671082e-02	1.556561e-03	
5995	5.672183e-02	1.556666e-03	
5996	5.673378e-02	1.556688e-03	
5997	5.674548e-02	1.556798e-03	
5998	5.675648e-02	1.556816e-03	
5999	5.676844e-02	1.556928e-03	
6000	5.678013e-02	1.556950e-03	
6001	5.679114e-02	1.557058e-03	
6002	5.680309e-02	1.557082e-03	
6003	5.681479e-02	1.557194e-03	
6004	5.682579e-02	1.557215e-03	
6005	5.683774e-02	1.557329e-03	
6006	5.684944e-02	1.557354e-03	
6007	5.686044e-02	1.557462e-03	
6008	5.687240e-02	1.557491e-03	
6009	5.688410e-02	1.557604e-03	
6010	5.689510e-02	1.557627e-03	
6011	5.690705e-02	1.557743e-03	
6012	5.691875e-02	1.557771e-03	
6013	5.692975e-02	1.557881e-03	
6014	5.694170e-02	1.557913e-03	
6015	5.695341e-02	1.558027e-03	
6016	5.696440e-02	1.558054e-03	
6017	5.697636e-02	1.558171e-03	
6018	5.698806e-02	1.558202e-03	
6019	5.699906e-02	1.558313e-03	
6020	5.701101e-02	1.558348e-03	
6021	5.702272e-02	1.558464e-03	
6022	5.703371e-02	1.558494e-03	
6023	5.704567e-02	1.558612e-03	
6024	5.705737e-02	1.558647e-03	
6025	5.706836e-02	1.558759e-03	
6026	5.708032e-02	1.558797e-03	
6027	5.709202e-02	1.558914e-03	
6028	5.710301e-02	1.558947e-03	

Index   time            v3#branch       
--------------------------------------------------------------------------------
6029	5.711497e-02	1.559066e-03	
6030	5.712668e-02	1.559105e-03	
6031	5.713767e-02	1.559218e-03	
6032	5.714963e-02	1.559259e-03	
6033	5.716133e-02	1.559378e-03	
6034	5.717232e-02	1.559413e-03	
6035	5.718428e-02	1.559534e-03	
6036	5.719599e-02	1.559575e-03	
6037	5.720697e-02	1.559690e-03	
6038	5.721894e-02	1.559734e-03	
6039	5.723064e-02	1.559854e-03	
6040	5.724163e-02	1.559892e-03	
6041	5.725359e-02	1.560015e-03	
6042	5.726530e-02	1.560059e-03	
6043	5.727628e-02	1.560175e-03	
6044	5.728824e-02	1.560222e-03	
6045	5.729995e-02	1.560343e-03	
6046	5.731093e-02	1.560384e-03	
6047	5.732290e-02	1.560508e-03	
6048	5.733460e-02	1.560555e-03	
6049	5.734559e-02	1.560672e-03	
6050	5.735755e-02	1.560722e-03	
6051	5.736926e-02	1.560845e-03	
6052	5.738024e-02	1.560889e-03	
6053	5.739220e-02	1.561014e-03	
6054	5.740391e-02	1.561064e-03	
6055	5.741489e-02	1.561182e-03	
6056	5.742686e-02	1.561235e-03	
6057	5.743857e-02	1.561359e-03	
6058	5.744955e-02	1.561405e-03	
6059	5.746151e-02	1.561532e-03	
6060	5.747322e-02	1.561585e-03	
6061	5.748420e-02	1.561704e-03	
6062	5.749617e-02	1.561760e-03	
6063	5.750788e-02	1.561885e-03	
6064	5.751885e-02	1.561934e-03	
6065	5.753082e-02	1.562062e-03	
6066	5.754253e-02	1.562118e-03	
6067	5.755351e-02	1.562238e-03	
6068	5.756547e-02	1.562297e-03	
6069	5.757718e-02	1.562423e-03	
6070	5.758816e-02	1.562475e-03	
6071	5.760013e-02	1.562604e-03	
6072	5.761184e-02	1.562662e-03	
6073	5.762281e-02	1.562783e-03	
6074	5.763478e-02	1.562845e-03	
6075	5.764649e-02	1.562972e-03	
6076	5.765747e-02	1.563028e-03	
6077	5.766943e-02	1.563157e-03	
6078	5.768115e-02	1.563219e-03	
6079	5.769212e-02	1.563341e-03	
6080	5.770409e-02	1.563405e-03	
6081	5.771580e-02	1.563534e-03	
6082	5.772677e-02	1.563592e-03	
6083	5.773874e-02	1.563722e-03	
6084	5.775045e-02	1.563787e-03	
6085	5.776143e-02	1.563910e-03	
6086	5.777340e-02	1.563977e-03	

Index   time            v3#branch       
--------------------------------------------------------------------------------
6087	5.778511e-02	1.564106e-03	
6088	5.779608e-02	1.564167e-03	
6089	5.780805e-02	1.564299e-03	
6090	5.781976e-02	1.564366e-03	
6091	5.783073e-02	1.564490e-03	
6092	5.784270e-02	1.564560e-03	
6093	5.785441e-02	1.564690e-03	
6094	5.786539e-02	1.564753e-03	
6095	5.787736e-02	1.564886e-03	
6096	5.788907e-02	1.564956e-03	
6097	5.790004e-02	1.565080e-03	
6098	5.791201e-02	1.565154e-03	
6099	5.792372e-02	1.565285e-03	
6100	5.793469e-02	1.565351e-03	
6101	5.794666e-02	1.565484e-03	
6102	5.795838e-02	1.565557e-03	
6103	5.796935e-02	1.565682e-03	
6104	5.798132e-02	1.565758e-03	
6105	5.799303e-02	1.565890e-03	
6106	5.800400e-02	1.565958e-03	
6107	5.801597e-02	1.566093e-03	
6108	5.802768e-02	1.566169e-03	
6109	5.803865e-02	1.566295e-03	
6110	5.805062e-02	1.566373e-03	
6111	5.806234e-02	1.566506e-03	
6112	5.807331e-02	1.566577e-03	
6113	5.808528e-02	1.566712e-03	
6114	5.809699e-02	1.566790e-03	
6115	5.810796e-02	1.566917e-03	
6116	5.811993e-02	1.566998e-03	
6117	5.813164e-02	1.567132e-03	
6118	5.814261e-02	1.567206e-03	
6119	5.815458e-02	1.567342e-03	
6120	5.816629e-02	1.567423e-03	
6121	5.817727e-02	1.567550e-03	
6122	5.818924e-02	1.567634e-03	
6123	5.820095e-02	1.567769e-03	
6124	5.821192e-02	1.567844e-03	
6125	5.822389e-02	1.567982e-03	
6126	5.823560e-02	1.568065e-03	
6127	5.824657e-02	1.568193e-03	
6128	5.825854e-02	1.568279e-03	
6129	5.827025e-02	1.568415e-03	
6130	5.828123e-02	1.568493e-03	
6131	5.829319e-02	1.568631e-03	
6132	5.830491e-02	1.568717e-03	
6133	5.831588e-02	1.568846e-03	
6134	5.832785e-02	1.568935e-03	
6135	5.833956e-02	1.569071e-03	
6136	5.835053e-02	1.569151e-03	
6137	5.836250e-02	1.569290e-03	
6138	5.837421e-02	1.569378e-03	
6139	5.838519e-02	1.569508e-03	
6140	5.839715e-02	1.569599e-03	
6141	5.840886e-02	1.569736e-03	
6142	5.841984e-02	1.569819e-03	
6143	5.843181e-02	1.569959e-03	
6144	5.844352e-02	1.570049e-03	

Index   time            v3#branch       
--------------------------------------------------------------------------------
6145	5.845449e-02	1.570179e-03	
6146	5.846646e-02	1.570274e-03	
6147	5.847817e-02	1.570411e-03	
6148	5.848914e-02	1.570496e-03	
6149	5.850111e-02	1.570637e-03	
6150	5.851282e-02	1.570730e-03	
6151	5.852380e-02	1.570860e-03	
6152	5.853576e-02	1.570957e-03	
6153	5.854747e-02	1.571095e-03	
6154	5.855845e-02	1.571183e-03	
6155	5.857042e-02	1.571324e-03	
6156	5.858213e-02	1.571419e-03	
6157	5.859310e-02	1.571551e-03	
6158	5.860507e-02	1.571650e-03	
6159	5.861678e-02	1.571789e-03	
6160	5.862776e-02	1.571879e-03	
6161	5.863972e-02	1.572020e-03	
6162	5.865143e-02	1.572118e-03	
6163	5.866241e-02	1.572250e-03	
6164	5.867437e-02	1.572351e-03	
6165	5.868608e-02	1.572491e-03	
6166	5.869706e-02	1.572583e-03	
6167	5.870902e-02	1.572726e-03	
6168	5.872073e-02	1.572826e-03	
6169	5.873171e-02	1.572958e-03	
6170	5.874368e-02	1.573062e-03	
6171	5.875538e-02	1.573202e-03	
6172	5.876637e-02	1.573297e-03	
6173	5.877833e-02	1.573440e-03	
6174	5.879004e-02	1.573543e-03	
6175	5.880102e-02	1.573675e-03	
6176	5.881298e-02	1.573782e-03	
6177	5.882469e-02	1.573922e-03	
6178	5.883567e-02	1.574020e-03	
6179	5.884763e-02	1.574163e-03	
6180	5.885934e-02	1.574268e-03	
6181	5.887032e-02	1.574402e-03	
6182	5.888228e-02	1.574510e-03	
6183	5.889399e-02	1.574652e-03	
6184	5.890497e-02	1.574751e-03	
6185	5.891693e-02	1.574895e-03	
6186	5.892864e-02	1.575003e-03	
6187	5.893963e-02	1.575137e-03	
6188	5.895159e-02	1.575248e-03	
6189	5.896329e-02	1.575390e-03	
6190	5.897428e-02	1.575492e-03	
6191	5.898624e-02	1.575637e-03	
6192	5.899794e-02	1.575747e-03	
6193	5.900893e-02	1.575881e-03	
6194	5.902089e-02	1.575995e-03	
6195	5.903259e-02	1.576138e-03	
6196	5.904358e-02	1.576242e-03	
6197	5.905554e-02	1.576388e-03	
6198	5.906724e-02	1.576500e-03	
6199	5.907823e-02	1.576636e-03	
6200	5.909019e-02	1.576752e-03	
6201	5.910189e-02	1.576895e-03	
6202	5.911289e-02	1.577002e-03	

Index   time            v3#branch       
--------------------------------------------------------------------------------
6203	5.912484e-02	1.577148e-03	
6204	5.913654e-02	1.577264e-03	
6205	5.914754e-02	1.577400e-03	
6206	5.915949e-02	1.577519e-03	
6207	5.917119e-02	1.577663e-03	
6208	5.918219e-02	1.577772e-03	
6209	5.919414e-02	1.577920e-03	
6210	5.920584e-02	1.578038e-03	
6211	5.921684e-02	1.578174e-03	
6212	5.922879e-02	1.578296e-03	
6213	5.924049e-02	1.578441e-03	
6214	5.925149e-02	1.578554e-03	
6215	5.926344e-02	1.578702e-03	
6216	5.927514e-02	1.578823e-03	
6217	5.928614e-02	1.578961e-03	
6218	5.929809e-02	1.579086e-03	
6219	5.930979e-02	1.579232e-03	
6220	5.932079e-02	1.579347e-03	
6221	5.933274e-02	1.579497e-03	
6222	5.934444e-02	1.579621e-03	
6223	5.935545e-02	1.579760e-03	
6224	5.936739e-02	1.579889e-03	
6225	5.937909e-02	1.580036e-03	
6226	5.939010e-02	1.580155e-03	
6227	5.940204e-02	1.580306e-03	
6228	5.941373e-02	1.580434e-03	
6229	5.942475e-02	1.580574e-03	
6230	5.943669e-02	1.580707e-03	
6231	5.944838e-02	1.580856e-03	
6232	5.945940e-02	1.580979e-03	
6233	5.947134e-02	1.581132e-03	
6234	5.948303e-02	1.581265e-03	
6235	5.949405e-02	1.581407e-03	
6236	5.950599e-02	1.581545e-03	
6237	5.951768e-02	1.581696e-03	
6238	5.952870e-02	1.581824e-03	
6239	5.954064e-02	1.581980e-03	
6240	5.955232e-02	1.582118e-03	
6241	5.956335e-02	1.582264e-03	
6242	5.957528e-02	1.582407e-03	
6243	5.958697e-02	1.582563e-03	
6244	5.959800e-02	1.582697e-03	
6245	5.960993e-02	1.582857e-03	
6246	5.962162e-02	1.583003e-03	
6247	5.963265e-02	1.583153e-03	
6248	5.964458e-02	1.583305e-03	
6249	5.965626e-02	1.583466e-03	
6250	5.966730e-02	1.583609e-03	
6251	5.967923e-02	1.583777e-03	
6252	5.969091e-02	1.583933e-03	
6253	5.970194e-02	1.584091e-03	
6254	5.971387e-02	1.584255e-03	
6255	5.972555e-02	1.584427e-03	
6256	5.973659e-02	1.584584e-03	
6257	5.974852e-02	1.584765e-03	
6258	5.976019e-02	1.584939e-03	
6259	5.977124e-02	1.585112e-03	
6260	5.978316e-02	1.585299e-03	

Index   time            v3#branch       
--------------------------------------------------------------------------------
6261	5.979484e-02	1.585491e-03	
6262	5.980589e-02	1.585676e-03	
6263	5.981781e-02	1.585884e-03	
6264	5.982948e-02	1.586095e-03	
6265	5.984054e-02	1.586304e-03	
6266	5.985245e-02	1.586543e-03	
6267	5.986412e-02	1.586789e-03	
6268	5.987518e-02	1.587044e-03	
6269	5.988709e-02	1.587334e-03	
6270	5.989875e-02	1.587659e-03	
6271	5.990983e-02	1.587991e-03	
6272	5.992173e-02	1.588425e-03	
6273	5.993339e-02	1.588909e-03	
6274	5.994447e-02	1.589517e-03	
6275	5.995636e-02	1.590326e-03	
6276	5.996801e-02	1.591543e-03	
6277	5.997911e-02	1.593246e-03	
6278	5.999101e-02	1.596767e-03	
6279	6.000267e-02	1.602638e-03	
6280	6.001386e-02	1.612346e-03	
6281	6.002576e-02	1.624414e-03	
6282	6.003743e-02	1.638523e-03	
6283	6.004862e-02	1.651714e-03	
6284	6.006044e-02	1.667247e-03	
6285	6.007203e-02	1.681957e-03	
6286	6.008318e-02	1.697744e-03	
6287	6.009497e-02	1.714249e-03	
6288	6.010653e-02	1.732773e-03	
6289	6.011782e-02	1.751753e-03	
6290	6.012963e-02	1.775687e-03	
6291	6.014122e-02	1.802918e-03	
6292	6.015251e-02	1.836904e-03	
6293	6.016431e-02	1.882492e-03	
6294	6.017589e-02	1.943320e-03	
6295	6.018714e-02	2.024646e-03	
6296	6.019894e-02	2.143391e-03	
6297	6.021051e-02	2.308364e-03	
6298	6.022177e-02	2.528462e-03	
6299	6.023356e-02	2.845023e-03	
6300	6.024512e-02	3.253728e-03	
6301	6.025641e-02	3.768573e-03	
6302	6.026823e-02	4.432342e-03	
6303	6.027982e-02	5.216123e-03	
6304	6.029110e-02	6.098078e-03	
6305	6.030293e-02	7.142593e-03	
6306	6.031452e-02	8.272301e-03	
6307	6.032574e-02	9.454518e-03	
6308	6.033756e-02	1.078306e-02	
6309	6.034914e-02	1.215752e-02	
6310	6.036037e-02	1.355058e-02	
6311	6.037221e-02	1.507131e-02	
6312	6.038380e-02	1.661098e-02	
6313	6.039771e-02	1.852687e-02	
6314	6.041030e-02	2.027136e-02	
6315	6.042254e-02	2.198284e-02	
6316	6.043139e-02	2.324078e-02	
6317	6.044283e-02	2.487951e-02	
6318	6.045403e-02	2.650436e-02	

Index   time            v3#branch       
--------------------------------------------------------------------------------
6319	6.046443e-02	2.802394e-02	
6320	6.047628e-02	2.977433e-02	
6321	6.048790e-02	3.150398e-02	
6322	6.049920e-02	3.319970e-02	
6323	6.051129e-02	3.502089e-02	
6324	6.052313e-02	3.681210e-02	
6325	6.053452e-02	3.852854e-02	
6326	6.054685e-02	4.034951e-02	
6327	6.055894e-02	4.200702e-02	
6328	6.056549e-02	4.280568e-02	
6329	6.057551e-02	4.382839e-02	
6330	6.058498e-02	4.458270e-02	
6331	6.059892e-02	4.539004e-02	
6332	6.061152e-02	4.590753e-02	
6333	6.062443e-02	4.629816e-02	
6334	6.063690e-02	4.658369e-02	
6335	6.064867e-02	4.678680e-02	
6336	6.066014e-02	4.694043e-02	
6337	6.067109e-02	4.705545e-02	
6338	6.068172e-02	4.714400e-02	
6339	6.069273e-02	4.721624e-02	
6340	6.070511e-02	4.727953e-02	
6341	6.071686e-02	4.732511e-02	
6342	6.072845e-02	4.736044e-02	
6343	6.074186e-02	4.739101e-02	
6344	6.075310e-02	4.741123e-02	
6345	6.076280e-02	4.742449e-02	
6346	6.076970e-02	4.743315e-02	
6347	6.077630e-02	4.743935e-02	
6348	6.078439e-02	4.744707e-02	
6349	6.079335e-02	4.745291e-02	
6350	6.080275e-02	4.745897e-02	
6351	6.081134e-02	4.746180e-02	
6352	6.082052e-02	4.746500e-02	
6353	6.082865e-02	4.746588e-02	
6354	6.083679e-02	4.746823e-02	
6355	6.084586e-02	4.746911e-02	
6356	6.085471e-02	4.747166e-02	
6357	6.086382e-02	4.747249e-02	
6358	6.087248e-02	4.747504e-02	
6359	6.088027e-02	4.747558e-02	
6360	6.088933e-02	4.747824e-02	
6361	6.089796e-02	4.747888e-02	
6362	6.090677e-02	4.748151e-02	
6363	6.091768e-02	4.748253e-02	
6364	6.092647e-02	4.748516e-02	
6365	6.093538e-02	4.748578e-02	
6366	6.094423e-02	4.748843e-02	
6367	6.095269e-02	4.748894e-02	
6368	6.096070e-02	4.749144e-02	
6369	6.096920e-02	4.749193e-02	
6370	6.097882e-02	4.749472e-02	
6371	6.098751e-02	4.749524e-02	
6372	6.099536e-02	4.749770e-02	
6373	6.100389e-02	4.749818e-02	
6374	6.101336e-02	4.750093e-02	
6375	6.102249e-02	4.750151e-02	
6376	6.103181e-02	4.750423e-02	

Index   time            v3#branch       
--------------------------------------------------------------------------------
6377	6.104045e-02	4.750472e-02	
6378	6.104809e-02	4.750713e-02	
6379	6.105734e-02	4.750773e-02	
6380	6.106569e-02	4.751025e-02	
6381	6.107468e-02	4.751081e-02	
6382	6.108506e-02	4.751368e-02	
6383	6.109366e-02	4.751418e-02	
6384	6.110240e-02	4.751674e-02	
6385	6.111167e-02	4.751736e-02	
6386	6.112029e-02	4.751989e-02	
6387	6.112816e-02	4.752027e-02	
6388	6.113653e-02	4.752274e-02	
6389	6.114593e-02	4.752340e-02	
6390	6.115450e-02	4.752589e-02	
6391	6.116273e-02	4.752635e-02	
6392	6.117147e-02	4.752886e-02	
6393	6.118156e-02	4.752965e-02	
6394	6.119070e-02	4.753221e-02	
6395	6.120001e-02	4.753288e-02	
6396	6.120843e-02	4.753530e-02	
6397	6.121621e-02	4.753570e-02	
6398	6.122441e-02	4.753807e-02	
6399	6.123270e-02	4.753857e-02	
6400	6.124189e-02	4.754110e-02	
6401	6.125201e-02	4.754191e-02	
6402	6.126053e-02	4.754432e-02	
6403	6.126915e-02	4.754488e-02	
6404	6.127813e-02	4.754736e-02	
6405	6.128670e-02	4.754790e-02	
6406	6.129479e-02	4.755022e-02	
6407	6.130336e-02	4.755077e-02	
6408	6.131191e-02	4.755316e-02	
6409	6.132079e-02	4.755376e-02	
6410	6.132872e-02	4.755603e-02	
6411	6.133723e-02	4.755657e-02	
6412	6.134666e-02	4.755910e-02	
6413	6.135583e-02	4.755974e-02	
6414	6.136520e-02	4.756225e-02	
6415	6.137376e-02	4.756279e-02	
6416	6.138144e-02	4.756501e-02	
6417	6.139061e-02	4.756565e-02	
6418	6.139901e-02	4.756798e-02	
6419	6.140794e-02	4.756858e-02	
6420	6.141850e-02	4.757127e-02	
6421	6.142718e-02	4.757182e-02	
6422	6.143597e-02	4.757421e-02	
6423	6.144515e-02	4.757484e-02	
6424	6.145372e-02	4.757719e-02	
6425	6.146161e-02	4.757759e-02	
6426	6.146996e-02	4.757991e-02	
6427	6.147938e-02	4.758056e-02	
6428	6.148801e-02	4.758292e-02	
6429	6.149619e-02	4.758336e-02	
6430	6.150491e-02	4.758573e-02	
6431	6.151484e-02	4.758645e-02	
6432	6.152398e-02	4.758890e-02	
6433	6.153330e-02	4.758951e-02	
6434	6.154171e-02	4.759183e-02	

Index   time            v3#branch       
--------------------------------------------------------------------------------
6435	6.154944e-02	4.759217e-02	
6436	6.155768e-02	4.759446e-02	
6437	6.156600e-02	4.759489e-02	
6438	6.157510e-02	4.759732e-02	
6439	6.158540e-02	4.759807e-02	
6440	6.159401e-02	4.760042e-02	
6441	6.160272e-02	4.760090e-02	
6442	6.161166e-02	4.760330e-02	
6443	6.162018e-02	4.760374e-02	
6444	6.162821e-02	4.760599e-02	
6445	6.163674e-02	4.760643e-02	
6446	6.164538e-02	4.760877e-02	
6447	6.165431e-02	4.760927e-02	
6448	6.166222e-02	4.761149e-02	
6449	6.167075e-02	4.761192e-02	
6450	6.168016e-02	4.761438e-02	
6451	6.168934e-02	4.761490e-02	
6452	6.169873e-02	4.761736e-02	
6453	6.170726e-02	4.761777e-02	
6454	6.171495e-02	4.761996e-02	
6455	6.172408e-02	4.762045e-02	
6456	6.173250e-02	4.762275e-02	
6457	6.174141e-02	4.762321e-02	
6458	6.175206e-02	4.762586e-02	
6459	6.176078e-02	4.762627e-02	
6460	6.176960e-02	4.762863e-02	
6461	6.177875e-02	4.762911e-02	
6462	6.178729e-02	4.763142e-02	
6463	6.179518e-02	4.763169e-02	
6464	6.180353e-02	4.763397e-02	
6465	6.181295e-02	4.763447e-02	
6466	6.182161e-02	4.763680e-02	
6467	6.182976e-02	4.763709e-02	
6468	6.183848e-02	4.763942e-02	
6469	6.184833e-02	4.763998e-02	
6470	6.185747e-02	4.764237e-02	
6471	6.186680e-02	4.764284e-02	
6472	6.187521e-02	4.764511e-02	
6473	6.188291e-02	4.764532e-02	
6474	6.189116e-02	4.764757e-02	
6475	6.189951e-02	4.764787e-02	
6476	6.190856e-02	4.765023e-02	
6477	6.191895e-02	4.765084e-02	
6478	6.192759e-02	4.765314e-02	
6479	6.193635e-02	4.765349e-02	
6480	6.194528e-02	4.765583e-02	
6481	6.195377e-02	4.765613e-02	
6482	6.196178e-02	4.765833e-02	
6483	6.197029e-02	4.765863e-02	
6484	6.197988e-02	4.766106e-02	
6485	6.198855e-02	4.766138e-02	
6486	6.199647e-02	4.766355e-02	
6487	6.200505e-02	4.766385e-02	
6488	6.201462e-02	4.766627e-02	
6489	6.202373e-02	4.766664e-02	
6490	6.203304e-02	4.766901e-02	
6491	6.204163e-02	4.766929e-02	
6492	6.204929e-02	4.767142e-02	

Index   time            v3#branch       
--------------------------------------------------------------------------------
6493	6.205761e-02	4.767166e-02	
6494	6.206601e-02	4.767389e-02	
6495	6.207475e-02	4.767418e-02	
6496	6.208542e-02	4.767674e-02	
6497	6.209418e-02	4.767703e-02	
6498	6.210306e-02	4.767932e-02	
6499	6.211214e-02	4.767965e-02	
6500	6.212061e-02	4.768187e-02	
6501	6.212853e-02	4.768203e-02	
6502	6.213681e-02	4.768422e-02	
6503	6.214624e-02	4.768459e-02	
6504	6.215501e-02	4.768685e-02	
6505	6.216308e-02	4.768701e-02	
6506	6.217181e-02	4.768926e-02	
6507	6.218150e-02	4.768965e-02	
6508	6.219067e-02	4.769196e-02	
6509	6.219905e-02	4.769215e-02	
6510	6.220782e-02	4.769440e-02	
6511	6.221575e-02	4.769452e-02	
6512	6.222487e-02	4.769681e-02	
6513	6.223337e-02	4.769701e-02	
6514	6.224250e-02	4.769930e-02	
6515	6.225295e-02	4.769976e-02	
6516	6.226156e-02	4.770197e-02	
6517	6.227027e-02	4.770218e-02	
6518	6.227926e-02	4.770443e-02	
6519	6.228783e-02	4.770462e-02	
6520	6.229588e-02	4.770674e-02	
6521	6.230443e-02	4.770692e-02	
6522	6.231296e-02	4.770910e-02	
6523	6.232182e-02	4.770931e-02	
6524	6.232982e-02	4.771141e-02	
6525	6.233836e-02	4.771157e-02	
6526	6.234787e-02	4.771388e-02	
6527	6.235703e-02	4.771412e-02	
6528	6.236638e-02	4.771640e-02	
6529	6.237492e-02	4.771654e-02	
6530	6.238258e-02	4.771859e-02	
6531	6.239178e-02	4.771881e-02	
6532	6.240014e-02	4.772095e-02	
6533	6.240918e-02	4.772115e-02	
6534	6.241963e-02	4.772355e-02	
6535	6.242826e-02	4.772369e-02	
6536	6.243699e-02	4.772586e-02	
6537	6.244617e-02	4.772607e-02	
6538	6.245476e-02	4.772821e-02	
6539	6.246265e-02	4.772824e-02	
6540	6.247107e-02	4.773036e-02	
6541	6.248051e-02	4.773058e-02	
6542	6.248912e-02	4.773272e-02	
6543	6.249727e-02	4.773276e-02	
6544	6.250597e-02	4.773491e-02	
6545	6.251593e-02	4.773518e-02	
6546	6.252506e-02	4.773738e-02	
6547	6.253436e-02	4.773756e-02	
6548	6.254283e-02	4.773966e-02	
6549	6.255058e-02	4.773963e-02	
6550	6.255881e-02	4.774170e-02	

Index   time            v3#branch       
--------------------------------------------------------------------------------
6551	6.256713e-02	4.774174e-02	
6552	6.257621e-02	4.774391e-02	
6553	6.258645e-02	4.774419e-02	
6554	6.259503e-02	4.774629e-02	
6555	6.260371e-02	4.774636e-02	
6556	6.261271e-02	4.774850e-02	
6557	6.262126e-02	4.774855e-02	
6558	6.262927e-02	4.775057e-02	
6559	6.263779e-02	4.775060e-02	
6560	6.264737e-02	4.775281e-02	
6561	6.265599e-02	4.775285e-02	
6562	6.266396e-02	4.775485e-02	
6563	6.267256e-02	4.775489e-02	
6564	6.268223e-02	4.775709e-02	
6565	6.269133e-02	4.775717e-02	
6566	6.270062e-02	4.775932e-02	
6567	6.270922e-02	4.775934e-02	
6568	6.271693e-02	4.776129e-02	
6569	6.272521e-02	4.776127e-02	
6570	6.273359e-02	4.776329e-02	
6571	6.274241e-02	4.776332e-02	
6572	6.275291e-02	4.776560e-02	
6573	6.276161e-02	4.776560e-02	
6574	6.277041e-02	4.776767e-02	
6575	6.277951e-02	4.776771e-02	
6576	6.278802e-02	4.776974e-02	
6577	6.279594e-02	4.776964e-02	
6578	6.280427e-02	4.777164e-02	
6579	6.281372e-02	4.777171e-02	
6580	6.282244e-02	4.777374e-02	
6581	6.283052e-02	4.777365e-02	
6582	6.283923e-02	4.777568e-02	
6583	6.284894e-02	4.777576e-02	
6584	6.285809e-02	4.777783e-02	
6585	6.286744e-02	4.777787e-02	
6586	6.287585e-02	4.777985e-02	
6587	6.288350e-02	4.777969e-02	
6588	6.289178e-02	4.778164e-02	
6589	6.290016e-02	4.778156e-02	
6590	6.290911e-02	4.778358e-02	
6591	6.291969e-02	4.778373e-02	
6592	6.292842e-02	4.778573e-02	
6593	6.293727e-02	4.778568e-02	
6594	6.294618e-02	4.778769e-02	
6595	6.295463e-02	4.778758e-02	
6596	6.296258e-02	4.778948e-02	
6597	6.297103e-02	4.778937e-02	
6598	6.298057e-02	4.779143e-02	
6599	6.298933e-02	4.779135e-02	
6600	6.299725e-02	4.779323e-02	
6601	6.300586e-02	4.779312e-02	
6602	6.301539e-02	4.779517e-02	
6603	6.302453e-02	4.779511e-02	
6604	6.303387e-02	4.779713e-02	
6605	6.304241e-02	4.779700e-02	
6606	6.305004e-02	4.779883e-02	
6607	6.305927e-02	4.779877e-02	
6608	6.306761e-02	4.780066e-02	

Index   time            v3#branch       
--------------------------------------------------------------------------------
6609	6.307672e-02	4.780058e-02	
6610	6.308708e-02	4.780268e-02	
6611	6.309567e-02	4.780253e-02	
6612	6.310436e-02	4.780445e-02	
6613	6.311355e-02	4.780436e-02	
6614	6.312216e-02	4.780626e-02	
6615	6.313006e-02	4.780603e-02	
6616	6.313852e-02	4.780791e-02	
6617	6.314798e-02	4.780783e-02	
6618	6.315656e-02	4.780972e-02	
6619	6.316470e-02	4.780950e-02	
6620	6.317338e-02	4.781138e-02	
6621	6.318338e-02	4.781134e-02	
6622	6.319250e-02	4.781326e-02	
6623	6.320180e-02	4.781314e-02	
6624	6.321030e-02	4.781500e-02	
6625	6.321808e-02	4.781472e-02	
6626	6.322630e-02	4.781654e-02	
6627	6.323460e-02	4.781631e-02	
6628	6.324368e-02	4.781820e-02	
6629	6.325387e-02	4.781814e-02	
6630	6.326241e-02	4.781998e-02	
6631	6.327106e-02	4.781976e-02	
6632	6.328011e-02	4.782164e-02	
6633	6.328868e-02	4.782141e-02	
6634	6.329668e-02	4.782318e-02	
6635	6.330520e-02	4.782294e-02	
6636	6.331380e-02	4.782476e-02	
6637	6.332269e-02	4.782454e-02	
6638	6.333069e-02	4.782630e-02	
6639	6.333927e-02	4.782605e-02	
6640	6.334878e-02	4.782794e-02	
6641	6.335795e-02	4.782773e-02	
6642	6.336733e-02	4.782960e-02	
6643	6.337582e-02	4.782932e-02	
6644	6.338348e-02	4.783103e-02	
6645	6.339266e-02	4.783081e-02	
6646	6.340103e-02	4.783257e-02	
6647	6.341009e-02	4.783233e-02	
6648	6.342057e-02	4.783426e-02	
6649	6.342922e-02	4.783398e-02	
6650	6.343797e-02	4.783575e-02	
6651	6.344710e-02	4.783550e-02	
6652	6.345567e-02	4.783726e-02	
6653	6.346356e-02	4.783690e-02	
6654	6.347200e-02	4.783863e-02	
6655	6.348146e-02	4.783839e-02	
6656	6.349009e-02	4.784013e-02	
6657	6.349821e-02	4.783978e-02	
6658	6.350689e-02	4.784151e-02	
6659	6.351678e-02	4.784130e-02	
6660	6.352590e-02	4.784306e-02	
6661	6.353520e-02	4.784278e-02	
6662	6.354370e-02	4.784449e-02	
6663	6.355143e-02	4.784408e-02	
6664	6.355968e-02	4.784576e-02	
6665	6.356800e-02	4.784539e-02	
6666	6.357703e-02	4.784712e-02	

Index   time            v3#branch       
--------------------------------------------------------------------------------
6667	6.358734e-02	4.784690e-02	
6668	6.359594e-02	4.784859e-02	
6669	6.360465e-02	4.784824e-02	
6670	6.361367e-02	4.784995e-02	
6671	6.362221e-02	4.784958e-02	
6672	6.363018e-02	4.785120e-02	
6673	6.363867e-02	4.785082e-02	
6674	6.364821e-02	4.785255e-02	
6675	6.365687e-02	4.785217e-02	
6676	6.366486e-02	4.785378e-02	
6677	6.367347e-02	4.785339e-02	
6678	6.368313e-02	4.785511e-02	
6679	6.369224e-02	4.785475e-02	
6680	6.370154e-02	4.785644e-02	
6681	6.371010e-02	4.785603e-02	
6682	6.371778e-02	4.785759e-02	
6683	6.372608e-02	4.785716e-02	
6684	6.373446e-02	4.785876e-02	
6685	6.374329e-02	4.785836e-02	
6686	6.375385e-02	4.786011e-02	
6687	6.376256e-02	4.785969e-02	
6688	6.377138e-02	4.786130e-02	
6689	6.378044e-02	4.786090e-02	
6690	6.378892e-02	4.786248e-02	
6691	6.379685e-02	4.786199e-02	
6692	6.380520e-02	4.786357e-02	
6693	6.381466e-02	4.786317e-02	
6694	6.382341e-02	4.786476e-02	
6695	6.383144e-02	4.786426e-02	
6696	6.384013e-02	4.786584e-02	
6697	6.384980e-02	4.786544e-02	
6698	6.385895e-02	4.786703e-02	
6699	6.386830e-02	4.786660e-02	
6700	6.387674e-02	4.786814e-02	
6701	6.388437e-02	4.786760e-02	
6702	6.389267e-02	4.786913e-02	
6703	6.390106e-02	4.786862e-02	
6704	6.390995e-02	4.787018e-02	
6705	6.392059e-02	4.786980e-02	
6706	6.392935e-02	4.787133e-02	
6707	6.393823e-02	4.787085e-02	
6708	6.394715e-02	4.787238e-02	
6709	6.395560e-02	4.787186e-02	
6710	6.396353e-02	4.787333e-02	
6711	6.397194e-02	4.787280e-02	
6712	6.398145e-02	4.787434e-02	
6713	6.399023e-02	4.787383e-02	
6714	6.399817e-02	4.787528e-02	
6715	6.400680e-02	4.787475e-02	
6716	6.401635e-02	4.787628e-02	
6717	6.402550e-02	4.787576e-02	
6718	6.403486e-02	4.787727e-02	
6719	6.404335e-02	4.787672e-02	
6720	6.405099e-02	4.787813e-02	
6721	6.406021e-02	4.787760e-02	
6722	6.406855e-02	4.787904e-02	
6723	6.407768e-02	4.787851e-02	
6724	6.408806e-02	4.788004e-02	

Index   time            v3#branch       
--------------------------------------------------------------------------------
6725	6.409665e-02	4.787946e-02	
6726	6.410535e-02	4.788090e-02	
6727	6.411449e-02	4.788035e-02	
6728	6.412309e-02	4.788177e-02	
6729	6.413102e-02	4.788115e-02	
6730	6.413949e-02	4.788256e-02	
6731	6.414899e-02	4.788201e-02	
6732	6.415756e-02	4.788341e-02	
6733	6.416567e-02	4.788279e-02	
6734	6.417433e-02	4.788418e-02	
6735	6.418428e-02	4.788364e-02	
6736	6.419340e-02	4.788504e-02	
6737	6.420269e-02	4.788446e-02	
6738	6.421122e-02	4.788583e-02	
6739	6.421899e-02	4.788517e-02	
6740	6.422722e-02	4.788652e-02	
6741	6.423553e-02	4.788588e-02	
6742	6.424457e-02	4.788725e-02	
6743	6.425479e-02	4.788668e-02	
6744	6.426335e-02	4.788803e-02	
6745	6.427202e-02	4.788738e-02	
6746	6.428109e-02	4.788874e-02	
6747	6.428966e-02	4.788808e-02	
6748	6.429763e-02	4.788939e-02	
6749	6.430611e-02	4.788872e-02	
6750	6.431565e-02	4.789008e-02	
6751	6.432427e-02	4.788941e-02	
6752	6.433230e-02	4.789070e-02	
6753	6.434092e-02	4.789002e-02	
6754	6.435067e-02	4.789136e-02	
6755	6.435979e-02	4.789070e-02	
6756	6.436908e-02	4.789201e-02	
6757	6.437764e-02	4.789132e-02	
6758	6.438535e-02	4.789257e-02	
6759	6.439362e-02	4.789186e-02	
6760	6.440198e-02	4.789313e-02	
6761	6.441088e-02	4.789243e-02	
6762	6.442132e-02	4.789375e-02	
6763	6.442998e-02	4.789304e-02	
6764	6.443875e-02	4.789430e-02	
6765	6.444782e-02	4.789359e-02	
6766	6.445633e-02	4.789483e-02	
6767	6.446425e-02	4.789408e-02	
6768	6.447265e-02	4.789531e-02	
6769	6.448212e-02	4.789460e-02	
6770	6.449083e-02	4.789582e-02	
6771	6.449887e-02	4.789506e-02	
6772	6.450754e-02	4.789628e-02	
6773	6.451721e-02	4.789556e-02	
6774	6.452635e-02	4.789677e-02	
6775	6.453569e-02	4.789604e-02	
6776	6.454416e-02	4.789723e-02	
6777	6.455181e-02	4.789644e-02	
6778	6.456010e-02	4.789761e-02	
6779	6.456848e-02	4.789684e-02	
6780	6.457737e-02	4.789802e-02	
6781	6.458797e-02	4.789728e-02	
6782	6.459670e-02	4.789845e-02	

Index   time            v3#branch       
--------------------------------------------------------------------------------
6783	6.460556e-02	4.789767e-02	
6784	6.461452e-02	4.789883e-02	
6785	6.462298e-02	4.789803e-02	
6786	6.463091e-02	4.789916e-02	
6787	6.463931e-02	4.789836e-02	
6788	6.464881e-02	4.789951e-02	
6789	6.465757e-02	4.789870e-02	
6790	6.466553e-02	4.789982e-02	
6791	6.467418e-02	4.789900e-02	
6792	6.468376e-02	4.790013e-02	
6793	6.469291e-02	4.789932e-02	
6794	6.470226e-02	4.790043e-02	
6795	6.471075e-02	4.789960e-02	
6796	6.471838e-02	4.790068e-02	
6797	6.472761e-02	4.789985e-02	
6798	6.473593e-02	4.790093e-02	
6799	6.474511e-02	4.790010e-02	
6800	6.475544e-02	4.790119e-02	
6801	6.476401e-02	4.790034e-02	
6802	6.477269e-02	4.790140e-02	
6803	6.478183e-02	4.790055e-02	
6804	6.479043e-02	4.790160e-02	
6805	6.479839e-02	4.790073e-02	
6806	6.480688e-02	4.790177e-02	
6807	6.481543e-02	4.790090e-02	
6808	6.482426e-02	4.790193e-02	
6809	6.483237e-02	4.790105e-02	
6810	6.484099e-02	4.790207e-02	
6811	6.485062e-02	4.790119e-02	
6812	6.485979e-02	4.790221e-02	
6813	6.486915e-02	4.790132e-02	
6814	6.487760e-02	4.790232e-02	
6815	6.488523e-02	4.790141e-02	
6816	6.489446e-02	4.790241e-02	
6817	6.490277e-02	4.790150e-02	
6818	6.491199e-02	4.790248e-02	
6819	6.492229e-02	4.790157e-02	
6820	6.493086e-02	4.790255e-02	
6821	6.493952e-02	4.790162e-02	
6822	6.494864e-02	4.790258e-02	
6823	6.495725e-02	4.790165e-02	
6824	6.496523e-02	4.790260e-02	
6825	6.497374e-02	4.790166e-02	
6826	6.498227e-02	4.790261e-02	
6827	6.499110e-02	4.790166e-02	
6828	6.499919e-02	4.790259e-02	
6829	6.500779e-02	4.790164e-02	
6830	6.501741e-02	4.790256e-02	
6831	6.502657e-02	4.790160e-02	
6832	6.503592e-02	4.790251e-02	
6833	6.504440e-02	4.790154e-02	
6834	6.505203e-02	4.790245e-02	
6835	6.506126e-02	4.790147e-02	
6836	6.506958e-02	4.790237e-02	
6837	6.507877e-02	4.790138e-02	
6838	6.508908e-02	4.790225e-02	
6839	6.509765e-02	4.790126e-02	
6840	6.510632e-02	4.790213e-02	

Index   time            v3#branch       
--------------------------------------------------------------------------------
6841	6.511546e-02	4.790113e-02	
6842	6.512406e-02	4.790199e-02	
6843	6.513203e-02	4.790099e-02	
6844	6.514053e-02	4.790185e-02	
6845	6.514906e-02	4.790084e-02	
6846	6.515789e-02	4.790168e-02	
6847	6.516599e-02	4.790066e-02	
6848	6.517461e-02	4.790150e-02	
6849	6.518423e-02	4.790046e-02	
6850	6.519340e-02	4.790127e-02	
6851	6.520275e-02	4.790023e-02	
6852	6.521122e-02	4.790104e-02	
6853	6.521885e-02	4.790002e-02	
6854	6.522807e-02	4.790081e-02	
6855	6.523639e-02	4.789977e-02	
6856	6.524560e-02	4.790055e-02	
6857	6.525590e-02	4.789947e-02	
6858	6.526447e-02	4.790025e-02	
6859	6.527314e-02	4.789919e-02	
6860	6.528227e-02	4.789995e-02	
6861	6.529088e-02	4.789888e-02	
6862	6.529885e-02	4.789965e-02	
6863	6.530735e-02	4.789858e-02	
6864	6.531588e-02	4.789933e-02	
6865	6.532471e-02	4.789825e-02	
6866	6.533280e-02	4.789899e-02	
6867	6.534141e-02	4.789791e-02	
6868	6.535104e-02	4.789861e-02	
6869	6.536020e-02	4.789751e-02	
6870	6.536956e-02	4.789821e-02	
6871	6.537802e-02	4.789711e-02	
6872	6.538566e-02	4.789784e-02	
6873	6.539488e-02	4.789672e-02	
6874	6.540320e-02	4.789742e-02	
6875	6.541240e-02	4.789629e-02	
6876	6.542271e-02	4.789693e-02	
6877	6.543128e-02	4.789581e-02	
6878	6.543995e-02	4.789649e-02	
6879	6.544907e-02	4.789534e-02	
6880	6.545768e-02	4.789601e-02	
6881	6.546565e-02	4.789489e-02	
6882	6.547416e-02	4.789555e-02	
6883	6.548269e-02	4.789441e-02	
6884	6.549152e-02	4.789505e-02	
6885	6.549960e-02	4.789392e-02	
6886	6.550821e-02	4.789455e-02	
6887	6.551782e-02	4.789336e-02	
6888	6.552699e-02	4.789397e-02	
6889	6.553635e-02	4.789279e-02	
6890	6.554482e-02	4.789340e-02	
6891	6.555245e-02	4.789227e-02	
6892	6.556167e-02	4.789285e-02	
6893	6.557000e-02	4.789168e-02	
6894	6.557918e-02	4.789226e-02	
6895	6.558950e-02	4.789101e-02	
6896	6.559808e-02	4.789160e-02	
6897	6.560676e-02	4.789041e-02	
6898	6.561589e-02	4.789096e-02	

Index   time            v3#branch       
--------------------------------------------------------------------------------
6899	6.562449e-02	4.788976e-02	
6900	6.563245e-02	4.789035e-02	
6901	6.564095e-02	4.788915e-02	
6902	6.564948e-02	4.788970e-02	
6903	6.565831e-02	4.788849e-02	
6904	6.566641e-02	4.788905e-02	
6905	6.567503e-02	4.788783e-02	
6906	6.568466e-02	4.788832e-02	
6907	6.569382e-02	4.788708e-02	
6908	6.570319e-02	4.788757e-02	
6909	6.571164e-02	4.788634e-02	
6910	6.571927e-02	4.788689e-02	
6911	6.572849e-02	4.788563e-02	
6912	6.573682e-02	4.788614e-02	
6913	6.574602e-02	4.788488e-02	
6914	6.575633e-02	4.788529e-02	
6915	6.576491e-02	4.788405e-02	
6916	6.577358e-02	4.788452e-02	
6917	6.578269e-02	4.788324e-02	
6918	6.579129e-02	4.788371e-02	
6919	6.579927e-02	4.788248e-02	
6920	6.580778e-02	4.788294e-02	
6921	6.581631e-02	4.788168e-02	
6922	6.582514e-02	4.788211e-02	
6923	6.583321e-02	4.788087e-02	
6924	6.584181e-02	4.788130e-02	
6925	6.585140e-02	4.787997e-02	
6926	6.586057e-02	4.788037e-02	
6927	6.586993e-02	4.787905e-02	
6928	6.587841e-02	4.787947e-02	
6929	6.588605e-02	4.787823e-02	
6930	6.589526e-02	4.787860e-02	
6931	6.590360e-02	4.787732e-02	
6932	6.591276e-02	4.787768e-02	
6933	6.592310e-02	4.787629e-02	
6934	6.593168e-02	4.787667e-02	
6935	6.594037e-02	4.787535e-02	
6936	6.594951e-02	4.787570e-02	
6937	6.595811e-02	4.787438e-02	
6938	6.596605e-02	4.787478e-02	
6939	6.597453e-02	4.787346e-02	
6940	6.598308e-02	4.787382e-02	
6941	6.599191e-02	4.787248e-02	
6942	6.600001e-02	4.787285e-02	
6943	6.600864e-02	4.787151e-02	
6944	6.601827e-02	4.787179e-02	
6945	6.602744e-02	4.787041e-02	
6946	6.603681e-02	4.787069e-02	
6947	6.604525e-02	4.786935e-02	
6948	6.605288e-02	4.786972e-02	
6949	6.606209e-02	4.786833e-02	
6950	6.607042e-02	4.786865e-02	
6951	6.607963e-02	4.786725e-02	
6952	6.608995e-02	4.786743e-02	
6953	6.609853e-02	4.786607e-02	
6954	6.610721e-02	4.786634e-02	
6955	6.611630e-02	4.786494e-02	
6956	6.612489e-02	4.786521e-02	

Index   time            v3#branch       
--------------------------------------------------------------------------------
6957	6.613288e-02	4.786387e-02	
6958	6.614140e-02	4.786414e-02	
6959	6.614992e-02	4.786276e-02	
6960	6.615875e-02	4.786299e-02	
6961	6.616681e-02	4.786164e-02	
6962	6.617540e-02	4.786188e-02	
6963	6.618498e-02	4.786042e-02	
6964	6.619415e-02	4.786061e-02	
6965	6.620352e-02	4.785915e-02	
6966	6.621200e-02	4.785938e-02	
6967	6.621964e-02	4.785804e-02	
6968	6.622885e-02	4.785820e-02	
6969	6.623719e-02	4.785681e-02	
6970	6.624632e-02	4.785697e-02	
6971	6.625669e-02	4.785542e-02	
6972	6.626528e-02	4.785561e-02	
6973	6.627399e-02	4.785418e-02	
6974	6.628312e-02	4.785432e-02	
6975	6.629172e-02	4.785288e-02	
6976	6.629965e-02	4.785310e-02	
6977	6.630812e-02	4.785167e-02	
6978	6.631761e-02	4.785176e-02	
6979	6.632617e-02	4.785032e-02	
6980	6.633426e-02	4.785051e-02	
6981	6.634292e-02	4.784906e-02	
6982	6.635282e-02	4.784909e-02	
6983	6.636195e-02	4.784760e-02	
6984	6.637125e-02	4.784767e-02	
6985	6.637977e-02	4.784621e-02	
6986	6.638752e-02	4.784640e-02	
6987	6.639576e-02	4.784496e-02	
6988	6.640409e-02	4.784509e-02	
6989	6.641310e-02	4.784358e-02	
6990	6.642336e-02	4.784355e-02	
6991	6.643194e-02	4.784207e-02	
6992	6.644063e-02	4.784215e-02	
6993	6.644969e-02	4.784063e-02	
6994	6.645824e-02	4.784071e-02	
6995	6.646620e-02	4.783927e-02	
6996	6.647468e-02	4.783935e-02	
6997	6.648421e-02	4.783778e-02	
6998	6.649283e-02	4.783783e-02	
6999	6.650083e-02	4.783638e-02	
7000	6.650944e-02	4.783642e-02	
7001	6.651911e-02	4.783483e-02	
7002	6.652823e-02	4.783482e-02	
7003	6.653754e-02	4.783325e-02	
7004	6.654609e-02	4.783328e-02	
7005	6.655377e-02	4.783184e-02	
7006	6.656206e-02	4.783188e-02	
7007	6.657045e-02	4.783038e-02	
7008	6.657929e-02	4.783036e-02	
7009	6.658981e-02	4.782867e-02	
7010	6.659853e-02	4.782865e-02	
7011	6.660735e-02	4.782710e-02	
7012	6.661640e-02	4.782704e-02	
7013	6.662489e-02	4.782552e-02	
7014	6.663281e-02	4.782555e-02	

Index   time            v3#branch       
--------------------------------------------------------------------------------
7015	6.664117e-02	4.782403e-02	
7016	6.665063e-02	4.782392e-02	
7017	6.665935e-02	4.782236e-02	
7018	6.666736e-02	4.782237e-02	
7019	6.667604e-02	4.782081e-02	
7020	6.668569e-02	4.782065e-02	
7021	6.669486e-02	4.781904e-02	
7022	6.670422e-02	4.781890e-02	
7023	6.671265e-02	4.781736e-02	
7024	6.672028e-02	4.781738e-02	
7025	6.672950e-02	4.781575e-02	
7026	6.673781e-02	4.781569e-02	
7027	6.674708e-02	4.781405e-02	
7028	6.675732e-02	4.781380e-02	
7029	6.676587e-02	4.781222e-02	
7030	6.677452e-02	4.781211e-02	
7031	6.678361e-02	4.781048e-02	
7032	6.679222e-02	4.781036e-02	
7033	6.680024e-02	4.780883e-02	
7034	6.680878e-02	4.780871e-02	
7035	6.681726e-02	4.780713e-02	
7036	6.682607e-02	4.780697e-02	
7037	6.683411e-02	4.780543e-02	
7038	6.684268e-02	4.780529e-02	
7039	6.685225e-02	4.780359e-02	
7040	6.686142e-02	4.780338e-02	
7041	6.687078e-02	4.780169e-02	
7042	6.687929e-02	4.780153e-02	
7043	6.688693e-02	4.780002e-02	
7044	6.689614e-02	4.779978e-02	
7045	6.690449e-02	4.779819e-02	
7046	6.691359e-02	4.779795e-02	
7047	6.692395e-02	4.779614e-02	
7048	6.693256e-02	4.779595e-02	
7049	6.694126e-02	4.779431e-02	
7050	6.695042e-02	4.779405e-02	
7051	6.695902e-02	4.779241e-02	
7052	6.696692e-02	4.779227e-02	
7053	6.697538e-02	4.779065e-02	
7054	6.698485e-02	4.779033e-02	
7055	6.699341e-02	4.778870e-02	
7056	6.700151e-02	4.778852e-02	
7057	6.701018e-02	4.778686e-02	
7058	6.702008e-02	4.778648e-02	
7059	6.702921e-02	4.778477e-02	
7060	6.703852e-02	4.778444e-02	
7061	6.704701e-02	4.778279e-02	
7062	6.705476e-02	4.778262e-02	
7063	6.706300e-02	4.778100e-02	
7064	6.707133e-02	4.778076e-02	
7065	6.708036e-02	4.777905e-02	
7066	6.709062e-02	4.777858e-02	
7067	6.709922e-02	4.777691e-02	
7068	6.710792e-02	4.777661e-02	
7069	6.711694e-02	4.777488e-02	
7070	6.712548e-02	4.777459e-02	
7071	6.713346e-02	4.777298e-02	
7072	6.714195e-02	4.777269e-02	

Index   time            v3#branch       
--------------------------------------------------------------------------------
7073	6.715149e-02	4.777089e-02	
7074	6.716011e-02	4.777057e-02	
7075	6.716807e-02	4.776896e-02	
7076	6.717667e-02	4.776863e-02	
7077	6.718630e-02	4.776682e-02	
7078	6.719543e-02	4.776642e-02	
7079	6.720475e-02	4.776464e-02	
7080	6.721330e-02	4.776429e-02	
7081	6.722098e-02	4.776270e-02	
7082	6.722928e-02	4.776238e-02	
7083	6.723768e-02	4.776070e-02	
7084	6.724648e-02	4.776031e-02	
7085	6.725704e-02	4.775837e-02	
7086	6.726578e-02	4.775797e-02	
7087	6.727462e-02	4.775623e-02	
7088	6.728368e-02	4.775579e-02	
7089	6.729216e-02	4.775409e-02	
7090	6.730009e-02	4.775377e-02	
7091	6.730841e-02	4.775209e-02	
7092	6.731786e-02	4.775158e-02	
7093	6.732657e-02	4.774984e-02	
7094	6.733459e-02	4.774950e-02	
7095	6.734328e-02	4.774776e-02	
7096	6.735294e-02	4.774720e-02	
7097	6.736212e-02	4.774540e-02	
7098	6.737052e-02	4.774499e-02	
7099	6.737932e-02	4.774323e-02	
7100	6.738725e-02	4.774287e-02	
7101	6.739636e-02	4.774106e-02	
7102	6.740487e-02	4.774063e-02	
7103	6.741395e-02	4.773882e-02	
7104	6.742440e-02	4.773812e-02	
7105	6.743303e-02	4.773637e-02	
7106	6.744177e-02	4.773588e-02	
7107	6.745077e-02	4.773408e-02	
7108	6.745934e-02	4.773361e-02	
7109	6.746735e-02	4.773192e-02	
7110	6.747588e-02	4.773145e-02	
7111	6.748440e-02	4.772970e-02	
7112	6.749324e-02	4.772917e-02	
7113	6.750121e-02	4.772749e-02	
7114	6.750977e-02	4.772699e-02	
7115	6.751926e-02	4.772510e-02	
7116	6.752845e-02	4.772451e-02	
7117	6.753785e-02	4.772263e-02	
7118	6.754634e-02	4.772212e-02	
7119	6.755402e-02	4.772047e-02	
7120	6.756317e-02	4.771987e-02	
7121	6.757156e-02	4.771812e-02	
7122	6.758057e-02	4.771752e-02	
7123	6.759105e-02	4.771548e-02	
7124	6.759972e-02	4.771493e-02	
7125	6.760849e-02	4.771311e-02	
7126	6.761762e-02	4.771249e-02	
7127	6.762619e-02	4.771070e-02	
7128	6.763409e-02	4.771023e-02	
7129	6.764249e-02	4.770846e-02	
7130	6.765193e-02	4.770777e-02	

Index   time            v3#branch       
--------------------------------------------------------------------------------
7131	6.766052e-02	4.770597e-02	
7132	6.766862e-02	4.770546e-02	
7133	6.767730e-02	4.770365e-02	
7134	6.768711e-02	4.770289e-02	
7135	6.769626e-02	4.770101e-02	
7136	6.770558e-02	4.770030e-02	
7137	6.771402e-02	4.769852e-02	
7138	6.772173e-02	4.769803e-02	
7139	6.772999e-02	4.769627e-02	
7140	6.773835e-02	4.769569e-02	
7141	6.774735e-02	4.769381e-02	
7142	6.775773e-02	4.769294e-02	
7143	6.776639e-02	4.769111e-02	
7144	6.777516e-02	4.769045e-02	
7145	6.778410e-02	4.768858e-02	
7146	6.779260e-02	4.768795e-02	
7147	6.780058e-02	4.768621e-02	
7148	6.780906e-02	4.768558e-02	
7149	6.781861e-02	4.768361e-02	
7150	6.782727e-02	4.768295e-02	
7151	6.783516e-02	4.768122e-02	
7152	6.784375e-02	4.768055e-02	
7153	6.785330e-02	4.767858e-02	
7154	6.786245e-02	4.767782e-02	
7155	6.787180e-02	4.767587e-02	
7156	6.788035e-02	4.767520e-02	
7157	6.788798e-02	4.767350e-02	
7158	6.789722e-02	4.767271e-02	
7159	6.790555e-02	4.767091e-02	
7160	6.791465e-02	4.767013e-02	
7161	6.792494e-02	4.766803e-02	
7162	6.793352e-02	4.766733e-02	
7163	6.794220e-02	4.766547e-02	
7164	6.795141e-02	4.766466e-02	
7165	6.796003e-02	4.766280e-02	
7166	6.796792e-02	4.766218e-02	
7167	6.797636e-02	4.766035e-02	
7168	6.798579e-02	4.765949e-02	
7169	6.799432e-02	4.765764e-02	
7170	6.800245e-02	4.765697e-02	
7171	6.801114e-02	4.765510e-02	
7172	6.802108e-02	4.765414e-02	
7173	6.803023e-02	4.765220e-02	
7174	6.803954e-02	4.765133e-02	
7175	6.804800e-02	4.764948e-02	
7176	6.805575e-02	4.764885e-02	
7177	6.806399e-02	4.764703e-02	
7178	6.807232e-02	4.764630e-02	
7179	6.808139e-02	4.764436e-02	
7180	6.809160e-02	4.764333e-02	
7181	6.810018e-02	4.764146e-02	
7182	6.810886e-02	4.764065e-02	
7183	6.811785e-02	4.763872e-02	
7184	6.812639e-02	4.763792e-02	
7185	6.813441e-02	4.763614e-02	
7186	6.814293e-02	4.763534e-02	
7187	6.815150e-02	4.763347e-02	
7188	6.816038e-02	4.763261e-02	

Index   time            v3#branch       
--------------------------------------------------------------------------------
7189	6.816828e-02	4.763084e-02	
7190	6.817682e-02	4.763002e-02	
7191	6.818623e-02	4.762801e-02	
7192	6.819545e-02	4.762708e-02	
7193	6.820487e-02	4.762507e-02	
7194	6.821336e-02	4.762424e-02	
7195	6.822106e-02	4.762250e-02	
7196	6.823016e-02	4.762157e-02	
7197	6.823860e-02	4.761971e-02	
7198	6.824750e-02	4.761881e-02	
7199	6.825813e-02	4.761659e-02	
7200	6.826687e-02	4.761570e-02	
7201	6.827571e-02	4.761377e-02	
7202	6.828482e-02	4.761282e-02	
7203	6.829335e-02	4.761093e-02	
7204	6.830126e-02	4.761017e-02	
7205	6.830960e-02	4.760831e-02	
7206	6.831902e-02	4.760729e-02	
7207	6.832764e-02	4.760538e-02	
7208	6.833572e-02	4.760458e-02	
7209	6.834443e-02	4.760266e-02	
7210	6.835419e-02	4.760157e-02	
7211	6.836337e-02	4.759957e-02	
7212	6.837176e-02	4.759870e-02	
7213	6.838054e-02	4.759676e-02	
7214	6.838845e-02	4.759596e-02	
7215	6.839761e-02	4.759396e-02	
7216	6.840606e-02	4.759306e-02	
7217	6.841527e-02	4.759105e-02	
7218	6.842553e-02	4.758985e-02	
7219	6.843408e-02	4.758794e-02	
7220	6.844274e-02	4.758699e-02	
7221	6.845175e-02	4.758501e-02	
7222	6.846036e-02	4.758407e-02	
7223	6.846844e-02	4.758224e-02	
7224	6.847701e-02	4.758129e-02	
7225	6.848543e-02	4.757940e-02	
7226	6.849422e-02	4.757841e-02	
7227	6.850217e-02	4.757660e-02	
7228	6.851068e-02	4.757565e-02	
7229	6.852015e-02	4.757358e-02	
7230	6.852934e-02	4.757251e-02	
7231	6.853873e-02	4.757046e-02	
7232	6.854727e-02	4.756949e-02	
7233	6.855494e-02	4.756772e-02	
7234	6.856411e-02	4.756664e-02	
7235	6.857250e-02	4.756475e-02	
7236	6.858146e-02	4.756370e-02	
7237	6.859193e-02	4.756145e-02	
7238	6.860060e-02	4.756044e-02	
7239	6.860937e-02	4.755849e-02	
7240	6.861854e-02	4.755738e-02	
7241	6.862712e-02	4.755546e-02	
7242	6.863503e-02	4.755456e-02	
7243	6.864337e-02	4.755267e-02	
7244	6.865279e-02	4.755152e-02	
7245	6.866136e-02	4.754959e-02	
7246	6.866947e-02	4.754865e-02	

Index   time            v3#branch       
--------------------------------------------------------------------------------
7247	6.867818e-02	4.754669e-02	
7248	6.868801e-02	4.754545e-02	
7249	6.869718e-02	4.754342e-02	
7250	6.870556e-02	4.754241e-02	
7251	6.871434e-02	4.754045e-02	
7252	6.872223e-02	4.753953e-02	
7253	6.873142e-02	4.753749e-02	
7254	6.873985e-02	4.753646e-02	
7255	6.874912e-02	4.753441e-02	
7256	6.875927e-02	4.753308e-02	
7257	6.876779e-02	4.753116e-02	
7258	6.877639e-02	4.753009e-02	
7259	6.878541e-02	4.752808e-02	
7260	6.879405e-02	4.752700e-02	
7261	6.880216e-02	4.752514e-02	
7262	6.881076e-02	4.752406e-02	
7263	6.881913e-02	4.752216e-02	
7264	6.882789e-02	4.752105e-02	
7265	6.883583e-02	4.751922e-02	
7266	6.884431e-02	4.751815e-02	
7267	6.885379e-02	4.751606e-02	
7268	6.886298e-02	4.751485e-02	
7269	6.887236e-02	4.751277e-02	
7270	6.888093e-02	4.751167e-02	
7271	6.888860e-02	4.750989e-02	
7272	6.889777e-02	4.750868e-02	
7273	6.890615e-02	4.750677e-02	
7274	6.891507e-02	4.750560e-02	
7275	6.892552e-02	4.750332e-02	
7276	6.893421e-02	4.750218e-02	
7277	6.894299e-02	4.750020e-02	
7278	6.895226e-02	4.749895e-02	
7279	6.896084e-02	4.749700e-02	
7280	6.896873e-02	4.749598e-02	
7281	6.897694e-02	4.749409e-02	
7282	6.898627e-02	4.749280e-02	
7283	6.899483e-02	4.749085e-02	
7284	6.900307e-02	4.748974e-02	
7285	6.901187e-02	4.748773e-02	
7286	6.902184e-02	4.748629e-02	
7287	6.903103e-02	4.748419e-02	
7288	6.903925e-02	4.748304e-02	
7289	6.904793e-02	4.748101e-02	
7290	6.905588e-02	4.747989e-02	
7291	6.906505e-02	4.747773e-02	
7292	6.907351e-02	4.747646e-02	
7293	6.908303e-02	4.747418e-02	
7294	6.909308e-02	4.747252e-02	
7295	6.910150e-02	4.747037e-02	
7296	6.911002e-02	4.746891e-02	
7297	6.911861e-02	4.746661e-02	
7298	6.912727e-02	4.746498e-02	
7299	6.913680e-02	4.746228e-02	
7300	6.914549e-02	4.746074e-02	
7301	6.915313e-02	4.745979e-02	
7302	6.916180e-02	4.745943e-02	
7303	6.916942e-02	4.745746e-02	
7304	6.917705e-02	4.745621e-02	

Index   time            v3#branch       
--------------------------------------------------------------------------------
7305	6.918528e-02	4.745402e-02	
7306	6.919553e-02	4.745162e-02	
7307	6.920476e-02	4.744689e-02	
7308	6.921544e-02	4.743957e-02	
7309	6.922278e-02	4.743271e-02	
7310	6.923092e-02	4.742469e-02	
7311	6.923760e-02	4.741634e-02	
7312	6.924425e-02	4.740754e-02	
7313	6.925095e-02	4.739653e-02	
7314	6.926099e-02	4.737782e-02	
7315	6.927097e-02	4.735391e-02	
7316	6.928304e-02	4.731804e-02	
7317	6.928881e-02	4.729666e-02	
7318	6.929762e-02	4.725941e-02	
7319	6.930897e-02	4.719847e-02	
7320	6.931936e-02	4.712866e-02	
7321	6.933039e-02	4.703400e-02	
7322	6.934180e-02	4.690997e-02	
7323	6.934947e-02	4.680656e-02	
7324	6.935924e-02	4.664885e-02	
7325	6.936880e-02	4.645767e-02	
7326	6.938124e-02	4.614237e-02	
7327	6.939291e-02	4.574944e-02	
7328	6.940549e-02	4.518749e-02	
7329	6.942117e-02	4.418153e-02	
7330	6.943420e-02	4.298652e-02	
7331	6.944696e-02	4.145885e-02	
7332	6.945775e-02	3.996201e-02	
7333	6.946832e-02	3.840441e-02	
7334	6.947865e-02	3.684875e-02	
7335	6.948879e-02	3.531426e-02	
7336	6.950025e-02	3.358273e-02	
7337	6.951155e-02	3.188556e-02	
7338	6.952388e-02	3.004568e-02	
7339	6.953584e-02	2.827680e-02	
7340	6.954758e-02	2.655401e-02	
7341	6.955928e-02	2.485418e-02	
7342	6.957102e-02	2.316937e-02	
7343	6.958254e-02	2.153787e-02	
7344	6.959339e-02	2.002200e-02	
7345	6.960496e-02	1.843448e-02	
7346	6.961629e-02	1.691535e-02	
7347	6.962888e-02	1.525150e-02	
7348	6.963421e-02	1.454497e-02	
7349	6.963915e-02	1.390946e-02	
7350	6.964857e-02	1.271778e-02	
7351	6.966066e-02	1.124610e-02	
7352	6.966870e-02	1.030669e-02	
7353	6.967849e-02	9.212647e-03	
7354	6.969123e-02	7.877531e-03	
7355	6.969991e-02	7.036592e-03	
7356	6.971101e-02	6.048580e-03	
7357	6.972194e-02	5.185666e-03	
7358	6.973088e-02	4.563316e-03	
7359	6.974317e-02	3.838406e-03	
7360	6.975426e-02	3.309977e-03	
7361	6.976455e-02	2.922610e-03	
7362	6.977609e-02	2.588573e-03	

Index   time            v3#branch       
--------------------------------------------------------------------------------
7363	6.978737e-02	2.349625e-03	
7364	6.979952e-02	2.164125e-03	
7365	6.981148e-02	2.037607e-03	
7366	6.982323e-02	1.948630e-03	
7367	6.983485e-02	1.886734e-03	
7368	6.984661e-02	1.839336e-03	
7369	6.985814e-02	1.805194e-03	
7370	6.986903e-02	1.778072e-03	
7371	6.988065e-02	1.755290e-03	
7372	6.989204e-02	1.734597e-03	
7373	6.990354e-02	1.717226e-03	
7374	6.991532e-02	1.699371e-03	
7375	6.992687e-02	1.684218e-03	
7376	6.993850e-02	1.668220e-03	
7377	6.995029e-02	1.653918e-03	
7378	6.996186e-02	1.639050e-03	
7379	6.997309e-02	1.626572e-03	
7380	6.998479e-02	1.613538e-03	
7381	6.999625e-02	1.604079e-03	
7382	7.000749e-02	1.597277e-03	
7383	7.001920e-02	1.593825e-03	
7384	7.003066e-02	1.591635e-03	
7385	7.004207e-02	1.590559e-03	
7386	7.005387e-02	1.589551e-03	
7387	7.006545e-02	1.589031e-03	
7388	7.007682e-02	1.588421e-03	
7389	7.008864e-02	1.588104e-03	
7390	7.010022e-02	1.587629e-03	
7391	7.011143e-02	1.587430e-03	
7392	7.012322e-02	1.587024e-03	
7393	7.013477e-02	1.586869e-03	
7394	7.014602e-02	1.586518e-03	
7395	7.015783e-02	1.586391e-03	
7396	7.016940e-02	1.586060e-03	
7397	7.018071e-02	1.585965e-03	
7398	7.019252e-02	1.585647e-03	
7399	7.020411e-02	1.585563e-03	
7400	7.021536e-02	1.585268e-03	
7401	7.022717e-02	1.585191e-03	
7402	7.023873e-02	1.584900e-03	
7403	7.024998e-02	1.584840e-03	
7404	7.026178e-02	1.584553e-03	
7405	7.027335e-02	1.584496e-03	
7406	7.028463e-02	1.584222e-03	
7407	7.029643e-02	1.584167e-03	
7408	7.030801e-02	1.583893e-03	
7409	7.031929e-02	1.583850e-03	
7410	7.033109e-02	1.583576e-03	
7411	7.034265e-02	1.583533e-03	
7412	7.035392e-02	1.583270e-03	
7413	7.036572e-02	1.583227e-03	
7414	7.037728e-02	1.582962e-03	
7415	7.038856e-02	1.582929e-03	
7416	7.040036e-02	1.582663e-03	
7417	7.041192e-02	1.582630e-03	
7418	7.042321e-02	1.582372e-03	
7419	7.043500e-02	1.582337e-03	
7420	7.044656e-02	1.582078e-03	

Index   time            v3#branch       
--------------------------------------------------------------------------------
7421	7.045785e-02	1.582052e-03	
7422	7.046964e-02	1.581790e-03	
7423	7.048120e-02	1.581763e-03	
7424	7.049249e-02	1.581509e-03	
7425	7.050428e-02	1.581480e-03	
7426	7.051583e-02	1.581224e-03	
7427	7.052713e-02	1.581203e-03	
7428	7.053892e-02	1.580945e-03	
7429	7.055047e-02	1.580923e-03	
7430	7.056178e-02	1.580671e-03	
7431	7.057356e-02	1.580647e-03	
7432	7.058511e-02	1.580393e-03	
7433	7.059642e-02	1.580376e-03	
7434	7.060819e-02	1.580120e-03	
7435	7.061974e-02	1.580102e-03	
7436	7.063106e-02	1.579852e-03	
7437	7.064283e-02	1.579833e-03	
7438	7.065438e-02	1.579580e-03	
7439	7.066570e-02	1.579567e-03	
7440	7.067747e-02	1.579313e-03	
7441	7.068901e-02	1.579298e-03	
7442	7.070034e-02	1.579049e-03	
7443	7.071211e-02	1.579033e-03	
7444	7.072365e-02	1.578782e-03	
7445	7.073498e-02	1.578772e-03	
7446	7.074675e-02	1.578519e-03	
7447	7.075828e-02	1.578508e-03	
7448	7.076962e-02	1.578260e-03	
7449	7.078138e-02	1.578247e-03	
7450	7.079292e-02	1.577997e-03	
7451	7.080426e-02	1.577990e-03	
7452	7.081602e-02	1.577738e-03	
7453	7.082755e-02	1.577730e-03	
7454	7.083891e-02	1.577482e-03	
7455	7.085066e-02	1.577473e-03	
7456	7.086219e-02	1.577223e-03	
7457	7.087355e-02	1.577219e-03	
7458	7.088530e-02	1.576967e-03	
7459	7.089682e-02	1.576962e-03	
7460	7.090819e-02	1.576715e-03	
7461	7.091993e-02	1.576709e-03	
7462	7.093146e-02	1.576460e-03	
7463	7.094283e-02	1.576458e-03	
7464	7.095457e-02	1.576207e-03	
7465	7.096609e-02	1.576205e-03	
7466	7.097747e-02	1.575958e-03	
7467	7.098921e-02	1.575955e-03	
7468	7.100073e-02	1.575707e-03	
7469	7.101211e-02	1.575707e-03	
7470	7.102385e-02	1.575457e-03	
7471	7.103536e-02	1.575458e-03	
7472	7.104675e-02	1.575211e-03	
7473	7.105848e-02	1.575210e-03	
7474	7.106999e-02	1.574963e-03	
7475	7.108139e-02	1.574966e-03	
7476	7.109312e-02	1.574716e-03	
7477	7.110463e-02	1.574720e-03	
7478	7.111603e-02	1.574473e-03	

Index   time            v3#branch       
--------------------------------------------------------------------------------
7479	7.112776e-02	1.574475e-03	
7480	7.113926e-02	1.574228e-03	
7481	7.115067e-02	1.574234e-03	
7482	7.116239e-02	1.573985e-03	
7483	7.117390e-02	1.573990e-03	
7484	7.118531e-02	1.573745e-03	
7485	7.119703e-02	1.573749e-03	
7486	7.120853e-02	1.573502e-03	
7487	7.121995e-02	1.573511e-03	
7488	7.123167e-02	1.573262e-03	
7489	7.124316e-02	1.573270e-03	
7490	7.125459e-02	1.573025e-03	
7491	7.126630e-02	1.573032e-03	
7492	7.127780e-02	1.572786e-03	
7493	7.128923e-02	1.572796e-03	
7494	7.130094e-02	1.572548e-03	
7495	7.131243e-02	1.572559e-03	
7496	7.132387e-02	1.572314e-03	
7497	7.133558e-02	1.572324e-03	
7498	7.134706e-02	1.572078e-03	
7499	7.135851e-02	1.572091e-03	
7500	7.137021e-02	1.571844e-03	
7501	7.138170e-02	1.571857e-03	
7502	7.139315e-02	1.571613e-03	
7503	7.140485e-02	1.571625e-03	
7504	7.141633e-02	1.571380e-03	
7505	7.142779e-02	1.571395e-03	
7506	7.143949e-02	1.571148e-03	
7507	7.145097e-02	1.571164e-03	
7508	7.146243e-02	1.570920e-03	
7509	7.147412e-02	1.570935e-03	
7510	7.148560e-02	1.570690e-03	
7511	7.149707e-02	1.570708e-03	
7512	7.150876e-02	1.570462e-03	
7513	7.152023e-02	1.570480e-03	
7514	7.153171e-02	1.570236e-03	
7515	7.154340e-02	1.570254e-03	
7516	7.155487e-02	1.570010e-03	
7517	7.156635e-02	1.570030e-03	
7518	7.157803e-02	1.569784e-03	
7519	7.158950e-02	1.569806e-03	
7520	7.160099e-02	1.569562e-03	
7521	7.161267e-02	1.569582e-03	
7522	7.162413e-02	1.569339e-03	
7523	7.163563e-02	1.569362e-03	
7524	7.164731e-02	1.569116e-03	
7525	7.165877e-02	1.569140e-03	
7526	7.167027e-02	1.568897e-03	
7527	7.168194e-02	1.568920e-03	
7528	7.169340e-02	1.568677e-03	
7529	7.170491e-02	1.568702e-03	
7530	7.171658e-02	1.568458e-03	
7531	7.172804e-02	1.568485e-03	
7532	7.173955e-02	1.568242e-03	
7533	7.175122e-02	1.568268e-03	
7534	7.176267e-02	1.568025e-03	
7535	7.177419e-02	1.568053e-03	
7536	7.178585e-02	1.567809e-03	

Index   time            v3#branch       
--------------------------------------------------------------------------------
7537	7.179730e-02	1.567839e-03	
7538	7.180883e-02	1.567597e-03	
7539	7.182049e-02	1.567625e-03	
7540	7.183194e-02	1.567383e-03	
7541	7.184347e-02	1.567414e-03	
7542	7.185513e-02	1.567171e-03	
7543	7.186657e-02	1.567203e-03	
7544	7.187811e-02	1.566961e-03	
7545	7.188976e-02	1.566992e-03	
7546	7.190121e-02	1.566751e-03	
7547	7.191275e-02	1.566784e-03	
7548	7.192440e-02	1.566542e-03	
7549	7.193584e-02	1.566576e-03	
7550	7.194739e-02	1.566336e-03	
7551	7.195904e-02	1.566369e-03	
7552	7.197047e-02	1.566129e-03	
7553	7.198203e-02	1.566165e-03	
7554	7.199368e-02	1.565923e-03	
7555	7.200511e-02	1.565961e-03	
7556	7.201667e-02	1.565720e-03	
7557	7.202831e-02	1.565757e-03	
7558	7.203974e-02	1.565518e-03	
7559	7.205131e-02	1.565556e-03	
7560	7.206295e-02	1.565315e-03	
7561	7.207438e-02	1.565355e-03	
7562	7.208595e-02	1.565116e-03	
7563	7.209759e-02	1.565155e-03	
7564	7.210901e-02	1.564917e-03	
7565	7.212059e-02	1.564957e-03	
7566	7.213222e-02	1.564718e-03	
7567	7.214365e-02	1.564761e-03	
7568	7.215523e-02	1.564522e-03	
7569	7.216686e-02	1.564564e-03	
7570	7.217828e-02	1.564327e-03	
7571	7.218987e-02	1.564370e-03	
7572	7.220150e-02	1.564131e-03	
7573	7.221292e-02	1.564177e-03	
7574	7.222451e-02	1.563939e-03	
7575	7.223614e-02	1.563984e-03	
7576	7.224755e-02	1.563748e-03	
7577	7.225915e-02	1.563794e-03	
7578	7.227077e-02	1.563556e-03	
7579	7.228219e-02	1.563604e-03	
7580	7.229379e-02	1.563367e-03	
7581	7.230541e-02	1.563415e-03	
7582	7.231682e-02	1.563180e-03	
7583	7.232843e-02	1.563228e-03	
7584	7.234005e-02	1.562992e-03	
7585	7.235146e-02	1.563043e-03	
7586	7.236307e-02	1.562807e-03	
7587	7.237469e-02	1.562858e-03	
7588	7.238609e-02	1.562623e-03	
7589	7.239771e-02	1.562675e-03	
7590	7.240932e-02	1.562439e-03	
7591	7.242073e-02	1.562493e-03	
7592	7.243235e-02	1.562258e-03	
7593	7.244396e-02	1.562312e-03	
7594	7.245536e-02	1.562078e-03	

Index   time            v3#branch       
--------------------------------------------------------------------------------
7595	7.246700e-02	1.562133e-03	
7596	7.247860e-02	1.561898e-03	
7597	7.249000e-02	1.561955e-03	
7598	7.250164e-02	1.561721e-03	
7599	7.251324e-02	1.561778e-03	
7600	7.252463e-02	1.561545e-03	
7601	7.253628e-02	1.561602e-03	
7602	7.254787e-02	1.561369e-03	
7603	7.255927e-02	1.561429e-03	
7604	7.257092e-02	1.561196e-03	
7605	7.258251e-02	1.561255e-03	
7606	7.259391e-02	1.561024e-03	
7607	7.260556e-02	1.561084e-03	
7608	7.261715e-02	1.560852e-03	
7609	7.262854e-02	1.560915e-03	
7610	7.264020e-02	1.560683e-03	
7611	7.265179e-02	1.560745e-03	
7612	7.266318e-02	1.560515e-03	
7613	7.267484e-02	1.560578e-03	
7614	7.268643e-02	1.560347e-03	
7615	7.269781e-02	1.560413e-03	
7616	7.270948e-02	1.560182e-03	
7617	7.272107e-02	1.560248e-03	
7618	7.273245e-02	1.560019e-03	
7619	7.274412e-02	1.560085e-03	
7620	7.275570e-02	1.559855e-03	
7621	7.276709e-02	1.559924e-03	
7622	7.277876e-02	1.559694e-03	
7623	7.279034e-02	1.559763e-03	
7624	7.280172e-02	1.559535e-03	
7625	7.281340e-02	1.559604e-03	
7626	7.282498e-02	1.559376e-03	
7627	7.283636e-02	1.559448e-03	
7628	7.284804e-02	1.559219e-03	
7629	7.285962e-02	1.559291e-03	
7630	7.287100e-02	1.559064e-03	
7631	7.288269e-02	1.559136e-03	
7632	7.289426e-02	1.558909e-03	
7633	7.290563e-02	1.558984e-03	
7634	7.291733e-02	1.558757e-03	
7635	7.292890e-02	1.558832e-03	
7636	7.294027e-02	1.558607e-03	
7637	7.295197e-02	1.558681e-03	
7638	7.296354e-02	1.558456e-03	
7639	7.297491e-02	1.558534e-03	
7640	7.298661e-02	1.558308e-03	
7641	7.299818e-02	1.558386e-03	
7642	7.300954e-02	1.558162e-03	
7643	7.302125e-02	1.558240e-03	
7644	7.303281e-02	1.558015e-03	
7645	7.304418e-02	1.558097e-03	
7646	7.305589e-02	1.557872e-03	
7647	7.306745e-02	1.557953e-03	
7648	7.307882e-02	1.557731e-03	
7649	7.309053e-02	1.557812e-03	
7650	7.310209e-02	1.557589e-03	
7651	7.311345e-02	1.557673e-03	
7652	7.312518e-02	1.557450e-03	

Index   time            v3#branch       
--------------------------------------------------------------------------------
7653	7.313673e-02	1.557534e-03	
7654	7.314809e-02	1.557313e-03	
7655	7.315982e-02	1.557397e-03	
7656	7.317137e-02	1.557176e-03	
7657	7.318273e-02	1.557263e-03	
7658	7.319446e-02	1.557041e-03	
7659	7.320601e-02	1.557129e-03	
7660	7.321737e-02	1.556909e-03	
7661	7.322910e-02	1.556996e-03	
7662	7.324065e-02	1.556776e-03	
7663	7.325200e-02	1.556867e-03	
7664	7.326374e-02	1.556646e-03	
7665	7.327529e-02	1.556737e-03	
7666	7.328664e-02	1.556519e-03	
7667	7.329838e-02	1.556610e-03	
7668	7.330993e-02	1.556391e-03	
7669	7.332128e-02	1.556485e-03	
7670	7.333303e-02	1.556266e-03	
7671	7.334457e-02	1.556360e-03	
7672	7.335592e-02	1.556143e-03	
7673	7.336767e-02	1.556237e-03	
7674	7.337921e-02	1.556020e-03	
7675	7.339056e-02	1.556117e-03	
7676	7.340231e-02	1.555899e-03	
7677	7.341385e-02	1.555997e-03	
7678	7.342520e-02	1.555781e-03	
7679	7.343695e-02	1.555878e-03	
7680	7.344849e-02	1.555663e-03	
7681	7.345983e-02	1.555763e-03	
7682	7.347159e-02	1.555547e-03	
7683	7.348313e-02	1.555648e-03	
7684	7.349447e-02	1.555434e-03	
7685	7.350624e-02	1.555534e-03	
7686	7.351777e-02	1.555320e-03	
7687	7.352911e-02	1.555424e-03	
7688	7.354088e-02	1.555210e-03	
7689	7.355241e-02	1.555313e-03	
7690	7.356375e-02	1.555101e-03	
7691	7.357552e-02	1.555205e-03	
7692	7.358705e-02	1.554993e-03	
7693	7.359839e-02	1.555099e-03	
7694	7.361016e-02	1.554887e-03	
7695	7.362169e-02	1.554994e-03	
7696	7.363303e-02	1.554783e-03	
7697	7.364481e-02	1.554890e-03	
7698	7.365633e-02	1.554680e-03	
7699	7.366767e-02	1.554790e-03	
7700	7.367945e-02	1.554579e-03	
7701	7.369097e-02	1.554689e-03	
7702	7.370231e-02	1.554480e-03	
7703	7.371409e-02	1.554590e-03	
7704	7.372562e-02	1.554381e-03	
7705	7.373694e-02	1.554495e-03	
7706	7.374874e-02	1.554285e-03	
7707	7.376026e-02	1.554399e-03	
7708	7.377158e-02	1.554192e-03	
7709	7.378338e-02	1.554305e-03	
7710	7.379490e-02	1.554098e-03	

Index   time            v3#branch       
--------------------------------------------------------------------------------
7711	7.380622e-02	1.554215e-03	
7712	7.381802e-02	1.554007e-03	
7713	7.382954e-02	1.554124e-03	
7714	7.384086e-02	1.553919e-03	
7715	7.385266e-02	1.554035e-03	
7716	7.386418e-02	1.553830e-03	
7717	7.387550e-02	1.553950e-03	
7718	7.388731e-02	1.553744e-03	
7719	7.389882e-02	1.553864e-03	
7720	7.391014e-02	1.553661e-03	
7721	7.392195e-02	1.553781e-03	
7722	7.393346e-02	1.553577e-03	
7723	7.394478e-02	1.553700e-03	
7724	7.395659e-02	1.553496e-03	
7725	7.396810e-02	1.553620e-03	
7726	7.397942e-02	1.553418e-03	
7727	7.399124e-02	1.553542e-03	
7728	7.400275e-02	1.553340e-03	
7729	7.401406e-02	1.553466e-03	
7730	7.402588e-02	1.553264e-03	
7731	7.403739e-02	1.553391e-03	
7732	7.404870e-02	1.553191e-03	
7733	7.406052e-02	1.553318e-03	
7734	7.407203e-02	1.553117e-03	
7735	7.408334e-02	1.553247e-03	
7736	7.409517e-02	1.553047e-03	
7737	7.410667e-02	1.553177e-03	
7738	7.411798e-02	1.552979e-03	
7739	7.412981e-02	1.553109e-03	
7740	7.414131e-02	1.552911e-03	
7741	7.415262e-02	1.553044e-03	
7742	7.416445e-02	1.552846e-03	
7743	7.417596e-02	1.552979e-03	
7744	7.418727e-02	1.552783e-03	
7745	7.419910e-02	1.552917e-03	
7746	7.421060e-02	1.552720e-03	
7747	7.422191e-02	1.552857e-03	
7748	7.423374e-02	1.552660e-03	
7749	7.424524e-02	1.552797e-03	
7750	7.425655e-02	1.552602e-03	
7751	7.426839e-02	1.552740e-03	
7752	7.427988e-02	1.552545e-03	
7753	7.429119e-02	1.552685e-03	
7754	7.430303e-02	1.552490e-03	
7755	7.431452e-02	1.552631e-03	
7756	7.432583e-02	1.552438e-03	
7757	7.433767e-02	1.552578e-03	
7758	7.434917e-02	1.552386e-03	
7759	7.436047e-02	1.552529e-03	
7760	7.437232e-02	1.552336e-03	
7761	7.438381e-02	1.552480e-03	
7762	7.439511e-02	1.552289e-03	
7763	7.440696e-02	1.552433e-03	
7764	7.441845e-02	1.552242e-03	
7765	7.442975e-02	1.552389e-03	
7766	7.444161e-02	1.552198e-03	
7767	7.445309e-02	1.552345e-03	
7768	7.446440e-02	1.552156e-03	

Index   time            v3#branch       
--------------------------------------------------------------------------------
7769	7.447625e-02	1.552304e-03	
7770	7.448774e-02	1.552114e-03	
7771	7.449904e-02	1.552265e-03	
7772	7.451089e-02	1.552076e-03	
7773	7.452238e-02	1.552227e-03	
7774	7.453368e-02	1.552039e-03	
7775	7.454554e-02	1.552190e-03	
7776	7.455702e-02	1.552003e-03	
7777	7.456832e-02	1.552156e-03	
7778	7.458018e-02	1.551969e-03	
7779	7.459167e-02	1.552124e-03	
7780	7.460296e-02	1.551938e-03	
7781	7.461483e-02	1.552093e-03	
7782	7.462631e-02	1.551907e-03	
7783	7.463760e-02	1.552064e-03	
7784	7.464947e-02	1.551879e-03	
7785	7.466095e-02	1.552037e-03	
7786	7.467225e-02	1.551853e-03	
7787	7.468412e-02	1.552011e-03	
7788	7.469560e-02	1.551828e-03	
7789	7.470689e-02	1.551988e-03	
7790	7.471876e-02	1.551805e-03	
7791	7.473024e-02	1.551966e-03	
7792	7.474153e-02	1.551784e-03	
7793	7.475341e-02	1.551946e-03	
7794	7.476488e-02	1.551765e-03	
7795	7.477617e-02	1.551928e-03	
7796	7.478805e-02	1.551747e-03	
7797	7.479953e-02	1.551912e-03	
7798	7.481082e-02	1.551732e-03	
7799	7.482270e-02	1.551897e-03	
7800	7.483417e-02	1.551718e-03	
7801	7.484546e-02	1.551885e-03	
7802	7.485734e-02	1.551706e-03	
7803	7.486881e-02	1.551874e-03	
7804	7.488010e-02	1.551695e-03	
7805	7.489199e-02	1.551864e-03	
7806	7.490346e-02	1.551687e-03	
7807	7.491474e-02	1.551857e-03	
7808	7.492663e-02	1.551680e-03	
7809	7.493810e-02	1.551851e-03	
7810	7.494939e-02	1.551675e-03	
7811	7.496128e-02	1.551847e-03	
7812	7.497275e-02	1.551672e-03	
7813	7.498403e-02	1.551846e-03	
7814	7.499592e-02	1.551671e-03	
7815	7.500739e-02	1.551845e-03	
7816	7.501867e-02	1.551671e-03	
7817	7.503057e-02	1.551847e-03	
7818	7.504203e-02	1.551673e-03	
7819	7.505332e-02	1.551850e-03	
7820	7.506521e-02	1.551677e-03	
7821	7.507668e-02	1.551856e-03	
7822	7.508796e-02	1.551683e-03	
7823	7.509986e-02	1.551862e-03	
7824	7.511132e-02	1.551691e-03	
7825	7.512260e-02	1.551871e-03	
7826	7.513450e-02	1.551700e-03	

Index   time            v3#branch       
--------------------------------------------------------------------------------
7827	7.514597e-02	1.551882e-03	
7828	7.515725e-02	1.551711e-03	
7829	7.516915e-02	1.551894e-03	
7830	7.518061e-02	1.551724e-03	
7831	7.519189e-02	1.551908e-03	
7832	7.520379e-02	1.551739e-03	
7833	7.521526e-02	1.551925e-03	
7834	7.522653e-02	1.551756e-03	
7835	7.523844e-02	1.551942e-03	
7836	7.524990e-02	1.551774e-03	
7837	7.526118e-02	1.551962e-03	
7838	7.527308e-02	1.551795e-03	
7839	7.528454e-02	1.551983e-03	
7840	7.529582e-02	1.551816e-03	
7841	7.530773e-02	1.552006e-03	
7842	7.531919e-02	1.551840e-03	
7843	7.533046e-02	1.552031e-03	
7844	7.534237e-02	1.551866e-03	
7845	7.535383e-02	1.552058e-03	
7846	7.536511e-02	1.551893e-03	
7847	7.537702e-02	1.552087e-03	
7848	7.538848e-02	1.551923e-03	
7849	7.539975e-02	1.552116e-03	
7850	7.541167e-02	1.551954e-03	
7851	7.542312e-02	1.552149e-03	
7852	7.543440e-02	1.551986e-03	
7853	7.544631e-02	1.552183e-03	
7854	7.545777e-02	1.552021e-03	
7855	7.546904e-02	1.552218e-03	
7856	7.548096e-02	1.552057e-03	
7857	7.549241e-02	1.552256e-03	
7858	7.550369e-02	1.552095e-03	
7859	7.551560e-02	1.552295e-03	
7860	7.552706e-02	1.552135e-03	
7861	7.553833e-02	1.552335e-03	
7862	7.555025e-02	1.552177e-03	
7863	7.556170e-02	1.552379e-03	
7864	7.557297e-02	1.552220e-03	
7865	7.558490e-02	1.552423e-03	
7866	7.559635e-02	1.552265e-03	
7867	7.560762e-02	1.552469e-03	
7868	7.561954e-02	1.552313e-03	
7869	7.563099e-02	1.552518e-03	
7870	7.564226e-02	1.552360e-03	
7871	7.565419e-02	1.552568e-03	
7872	7.566564e-02	1.552411e-03	
7873	7.567691e-02	1.552618e-03	
7874	7.568883e-02	1.552464e-03	
7875	7.570029e-02	1.552673e-03	
7876	7.571155e-02	1.552517e-03	
7877	7.572348e-02	1.552728e-03	
7878	7.573493e-02	1.552574e-03	
7879	7.574620e-02	1.552784e-03	
7880	7.575813e-02	1.552631e-03	
7881	7.576958e-02	1.552843e-03	
7882	7.578084e-02	1.552690e-03	
7883	7.579277e-02	1.552904e-03	
7884	7.580422e-02	1.552751e-03	

Index   time            v3#branch       
--------------------------------------------------------------------------------
7885	7.581549e-02	1.552965e-03	
7886	7.582742e-02	1.552815e-03	
7887	7.583887e-02	1.553030e-03	
7888	7.585013e-02	1.552878e-03	
7889	7.586207e-02	1.553095e-03	
7890	7.587351e-02	1.552945e-03	
7891	7.588478e-02	1.553162e-03	
7892	7.589671e-02	1.553013e-03	
7893	7.590816e-02	1.553232e-03	
7894	7.591942e-02	1.553082e-03	
7895	7.593136e-02	1.553303e-03	
7896	7.594281e-02	1.553154e-03	
7897	7.595407e-02	1.553374e-03	
7898	7.596601e-02	1.553228e-03	
7899	7.597745e-02	1.553449e-03	
7900	7.598871e-02	1.553301e-03	
7901	7.600065e-02	1.553525e-03	
7902	7.601210e-02	1.553379e-03	
7903	7.602336e-02	1.553602e-03	
7904	7.603530e-02	1.553458e-03	
7905	7.604674e-02	1.553682e-03	
7906	7.605800e-02	1.553536e-03	
7907	7.606995e-02	1.553764e-03	
7908	7.608139e-02	1.553619e-03	
7909	7.609265e-02	1.553845e-03	
7910	7.610459e-02	1.553703e-03	
7911	7.611604e-02	1.553931e-03	
7912	7.612729e-02	1.553787e-03	
7913	7.613924e-02	1.554017e-03	
7914	7.615068e-02	1.553874e-03	
7915	7.616194e-02	1.554104e-03	
7916	7.617389e-02	1.553964e-03	
7917	7.618533e-02	1.554195e-03	
7918	7.619659e-02	1.554052e-03	
7919	7.620853e-02	1.554286e-03	
7920	7.621997e-02	1.554145e-03	
7921	7.623123e-02	1.554378e-03	
7922	7.624318e-02	1.554239e-03	
7923	7.625462e-02	1.554473e-03	
7924	7.626588e-02	1.554333e-03	
7925	7.627783e-02	1.554570e-03	
7926	7.628927e-02	1.554431e-03	
7927	7.630052e-02	1.554666e-03	
7928	7.631247e-02	1.554530e-03	
7929	7.632391e-02	1.554767e-03	
7930	7.633517e-02	1.554629e-03	
7931	7.634712e-02	1.554869e-03	
7932	7.635856e-02	1.554732e-03	
7933	7.636982e-02	1.554970e-03	
7934	7.638177e-02	1.554836e-03	
7935	7.639321e-02	1.555076e-03	
7936	7.640446e-02	1.554939e-03	
7937	7.641642e-02	1.555183e-03	
7938	7.642785e-02	1.555047e-03	
7939	7.643911e-02	1.555289e-03	
7940	7.645106e-02	1.555156e-03	
7941	7.646250e-02	1.555400e-03	
7942	7.647375e-02	1.555265e-03	

Index   time            v3#branch       
--------------------------------------------------------------------------------
7943	7.648571e-02	1.555511e-03	
7944	7.649715e-02	1.555378e-03	
7945	7.650840e-02	1.555622e-03	
7946	7.652036e-02	1.555492e-03	
7947	7.653179e-02	1.555738e-03	
7948	7.654305e-02	1.555605e-03	
7949	7.655500e-02	1.555855e-03	
7950	7.656644e-02	1.555723e-03	
7951	7.657769e-02	1.555970e-03	
7952	7.658965e-02	1.555841e-03	
7953	7.660109e-02	1.556091e-03	
7954	7.661234e-02	1.555959e-03	
7955	7.662430e-02	1.556212e-03	
7956	7.663573e-02	1.556082e-03	
7957	7.664699e-02	1.556332e-03	
7958	7.665895e-02	1.556206e-03	
7959	7.667038e-02	1.556458e-03	
7960	7.668163e-02	1.556328e-03	
7961	7.669359e-02	1.556584e-03	
7962	7.670503e-02	1.556455e-03	
7963	7.671628e-02	1.556709e-03	
7964	7.672824e-02	1.556584e-03	
7965	7.673967e-02	1.556839e-03	
7966	7.675092e-02	1.556711e-03	
7967	7.676289e-02	1.556970e-03	
7968	7.677432e-02	1.556843e-03	
7969	7.678557e-02	1.557100e-03	
7970	7.679753e-02	1.556976e-03	
7971	7.680897e-02	1.557235e-03	
7972	7.682022e-02	1.557108e-03	
7973	7.683218e-02	1.557370e-03	
7974	7.684361e-02	1.557245e-03	
7975	7.685486e-02	1.557504e-03	
7976	7.686683e-02	1.557383e-03	
7977	7.687826e-02	1.557644e-03	
7978	7.688951e-02	1.557519e-03	
7979	7.690148e-02	1.557784e-03	
7980	7.691291e-02	1.557660e-03	
7981	7.692416e-02	1.557922e-03	
7982	7.693612e-02	1.557803e-03	
7983	7.694756e-02	1.558067e-03	
7984	7.695881e-02	1.557943e-03	
7985	7.697077e-02	1.558211e-03	
7986	7.698220e-02	1.558089e-03	
7987	7.699345e-02	1.558354e-03	
7988	7.700542e-02	1.558236e-03	
7989	7.701685e-02	1.558503e-03	
7990	7.702810e-02	1.558381e-03	
7991	7.704007e-02	1.558652e-03	
7992	7.705150e-02	1.558532e-03	
7993	7.706275e-02	1.558799e-03	
7994	7.707471e-02	1.558683e-03	
7995	7.708614e-02	1.558953e-03	
7996	7.709739e-02	1.558832e-03	
7997	7.710936e-02	1.559106e-03	
7998	7.712079e-02	1.558988e-03	
7999	7.713204e-02	1.559258e-03	
8000	7.714401e-02	1.559143e-03	

Index   time            v3#branch       
--------------------------------------------------------------------------------
8001	7.715544e-02	1.559416e-03	
8002	7.716669e-02	1.559297e-03	
8003	7.717866e-02	1.559574e-03	
8004	7.719009e-02	1.559456e-03	
8005	7.720133e-02	1.559729e-03	
8006	7.721331e-02	1.559616e-03	
8007	7.722473e-02	1.559892e-03	
8008	7.723598e-02	1.559774e-03	
8009	7.724795e-02	1.560054e-03	
8010	7.725938e-02	1.559938e-03	
8011	7.727063e-02	1.560214e-03	
8012	7.728260e-02	1.560102e-03	
8013	7.729403e-02	1.560380e-03	
8014	7.730528e-02	1.560264e-03	
8015	7.731725e-02	1.560547e-03	
8016	7.732868e-02	1.560432e-03	
8017	7.733992e-02	1.560711e-03	
8018	7.735190e-02	1.560601e-03	
8019	7.736332e-02	1.560881e-03	
8020	7.737457e-02	1.560767e-03	
8021	7.738654e-02	1.561052e-03	
8022	7.739797e-02	1.560939e-03	
8023	7.740922e-02	1.561220e-03	
8024	7.742119e-02	1.561112e-03	
8025	7.743262e-02	1.561395e-03	
8026	7.744387e-02	1.561282e-03	
8027	7.745584e-02	1.561569e-03	
8028	7.746727e-02	1.561458e-03	
8029	7.747851e-02	1.561742e-03	
8030	7.749049e-02	1.561635e-03	
8031	7.750192e-02	1.561921e-03	
8032	7.751316e-02	1.561809e-03	
8033	7.752514e-02	1.562099e-03	
8034	7.753656e-02	1.561989e-03	
8035	7.754781e-02	1.562275e-03	
8036	7.755978e-02	1.562170e-03	
8037	7.757121e-02	1.562458e-03	
8038	7.758246e-02	1.562348e-03	
8039	7.759443e-02	1.562641e-03	
8040	7.760586e-02	1.562532e-03	
8041	7.761710e-02	1.562821e-03	
8042	7.762908e-02	1.562717e-03	
8043	7.764051e-02	1.563008e-03	
8044	7.765175e-02	1.562898e-03	
8045	7.766373e-02	1.563194e-03	
8046	7.767515e-02	1.563087e-03	
8047	7.768640e-02	1.563378e-03	
8048	7.769837e-02	1.563276e-03	
8049	7.770980e-02	1.563569e-03	
8050	7.772105e-02	1.563461e-03	
8051	7.773302e-02	1.563759e-03	
8052	7.774445e-02	1.563653e-03	
8053	7.775569e-02	1.563946e-03	
8054	7.776767e-02	1.563845e-03	
8055	7.777910e-02	1.564141e-03	
8056	7.779034e-02	1.564034e-03	
8057	7.780232e-02	1.564335e-03	
8058	7.781375e-02	1.564230e-03	

Index   time            v3#branch       
--------------------------------------------------------------------------------
8059	7.782499e-02	1.564526e-03	
8060	7.783697e-02	1.564426e-03	
8061	7.784839e-02	1.564724e-03	
8062	7.785964e-02	1.564619e-03	
8063	7.787161e-02	1.564922e-03	
8064	7.788304e-02	1.564819e-03	
8065	7.789429e-02	1.565117e-03	
8066	7.790626e-02	1.565018e-03	
8067	7.791769e-02	1.565319e-03	
8068	7.792893e-02	1.565214e-03	
8069	7.794091e-02	1.565520e-03	
8070	7.795234e-02	1.565418e-03	
8071	7.796358e-02	1.565718e-03	
8072	7.797556e-02	1.565621e-03	
8073	7.798698e-02	1.565924e-03	
8074	7.799823e-02	1.565821e-03	
8075	7.801021e-02	1.566129e-03	
8076	7.802163e-02	1.566028e-03	
8077	7.803288e-02	1.566330e-03	
8078	7.804485e-02	1.566235e-03	
8079	7.805628e-02	1.566539e-03	
8080	7.806753e-02	1.566437e-03	
8081	7.807950e-02	1.566748e-03	
8082	7.809093e-02	1.566648e-03	
8083	7.810217e-02	1.566953e-03	
8084	7.811415e-02	1.566858e-03	
8085	7.812558e-02	1.567165e-03	
8086	7.813682e-02	1.567064e-03	
8087	7.814880e-02	1.567377e-03	
8088	7.816022e-02	1.567278e-03	
8089	7.817147e-02	1.567585e-03	
8090	7.818345e-02	1.567492e-03	
8091	7.819487e-02	1.567801e-03	
8092	7.820612e-02	1.567702e-03	
8093	7.821809e-02	1.568017e-03	
8094	7.822952e-02	1.567919e-03	
8095	7.824077e-02	1.568228e-03	
8096	7.825274e-02	1.568136e-03	
8097	7.826417e-02	1.568447e-03	
8098	7.827541e-02	1.568349e-03	
8099	7.828739e-02	1.568666e-03	
8100	7.829882e-02	1.568569e-03	
8101	7.831006e-02	1.568880e-03	
8102	7.832204e-02	1.568789e-03	
8103	7.833347e-02	1.569103e-03	
8104	7.834471e-02	1.569005e-03	
8105	7.835669e-02	1.569325e-03	
8106	7.836811e-02	1.569229e-03	
8107	7.837936e-02	1.569542e-03	
8108	7.839133e-02	1.569453e-03	
8109	7.840276e-02	1.569768e-03	
8110	7.841401e-02	1.569672e-03	
8111	7.842598e-02	1.569993e-03	
8112	7.843741e-02	1.569899e-03	
8113	7.844866e-02	1.570214e-03	
8114	7.846063e-02	1.570125e-03	
8115	7.847206e-02	1.570443e-03	
8116	7.848330e-02	1.570347e-03	

Index   time            v3#branch       
--------------------------------------------------------------------------------
8117	7.849528e-02	1.570671e-03	
8118	7.850671e-02	1.570577e-03	
8119	7.851795e-02	1.570895e-03	
8120	7.852993e-02	1.570807e-03	
8121	7.854135e-02	1.571127e-03	
8122	7.855260e-02	1.571032e-03	
8123	7.856457e-02	1.571358e-03	
8124	7.857600e-02	1.571265e-03	
8125	7.858725e-02	1.571585e-03	
8126	7.859922e-02	1.571498e-03	
8127	7.861065e-02	1.571820e-03	
8128	7.862190e-02	1.571726e-03	
8129	7.863387e-02	1.572054e-03	
8130	7.864530e-02	1.571963e-03	
8131	7.865655e-02	1.572284e-03	
8132	7.866852e-02	1.572198e-03	
8133	7.867995e-02	1.572522e-03	
8134	7.869119e-02	1.572429e-03	
8135	7.870317e-02	1.572759e-03	
8136	7.871460e-02	1.572669e-03	
8137	7.872584e-02	1.572992e-03	
8138	7.873782e-02	1.572907e-03	
8139	7.874924e-02	1.573233e-03	
8140	7.876049e-02	1.573141e-03	
8141	7.877246e-02	1.573474e-03	
8142	7.878389e-02	1.573384e-03	
8143	7.879514e-02	1.573709e-03	
8144	7.880711e-02	1.573626e-03	
8145	7.881854e-02	1.573954e-03	
8146	7.882979e-02	1.573862e-03	
8147	7.884176e-02	1.574197e-03	
8148	7.885319e-02	1.574108e-03	
8149	7.886444e-02	1.574435e-03	
8150	7.887641e-02	1.574353e-03	
8151	7.888784e-02	1.574683e-03	
8152	7.889909e-02	1.574593e-03	
8153	7.891106e-02	1.574929e-03	
8154	7.892249e-02	1.574841e-03	
8155	7.893374e-02	1.575171e-03	
8156	7.894570e-02	1.575089e-03	
8157	7.895713e-02	1.575421e-03	
8158	7.896838e-02	1.575332e-03	
8159	7.898035e-02	1.575670e-03	
8160	7.899178e-02	1.575583e-03	
8161	7.900303e-02	1.575915e-03	
8162	7.901500e-02	1.575834e-03	
8163	7.902643e-02	1.576169e-03	
8164	7.903768e-02	1.576080e-03	
8165	7.904965e-02	1.576421e-03	
8166	7.906108e-02	1.576335e-03	
8167	7.907233e-02	1.576669e-03	
8168	7.908430e-02	1.576589e-03	
8169	7.909573e-02	1.576926e-03	
8170	7.910698e-02	1.576839e-03	
8171	7.911894e-02	1.577182e-03	
8172	7.913038e-02	1.577097e-03	
8173	7.914163e-02	1.577433e-03	
8174	7.915359e-02	1.577354e-03	

Index   time            v3#branch       
--------------------------------------------------------------------------------
8175	7.916503e-02	1.577693e-03	
8176	7.917628e-02	1.577607e-03	
8177	7.918824e-02	1.577953e-03	
8178	7.919967e-02	1.577869e-03	
8179	7.921093e-02	1.578207e-03	
8180	7.922289e-02	1.578130e-03	
8181	7.923432e-02	1.578472e-03	
8182	7.924557e-02	1.578387e-03	
8183	7.925754e-02	1.578735e-03	
8184	7.926897e-02	1.578652e-03	
8185	7.928022e-02	1.578993e-03	
8186	7.929218e-02	1.578918e-03	
8187	7.930362e-02	1.579262e-03	
8188	7.931487e-02	1.579178e-03	
8189	7.932683e-02	1.579529e-03	
8190	7.933827e-02	1.579448e-03	
8191	7.934952e-02	1.579792e-03	
8192	7.936148e-02	1.579718e-03	
8193	7.937292e-02	1.580065e-03	
8194	7.938417e-02	1.579984e-03	
8195	7.939613e-02	1.580338e-03	
8196	7.940757e-02	1.580259e-03	
8197	7.941882e-02	1.580606e-03	
8198	7.943078e-02	1.580534e-03	
8199	7.944221e-02	1.580885e-03	
8200	7.945347e-02	1.580805e-03	
8201	7.946542e-02	1.581164e-03	
8202	7.947686e-02	1.581087e-03	
8203	7.948812e-02	1.581438e-03	
8204	7.950007e-02	1.581369e-03	
8205	7.951151e-02	1.581724e-03	
8206	7.952277e-02	1.581647e-03	
8207	7.953472e-02	1.582011e-03	
8208	7.954616e-02	1.581937e-03	
8209	7.955742e-02	1.582294e-03	
8210	7.956937e-02	1.582228e-03	
8211	7.958081e-02	1.582589e-03	
8212	7.959207e-02	1.582516e-03	
8213	7.960402e-02	1.582886e-03	
8214	7.961546e-02	1.582817e-03	
8215	7.962672e-02	1.583181e-03	
8216	7.963866e-02	1.583121e-03	
8217	7.965011e-02	1.583490e-03	
8218	7.966137e-02	1.583423e-03	
8219	7.967331e-02	1.583802e-03	
8220	7.968476e-02	1.583741e-03	
8221	7.969602e-02	1.584115e-03	
8222	7.970796e-02	1.584064e-03	
8223	7.971941e-02	1.584446e-03	
8224	7.973067e-02	1.584390e-03	
8225	7.974261e-02	1.584785e-03	
8226	7.975406e-02	1.584736e-03	
8227	7.976532e-02	1.585129e-03	
8228	7.977726e-02	1.585095e-03	
8229	7.978871e-02	1.585501e-03	
8230	7.979997e-02	1.585465e-03	
8231	7.981191e-02	1.585891e-03	
8232	7.982336e-02	1.585871e-03	

Index   time            v3#branch       
--------------------------------------------------------------------------------
8233	7.983463e-02	1.586304e-03	
8234	7.984655e-02	1.586310e-03	
8235	7.985801e-02	1.586772e-03	
8236	7.986928e-02	1.586791e-03	
8237	7.988120e-02	1.587302e-03	
8238	7.989266e-02	1.587368e-03	
8239	7.990394e-02	1.587926e-03	
8240	7.991585e-02	1.588083e-03	
8241	7.992732e-02	1.588766e-03	
8242	7.993859e-02	1.589053e-03	
8243	7.995051e-02	1.590022e-03	
8244	7.996198e-02	1.590718e-03	
8245	7.997326e-02	1.592387e-03	
8246	7.998515e-02	1.594559e-03	
8247	7.999662e-02	1.599404e-03	
8248	8.000790e-02	1.606521e-03	
8249	8.001969e-02	1.618300e-03	
8250	8.003117e-02	1.630545e-03	
8251	8.004246e-02	1.644651e-03	
8252	8.005430e-02	1.658830e-03	
8253	8.006584e-02	1.674330e-03	
8254	8.007719e-02	1.688881e-03	
8255	8.008899e-02	1.706043e-03	
8256	8.010053e-02	1.722643e-03	
8257	8.011187e-02	1.741772e-03	
8258	8.012361e-02	1.762723e-03	
8259	8.013512e-02	1.788172e-03	
8260	8.014643e-02	1.817354e-03	
8261	8.015822e-02	1.857547e-03	
8262	8.016975e-02	1.908453e-03	
8263	8.018108e-02	1.977830e-03	
8264	8.019288e-02	2.077256e-03	
8265	8.020438e-02	2.214456e-03	
8266	8.021570e-02	2.401053e-03	
8267	8.022752e-02	2.670863e-03	
8268	8.023902e-02	3.024034e-03	
8269	8.025034e-02	3.478045e-03	
8270	8.026218e-02	4.075352e-03	
8271	8.027366e-02	4.785051e-03	
8272	8.028496e-02	5.602387e-03	
8273	8.029679e-02	6.586494e-03	
8274	8.030826e-02	7.648153e-03	
8275	8.031955e-02	8.792246e-03	
8276	8.033143e-02	1.008343e-02	
8277	8.034291e-02	1.141209e-02	
8278	8.035420e-02	1.277761e-02	
8279	8.036609e-02	1.427966e-02	
8280	8.037756e-02	1.577349e-02	
8281	8.038884e-02	1.729747e-02	
8282	8.040125e-02	1.902031e-02	
8283	8.041256e-02	2.058279e-02	
8284	8.042371e-02	2.215139e-02	
8285	8.043490e-02	2.374004e-02	
8286	8.044604e-02	2.534261e-02	
8287	8.045701e-02	2.693812e-02	
8288	8.046934e-02	2.874734e-02	
8289	8.048075e-02	3.043939e-02	
8290	8.049200e-02	3.211650e-02	

Index   time            v3#branch       
--------------------------------------------------------------------------------
8291	8.050452e-02	3.399902e-02	
8292	8.051593e-02	3.572051e-02	
8293	8.052718e-02	3.742452e-02	
8294	8.053873e-02	3.915735e-02	
8295	8.054961e-02	4.074500e-02	
8296	8.056033e-02	4.218406e-02	
8297	8.057352e-02	4.364578e-02	
8298	8.058667e-02	4.469629e-02	
8299	8.059961e-02	4.542349e-02	
8300	8.061373e-02	4.598238e-02	
8301	8.062598e-02	4.633878e-02	
8302	8.063793e-02	4.660232e-02	
8303	8.064980e-02	4.680427e-02	
8304	8.066202e-02	4.696138e-02	
8305	8.067477e-02	4.708965e-02	
8306	8.068459e-02	4.716364e-02	
8307	8.069623e-02	4.723694e-02	
8308	8.070761e-02	4.728917e-02	
8309	8.071779e-02	4.732937e-02	
8310	8.072861e-02	4.735963e-02	
8311	8.073924e-02	4.738687e-02	
8312	8.074801e-02	4.740157e-02	
8313	8.075759e-02	4.741877e-02	
8314	8.076646e-02	4.742815e-02	
8315	8.077579e-02	4.744021e-02	
8316	8.078726e-02	4.744794e-02	
8317	8.079596e-02	4.745591e-02	
8318	8.080473e-02	4.745855e-02	
8319	8.081205e-02	4.746336e-02	
8320	8.082002e-02	4.746353e-02	
8321	8.082978e-02	4.746746e-02	
8322	8.083864e-02	4.746721e-02	
8323	8.084791e-02	4.747089e-02	
8324	8.085770e-02	4.747083e-02	
8325	8.086716e-02	4.747452e-02	
8326	8.087534e-02	4.747418e-02	
8327	8.088411e-02	4.747771e-02	
8328	8.089208e-02	4.747734e-02	
8329	8.090110e-02	4.748087e-02	
8330	8.090954e-02	4.748062e-02	
8331	8.091852e-02	4.748409e-02	
8332	8.092953e-02	4.748432e-02	
8333	8.093829e-02	4.748772e-02	
8334	8.094718e-02	4.748757e-02	
8335	8.095639e-02	4.749100e-02	
8336	8.096510e-02	4.749085e-02	
8337	8.097295e-02	4.749399e-02	
8338	8.098138e-02	4.749381e-02	
8339	8.099076e-02	4.749719e-02	
8340	8.099966e-02	4.749712e-02	
8341	8.100909e-02	4.750047e-02	
8342	8.101764e-02	4.750035e-02	
8343	8.102928e-02	4.750407e-02	
8344	8.103831e-02	4.750406e-02	
8345	8.104748e-02	4.750730e-02	
8346	8.105603e-02	4.750722e-02	
8347	8.106424e-02	4.751026e-02	
8348	8.107227e-02	4.751012e-02	

Index   time            v3#branch       
--------------------------------------------------------------------------------
8349	8.108080e-02	4.751319e-02	
8350	8.109054e-02	4.751337e-02	
8351	8.109970e-02	4.751652e-02	
8352	8.110764e-02	4.751640e-02	
8353	8.111623e-02	4.751943e-02	
8354	8.112571e-02	4.751959e-02	
8355	8.113469e-02	4.752267e-02	
8356	8.114392e-02	4.752280e-02	
8357	8.115267e-02	4.752582e-02	
8358	8.116028e-02	4.752568e-02	
8359	8.116856e-02	4.752860e-02	
8360	8.117694e-02	4.752860e-02	
8361	8.118559e-02	4.753157e-02	
8362	8.119658e-02	4.753203e-02	
8363	8.120535e-02	4.753501e-02	
8364	8.121426e-02	4.753511e-02	
8365	8.122348e-02	4.753816e-02	
8366	8.123198e-02	4.753820e-02	
8367	8.123984e-02	4.754099e-02	
8368	8.124811e-02	4.754099e-02	
8369	8.125750e-02	4.754404e-02	
8370	8.126653e-02	4.754418e-02	
8371	8.127496e-02	4.754705e-02	
8372	8.128382e-02	4.754716e-02	
8373	8.129413e-02	4.755035e-02	
8374	8.130319e-02	4.755050e-02	
8375	8.131244e-02	4.755349e-02	
8376	8.132087e-02	4.755353e-02	
8377	8.132865e-02	4.755626e-02	
8378	8.133676e-02	4.755625e-02	
8379	8.134496e-02	4.755905e-02	
8380	8.135433e-02	4.755925e-02	
8381	8.136455e-02	4.756238e-02	
8382	8.137298e-02	4.756242e-02	
8383	8.138150e-02	4.756526e-02	
8384	8.139053e-02	4.756539e-02	
8385	8.139924e-02	4.756826e-02	
8386	8.140747e-02	4.756826e-02	
8387	8.141619e-02	4.757112e-02	
8388	8.142482e-02	4.757119e-02	
8389	8.143379e-02	4.757408e-02	
8390	8.144197e-02	4.757407e-02	
8391	8.145052e-02	4.757689e-02	
8392	8.146052e-02	4.757718e-02	
8393	8.146951e-02	4.758006e-02	
8394	8.147870e-02	4.758022e-02	
8395	8.148752e-02	4.758307e-02	
8396	8.149533e-02	4.758299e-02	
8397	8.150350e-02	4.758572e-02	
8398	8.151175e-02	4.758572e-02	
8399	8.152066e-02	4.758857e-02	
8400	8.153101e-02	4.758891e-02	
8401	8.153951e-02	4.759168e-02	
8402	8.154835e-02	4.759177e-02	
8403	8.155762e-02	4.759466e-02	
8404	8.156643e-02	4.759475e-02	
8405	8.157434e-02	4.759741e-02	
8406	8.158282e-02	4.759744e-02	

Index   time            v3#branch       
--------------------------------------------------------------------------------
8407	8.159226e-02	4.760034e-02	
8408	8.160097e-02	4.760041e-02	
8409	8.160943e-02	4.760314e-02	
8410	8.161826e-02	4.760322e-02	
8411	8.162915e-02	4.760635e-02	
8412	8.163818e-02	4.760646e-02	
8413	8.164737e-02	4.760929e-02	
8414	8.165594e-02	4.760933e-02	
8415	8.166397e-02	4.761197e-02	
8416	8.167197e-02	4.761192e-02	
8417	8.168016e-02	4.761458e-02	
8418	8.168973e-02	4.761478e-02	
8419	8.169930e-02	4.761764e-02	
8420	8.170743e-02	4.761761e-02	
8421	8.171594e-02	4.762030e-02	
8422	8.172516e-02	4.762044e-02	
8423	8.173431e-02	4.762322e-02	
8424	8.174375e-02	4.762340e-02	
8425	8.175225e-02	4.762607e-02	
8426	8.175998e-02	4.762597e-02	
8427	8.176901e-02	4.762871e-02	
8428	8.177753e-02	4.762874e-02	
8429	8.178623e-02	4.763142e-02	
8430	8.179749e-02	4.763188e-02	
8431	8.180638e-02	4.763458e-02	
8432	8.181541e-02	4.763469e-02	
8433	8.182450e-02	4.763741e-02	
8434	8.183294e-02	4.763742e-02	
8435	8.184080e-02	4.763995e-02	
8436	8.184908e-02	4.763993e-02	
8437	8.185850e-02	4.764269e-02	
8438	8.186748e-02	4.764278e-02	
8439	8.187581e-02	4.764536e-02	
8440	8.188463e-02	4.764543e-02	
8441	8.189473e-02	4.764827e-02	
8442	8.190381e-02	4.764837e-02	
8443	8.191308e-02	4.765108e-02	
8444	8.192151e-02	4.765108e-02	
8445	8.192924e-02	4.765354e-02	
8446	8.193741e-02	4.765351e-02	
8447	8.194566e-02	4.765603e-02	
8448	8.195489e-02	4.765616e-02	
8449	8.196525e-02	4.765900e-02	
8450	8.197378e-02	4.765901e-02	
8451	8.198241e-02	4.766158e-02	
8452	8.199140e-02	4.766167e-02	
8453	8.199995e-02	4.766421e-02	
8454	8.200806e-02	4.766416e-02	
8455	8.201668e-02	4.766671e-02	
8456	8.202542e-02	4.766675e-02	
8457	8.203444e-02	4.766935e-02	
8458	8.204257e-02	4.766930e-02	
8459	8.205113e-02	4.767182e-02	
8460	8.206085e-02	4.767201e-02	
8461	8.206988e-02	4.767458e-02	
8462	8.207912e-02	4.767470e-02	
8463	8.208782e-02	4.767721e-02	
8464	8.209551e-02	4.767710e-02	

Index   time            v3#branch       
--------------------------------------------------------------------------------
8465	8.210375e-02	4.767954e-02	
8466	8.211209e-02	4.767952e-02	
8467	8.212089e-02	4.768203e-02	
8468	8.213156e-02	4.768235e-02	
8469	8.214023e-02	4.768483e-02	
8470	8.214901e-02	4.768488e-02	
8471	8.215822e-02	4.768742e-02	
8472	8.216675e-02	4.768743e-02	
8473	8.217461e-02	4.768977e-02	
8474	8.218297e-02	4.768975e-02	
8475	8.219239e-02	4.769231e-02	
8476	8.220129e-02	4.769236e-02	
8477	8.220961e-02	4.769475e-02	
8478	8.221840e-02	4.769479e-02	
8479	8.222858e-02	4.769744e-02	
8480	8.223765e-02	4.769751e-02	
8481	8.224691e-02	4.770001e-02	
8482	8.225538e-02	4.770000e-02	
8483	8.226315e-02	4.770229e-02	
8484	8.227131e-02	4.770223e-02	
8485	8.227955e-02	4.770457e-02	
8486	8.228879e-02	4.770466e-02	
8487	8.229903e-02	4.770727e-02	
8488	8.230751e-02	4.770725e-02	
8489	8.231608e-02	4.770962e-02	
8490	8.232513e-02	4.770968e-02	
8491	8.233374e-02	4.771204e-02	
8492	8.234186e-02	4.771197e-02	
8493	8.235049e-02	4.771432e-02	
8494	8.235916e-02	4.771433e-02	
8495	8.236812e-02	4.771671e-02	
8496	8.237628e-02	4.771665e-02	
8497	8.238485e-02	4.771897e-02	
8498	8.239462e-02	4.771912e-02	
8499	8.240366e-02	4.772150e-02	
8500	8.241290e-02	4.772157e-02	
8501	8.242159e-02	4.772389e-02	
8502	8.242931e-02	4.772376e-02	
8503	8.243754e-02	4.772601e-02	
8504	8.244587e-02	4.772596e-02	
8505	8.245471e-02	4.772827e-02	
8506	8.246528e-02	4.772852e-02	
8507	8.247392e-02	4.773080e-02	
8508	8.248267e-02	4.773080e-02	
8509	8.249188e-02	4.773314e-02	
8510	8.250042e-02	4.773311e-02	
8511	8.250829e-02	4.773527e-02	
8512	8.251667e-02	4.773522e-02	
8513	8.252610e-02	4.773757e-02	
8514	8.253496e-02	4.773758e-02	
8515	8.254325e-02	4.773977e-02	
8516	8.255203e-02	4.773976e-02	
8517	8.256218e-02	4.774218e-02	
8518	8.257126e-02	4.774221e-02	
8519	8.258052e-02	4.774451e-02	
8520	8.258901e-02	4.774446e-02	
8521	8.259678e-02	4.774656e-02	
8522	8.260494e-02	4.774646e-02	

Index   time            v3#branch       
--------------------------------------------------------------------------------
8523	8.261319e-02	4.774861e-02	
8524	8.262241e-02	4.774865e-02	
8525	8.263264e-02	4.775103e-02	
8526	8.264112e-02	4.775097e-02	
8527	8.264970e-02	4.775314e-02	
8528	8.265876e-02	4.775315e-02	
8529	8.266736e-02	4.775531e-02	
8530	8.267545e-02	4.775520e-02	
8531	8.268407e-02	4.775735e-02	
8532	8.269273e-02	4.775731e-02	
8533	8.270169e-02	4.775949e-02	
8534	8.270984e-02	4.775938e-02	
8535	8.271842e-02	4.776151e-02	
8536	8.272816e-02	4.776159e-02	
8537	8.273721e-02	4.776376e-02	
8538	8.274646e-02	4.776377e-02	
8539	8.275512e-02	4.776589e-02	
8540	8.276282e-02	4.776572e-02	
8541	8.277107e-02	4.776777e-02	
8542	8.277941e-02	4.776768e-02	
8543	8.278824e-02	4.776979e-02	
8544	8.279885e-02	4.776995e-02	
8545	8.280751e-02	4.777203e-02	
8546	8.281629e-02	4.777198e-02	
8547	8.282546e-02	4.777411e-02	
8548	8.283395e-02	4.777402e-02	
8549	8.284183e-02	4.777599e-02	
8550	8.285019e-02	4.777589e-02	
8551	8.285963e-02	4.777803e-02	
8552	8.286850e-02	4.777797e-02	
8553	8.287676e-02	4.777997e-02	
8554	8.288552e-02	4.777990e-02	
8555	8.289556e-02	4.778208e-02	
8556	8.290464e-02	4.778205e-02	
8557	8.291392e-02	4.778413e-02	
8558	8.292240e-02	4.778403e-02	
8559	8.293014e-02	4.778593e-02	
8560	8.293832e-02	4.778579e-02	
8561	8.294660e-02	4.778774e-02	
8562	8.295575e-02	4.778770e-02	
8563	8.296608e-02	4.778987e-02	
8564	8.297462e-02	4.778976e-02	
8565	8.298327e-02	4.779173e-02	
8566	8.299230e-02	4.779167e-02	
8567	8.300083e-02	4.779361e-02	
8568	8.300887e-02	4.779345e-02	
8569	8.301744e-02	4.779539e-02	
8570	8.302709e-02	4.779539e-02	
8571	8.303581e-02	4.779733e-02	
8572	8.304387e-02	4.779716e-02	
8573	8.305250e-02	4.779908e-02	
8574	8.306250e-02	4.779911e-02	
8575	8.307154e-02	4.780106e-02	
8576	8.308077e-02	4.780101e-02	
8577	8.308948e-02	4.780291e-02	
8578	8.309729e-02	4.780271e-02	
8579	8.310547e-02	4.780455e-02	
8580	8.311374e-02	4.780439e-02	

Index   time            v3#branch       
--------------------------------------------------------------------------------
8581	8.312272e-02	4.780630e-02	
8582	8.313297e-02	4.780634e-02	
8583	8.314147e-02	4.780819e-02	
8584	8.315015e-02	4.780806e-02	
8585	8.315940e-02	4.780998e-02	
8586	8.316807e-02	4.780985e-02	
8587	8.317598e-02	4.781162e-02	
8588	8.318446e-02	4.781147e-02	
8589	8.319394e-02	4.781338e-02	
8590	8.320263e-02	4.781324e-02	
8591	8.321090e-02	4.781503e-02	
8592	8.321965e-02	4.781489e-02	
8593	8.323001e-02	4.781687e-02	
8594	8.323907e-02	4.781676e-02	
8595	8.324832e-02	4.781862e-02	
8596	8.325688e-02	4.781845e-02	
8597	8.326476e-02	4.782017e-02	
8598	8.327288e-02	4.781996e-02	
8599	8.328108e-02	4.782170e-02	
8600	8.329037e-02	4.782160e-02	
8601	8.330030e-02	4.782348e-02	
8602	8.330866e-02	4.782329e-02	
8603	8.331715e-02	4.782503e-02	
8604	8.332634e-02	4.782491e-02	
8605	8.333511e-02	4.782667e-02	
8606	8.334327e-02	4.782645e-02	
8607	8.335193e-02	4.782818e-02	
8608	8.336039e-02	4.782799e-02	
8609	8.336922e-02	4.782972e-02	
8610	8.337745e-02	4.782951e-02	
8611	8.338603e-02	4.783121e-02	
8612	8.339601e-02	4.783114e-02	
8613	8.340506e-02	4.783287e-02	
8614	8.341430e-02	4.783274e-02	
8615	8.342298e-02	4.783443e-02	
8616	8.343078e-02	4.783416e-02	
8617	8.343897e-02	4.783579e-02	
8618	8.344726e-02	4.783557e-02	
8619	8.345622e-02	4.783726e-02	
8620	8.346652e-02	4.783719e-02	
8621	8.347505e-02	4.783883e-02	
8622	8.348370e-02	4.783863e-02	
8623	8.349293e-02	4.784032e-02	
8624	8.350155e-02	4.784010e-02	
8625	8.350945e-02	4.784167e-02	
8626	8.351792e-02	4.784144e-02	
8627	8.352739e-02	4.784313e-02	
8628	8.353611e-02	4.784291e-02	
8629	8.354435e-02	4.784449e-02	
8630	8.355308e-02	4.784427e-02	
8631	8.356329e-02	4.784599e-02	
8632	8.357237e-02	4.784579e-02	
8633	8.358162e-02	4.784742e-02	
8634	8.359017e-02	4.784718e-02	
8635	8.359800e-02	4.784869e-02	
8636	8.360615e-02	4.784841e-02	
8637	8.361439e-02	4.784994e-02	
8638	8.362360e-02	4.784974e-02	

Index   time            v3#branch       
--------------------------------------------------------------------------------
8639	8.363368e-02	4.785140e-02	
8640	8.364211e-02	4.785114e-02	
8641	8.365064e-02	4.785267e-02	
8642	8.365979e-02	4.785245e-02	
8643	8.366846e-02	4.785398e-02	
8644	8.367653e-02	4.785368e-02	
8645	8.368513e-02	4.785519e-02	
8646	8.369371e-02	4.785493e-02	
8647	8.370261e-02	4.785645e-02	
8648	8.371080e-02	4.785615e-02	
8649	8.371939e-02	4.785764e-02	
8650	8.372919e-02	4.785745e-02	
8651	8.373826e-02	4.785896e-02	
8652	8.374753e-02	4.785873e-02	
8653	8.375615e-02	4.786019e-02	
8654	8.376386e-02	4.785985e-02	
8655	8.377210e-02	4.786128e-02	
8656	8.378044e-02	4.786097e-02	
8657	8.378933e-02	4.786243e-02	
8658	8.379984e-02	4.786227e-02	
8659	8.380847e-02	4.786370e-02	
8660	8.381722e-02	4.786342e-02	
8661	8.382636e-02	4.786487e-02	
8662	8.383487e-02	4.786456e-02	
8663	8.384276e-02	4.786592e-02	
8664	8.385117e-02	4.786561e-02	
8665	8.386063e-02	4.786706e-02	
8666	8.386945e-02	4.786676e-02	
8667	8.387764e-02	4.786812e-02	
8668	8.388636e-02	4.786781e-02	
8669	8.389631e-02	4.786926e-02	
8670	8.390540e-02	4.786897e-02	
8671	8.391468e-02	4.787037e-02	
8672	8.392319e-02	4.787004e-02	
8673	8.393092e-02	4.787134e-02	
8674	8.393913e-02	4.787099e-02	
8675	8.394743e-02	4.787231e-02	
8676	8.395650e-02	4.787200e-02	
8677	8.396687e-02	4.787343e-02	
8678	8.397545e-02	4.787309e-02	
8679	8.398413e-02	4.787440e-02	
8680	8.399318e-02	4.787408e-02	
8681	8.400171e-02	4.787538e-02	
8682	8.400969e-02	4.787500e-02	
8683	8.401821e-02	4.787628e-02	
8684	8.402780e-02	4.787598e-02	
8685	8.403654e-02	4.787727e-02	
8686	8.404461e-02	4.787688e-02	
8687	8.405326e-02	4.787815e-02	
8688	8.406318e-02	4.787786e-02	
8689	8.407224e-02	4.787913e-02	
8690	8.408149e-02	4.787880e-02	
8691	8.409013e-02	4.788004e-02	
8692	8.409790e-02	4.787963e-02	
8693	8.410611e-02	4.788084e-02	
8694	8.411441e-02	4.788045e-02	
8695	8.412338e-02	4.788168e-02	
8696	8.413372e-02	4.788138e-02	

Index   time            v3#branch       
--------------------------------------------------------------------------------
8697	8.414227e-02	4.788259e-02	
8698	8.415094e-02	4.788220e-02	
8699	8.416012e-02	4.788343e-02	
8700	8.416868e-02	4.788303e-02	
8701	8.417658e-02	4.788418e-02	
8702	8.418504e-02	4.788378e-02	
8703	8.419452e-02	4.788499e-02	
8704	8.420327e-02	4.788459e-02	
8705	8.421145e-02	4.788573e-02	
8706	8.422017e-02	4.788533e-02	
8707	8.423021e-02	4.788654e-02	
8708	8.423929e-02	4.788614e-02	
8709	8.424856e-02	4.788731e-02	
8710	8.425710e-02	4.788689e-02	
8711	8.426488e-02	4.788798e-02	
8712	8.427307e-02	4.788754e-02	
8713	8.428135e-02	4.788864e-02	
8714	8.429045e-02	4.788823e-02	
8715	8.430069e-02	4.788939e-02	
8716	8.430921e-02	4.788895e-02	
8717	8.431783e-02	4.789005e-02	
8718	8.432694e-02	4.788962e-02	
8719	8.433551e-02	4.789070e-02	
8720	8.434350e-02	4.789023e-02	
8721	8.435204e-02	4.789130e-02	
8722	8.436162e-02	4.789088e-02	
8723	8.437030e-02	4.789194e-02	
8724	8.437840e-02	4.789146e-02	
8725	8.438706e-02	4.789251e-02	
8726	8.439708e-02	4.789210e-02	
8727	8.440615e-02	4.789314e-02	
8728	8.441539e-02	4.789269e-02	
8729	8.442403e-02	4.789372e-02	
8730	8.443185e-02	4.789322e-02	
8731	8.444003e-02	4.789421e-02	
8732	8.444831e-02	4.789373e-02	
8733	8.445734e-02	4.789474e-02	
8734	8.446755e-02	4.789430e-02	
8735	8.447605e-02	4.789528e-02	
8736	8.448465e-02	4.789479e-02	
8737	8.449386e-02	4.789578e-02	
8738	8.450248e-02	4.789529e-02	
8739	8.451042e-02	4.789623e-02	
8740	8.451891e-02	4.789573e-02	
8741	8.452843e-02	4.789670e-02	
8742	8.453710e-02	4.789620e-02	
8743	8.454528e-02	4.789713e-02	
8744	8.455398e-02	4.789662e-02	
8745	8.456413e-02	4.789758e-02	
8746	8.457320e-02	4.789707e-02	
8747	8.458246e-02	4.789800e-02	
8748	8.459104e-02	4.789748e-02	
8749	8.459887e-02	4.789837e-02	
8750	8.460704e-02	4.789783e-02	
8751	8.461529e-02	4.789871e-02	
8752	8.462443e-02	4.789819e-02	
8753	8.463453e-02	4.789910e-02	
8754	8.464298e-02	4.789856e-02	

Index   time            v3#branch       
--------------------------------------------------------------------------------
8755	8.465154e-02	4.789943e-02	
8756	8.466072e-02	4.789889e-02	
8757	8.466936e-02	4.789975e-02	
8758	8.467738e-02	4.789919e-02	
8759	8.468593e-02	4.790003e-02	
8760	8.469454e-02	4.789948e-02	
8761	8.470343e-02	4.790032e-02	
8762	8.471162e-02	4.789975e-02	
8763	8.472024e-02	4.790057e-02	
8764	8.473001e-02	4.790002e-02	
8765	8.473910e-02	4.790084e-02	
8766	8.474838e-02	4.790028e-02	
8767	8.475694e-02	4.790107e-02	
8768	8.476463e-02	4.790048e-02	
8769	8.477288e-02	4.790127e-02	
8770	8.478123e-02	4.790068e-02	
8771	8.479014e-02	4.790146e-02	
8772	8.480070e-02	4.790089e-02	
8773	8.480937e-02	4.790166e-02	
8774	8.481815e-02	4.790106e-02	
8775	8.482721e-02	4.790182e-02	
8776	8.483570e-02	4.790122e-02	
8777	8.484360e-02	4.790195e-02	
8778	8.485203e-02	4.790134e-02	
8779	8.486152e-02	4.790208e-02	
8780	8.487034e-02	4.790147e-02	
8781	8.487845e-02	4.790218e-02	
8782	8.488715e-02	4.790157e-02	
8783	8.489695e-02	4.790228e-02	
8784	8.490605e-02	4.790166e-02	
8785	8.491533e-02	4.790235e-02	
8786	8.492386e-02	4.790172e-02	
8787	8.493155e-02	4.790240e-02	
8788	8.493980e-02	4.790177e-02	
8789	8.494813e-02	4.790244e-02	
8790	8.495710e-02	4.790180e-02	
8791	8.496760e-02	4.790246e-02	
8792	8.497625e-02	4.790181e-02	
8793	8.498501e-02	4.790246e-02	
8794	8.499405e-02	4.790181e-02	
8795	8.500255e-02	4.790244e-02	
8796	8.501047e-02	4.790179e-02	
8797	8.501893e-02	4.790241e-02	
8798	8.502845e-02	4.790174e-02	
8799	8.503725e-02	4.790236e-02	
8800	8.504534e-02	4.790169e-02	
8801	8.505401e-02	4.790229e-02	
8802	8.506382e-02	4.790161e-02	
8803	8.507291e-02	4.790220e-02	
8804	8.508219e-02	4.790151e-02	
8805	8.509074e-02	4.790209e-02	
8806	8.509845e-02	4.790141e-02	
8807	8.510669e-02	4.790198e-02	
8808	8.511503e-02	4.790129e-02	
8809	8.512397e-02	4.790184e-02	
8810	8.513446e-02	4.790113e-02	
8811	8.514310e-02	4.790167e-02	
8812	8.515184e-02	4.790096e-02	

Index   time            v3#branch       
--------------------------------------------------------------------------------
8813	8.516092e-02	4.790149e-02	
8814	8.516942e-02	4.790078e-02	
8815	8.517733e-02	4.790131e-02	
8816	8.518579e-02	4.790060e-02	
8817	8.519529e-02	4.790109e-02	
8818	8.520408e-02	4.790037e-02	
8819	8.521219e-02	4.790087e-02	
8820	8.522087e-02	4.790015e-02	
8821	8.523071e-02	4.790062e-02	
8822	8.523980e-02	4.789988e-02	
8823	8.524908e-02	4.790034e-02	
8824	8.525763e-02	4.789960e-02	
8825	8.526534e-02	4.790008e-02	
8826	8.527358e-02	4.789934e-02	
8827	8.528190e-02	4.789980e-02	
8828	8.529087e-02	4.789904e-02	
8829	8.530133e-02	4.789945e-02	
8830	8.530995e-02	4.789869e-02	
8831	8.531869e-02	4.789912e-02	
8832	8.532776e-02	4.789834e-02	
8833	8.533627e-02	4.789876e-02	
8834	8.534419e-02	4.789801e-02	
8835	8.535265e-02	4.789842e-02	
8836	8.536216e-02	4.789762e-02	
8837	8.537094e-02	4.789802e-02	
8838	8.537905e-02	4.789725e-02	
8839	8.538773e-02	4.789763e-02	
8840	8.539759e-02	4.789681e-02	
8841	8.540667e-02	4.789717e-02	
8842	8.541595e-02	4.789637e-02	
8843	8.542450e-02	4.789673e-02	
8844	8.543222e-02	4.789595e-02	
8845	8.544046e-02	4.789631e-02	
8846	8.544878e-02	4.789552e-02	
8847	8.545776e-02	4.789584e-02	
8848	8.546819e-02	4.789498e-02	
8849	8.547680e-02	4.789531e-02	
8850	8.548553e-02	4.789449e-02	
8851	8.549460e-02	4.789479e-02	
8852	8.550312e-02	4.789398e-02	
8853	8.551105e-02	4.789430e-02	
8854	8.551952e-02	4.789348e-02	
8855	8.552905e-02	4.789374e-02	
8856	8.553781e-02	4.789290e-02	
8857	8.554591e-02	4.789320e-02	
8858	8.555458e-02	4.789236e-02	
8859	8.556443e-02	4.789259e-02	
8860	8.557352e-02	4.789173e-02	
8861	8.558279e-02	4.789197e-02	
8862	8.559136e-02	4.789112e-02	
8863	8.559909e-02	4.789139e-02	
8864	8.560733e-02	4.789055e-02	
8865	8.561565e-02	4.789080e-02	
8866	8.562461e-02	4.788993e-02	
8867	8.563503e-02	4.789008e-02	
8868	8.564364e-02	4.788922e-02	
8869	8.565236e-02	4.788943e-02	
8870	8.566146e-02	4.788853e-02	

Index   time            v3#branch       
--------------------------------------------------------------------------------
8871	8.566999e-02	4.788874e-02	
8872	8.567789e-02	4.788789e-02	
8873	8.568635e-02	4.788808e-02	
8874	8.569585e-02	4.788716e-02	
8875	8.570462e-02	4.788734e-02	
8876	8.571275e-02	4.788647e-02	
8877	8.572143e-02	4.788663e-02	
8878	8.573132e-02	4.788568e-02	
8879	8.574041e-02	4.788582e-02	
8880	8.574969e-02	4.788489e-02	
8881	8.575823e-02	4.788504e-02	
8882	8.576596e-02	4.788417e-02	
8883	8.577419e-02	4.788432e-02	
8884	8.578251e-02	4.788342e-02	
8885	8.579152e-02	4.788353e-02	
8886	8.580191e-02	4.788253e-02	
8887	8.581050e-02	4.788264e-02	
8888	8.581921e-02	4.788171e-02	
8889	8.582828e-02	4.788179e-02	
8890	8.583680e-02	4.788086e-02	
8891	8.584476e-02	4.788099e-02	
8892	8.585324e-02	4.788006e-02	
8893	8.586278e-02	4.788009e-02	
8894	8.587153e-02	4.787914e-02	
8895	8.587961e-02	4.787924e-02	
8896	8.588827e-02	4.787829e-02	
8897	8.589814e-02	4.787828e-02	
8898	8.590722e-02	4.787730e-02	
8899	8.591649e-02	4.787731e-02	
8900	8.592508e-02	4.787635e-02	
8901	8.593282e-02	4.787644e-02	
8902	8.594105e-02	4.787549e-02	
8903	8.594937e-02	4.787553e-02	
8904	8.595833e-02	4.787454e-02	
8905	8.596872e-02	4.787446e-02	
8906	8.597732e-02	4.787348e-02	
8907	8.598602e-02	4.787348e-02	
8908	8.599515e-02	4.787247e-02	
8909	8.600369e-02	4.787246e-02	
8910	8.601159e-02	4.787152e-02	
8911	8.602004e-02	4.787151e-02	
8912	8.602952e-02	4.787046e-02	
8913	8.603828e-02	4.787042e-02	
8914	8.604643e-02	4.786945e-02	
8915	8.605513e-02	4.786941e-02	
8916	8.606505e-02	4.786832e-02	
8917	8.607414e-02	4.786824e-02	
8918	8.608342e-02	4.786719e-02	
8919	8.609195e-02	4.786713e-02	
8920	8.609969e-02	4.786617e-02	
8921	8.610791e-02	4.786612e-02	
8922	8.611622e-02	4.786512e-02	
8923	8.612525e-02	4.786501e-02	
8924	8.613561e-02	4.786387e-02	
8925	8.614419e-02	4.786378e-02	
8926	8.615288e-02	4.786274e-02	
8927	8.616195e-02	4.786260e-02	
8928	8.617048e-02	4.786157e-02	

Index   time            v3#branch       
--------------------------------------------------------------------------------
8929	8.617845e-02	4.786150e-02	
8930	8.618695e-02	4.786046e-02	
8931	8.619651e-02	4.786027e-02	
8932	8.620524e-02	4.785921e-02	
8933	8.621331e-02	4.785911e-02	
8934	8.622196e-02	4.785805e-02	
8935	8.623183e-02	4.785782e-02	
8936	8.624091e-02	4.785672e-02	
8937	8.625018e-02	4.785652e-02	
8938	8.625879e-02	4.785545e-02	
8939	8.626654e-02	4.785534e-02	
8940	8.627476e-02	4.785430e-02	
8941	8.628308e-02	4.785414e-02	
8942	8.629203e-02	4.785304e-02	
8943	8.630240e-02	4.785272e-02	
8944	8.631099e-02	4.785164e-02	
8945	8.631969e-02	4.785143e-02	
8946	8.632884e-02	4.785030e-02	
8947	8.633738e-02	4.785010e-02	
8948	8.634527e-02	4.784905e-02	
8949	8.635372e-02	4.784885e-02	
8950	8.636319e-02	4.784768e-02	
8951	8.637195e-02	4.784744e-02	
8952	8.638011e-02	4.784636e-02	
8953	8.638881e-02	4.784612e-02	
8954	8.639876e-02	4.784490e-02	
8955	8.640786e-02	4.784461e-02	
8956	8.641714e-02	4.784344e-02	
8957	8.642565e-02	4.784318e-02	
8958	8.643340e-02	4.784213e-02	
8959	8.644162e-02	4.784189e-02	
8960	8.644992e-02	4.784079e-02	
8961	8.645898e-02	4.784047e-02	
8962	8.646931e-02	4.783919e-02	
8963	8.647788e-02	4.783890e-02	
8964	8.648656e-02	4.783776e-02	
8965	8.649561e-02	4.783742e-02	
8966	8.650415e-02	4.783628e-02	
8967	8.651214e-02	4.783602e-02	
8968	8.652066e-02	4.783487e-02	
8969	8.653024e-02	4.783447e-02	
8970	8.653894e-02	4.783330e-02	
8971	8.654700e-02	4.783302e-02	
8972	8.655564e-02	4.783185e-02	
8973	8.656552e-02	4.783140e-02	
8974	8.657459e-02	4.783019e-02	
8975	8.658386e-02	4.782978e-02	
8976	8.659248e-02	4.782861e-02	
8977	8.660024e-02	4.782832e-02	
8978	8.660847e-02	4.782718e-02	
8979	8.661678e-02	4.782683e-02	
8980	8.662572e-02	4.782562e-02	
8981	8.663608e-02	4.782508e-02	
8982	8.664466e-02	4.782389e-02	
8983	8.665335e-02	4.782349e-02	
8984	8.666252e-02	4.782224e-02	
8985	8.667108e-02	4.782185e-02	
8986	8.667896e-02	4.782071e-02	

Index   time            v3#branch       
--------------------------------------------------------------------------------
8987	8.668740e-02	4.782032e-02	
8988	8.669686e-02	4.781903e-02	
8989	8.670561e-02	4.781860e-02	
8990	8.671379e-02	4.781743e-02	
8991	8.672250e-02	4.781699e-02	
8992	8.673248e-02	4.781564e-02	
8993	8.674158e-02	4.781515e-02	
8994	8.675086e-02	4.781386e-02	
8995	8.675937e-02	4.781342e-02	
8996	8.676712e-02	4.781228e-02	
8997	8.677533e-02	4.781186e-02	
8998	8.678362e-02	4.781065e-02	
8999	8.679271e-02	4.781014e-02	
9000	8.680302e-02	4.780873e-02	
9001	8.681157e-02	4.780826e-02	
9002	8.682023e-02	4.780701e-02	
9003	8.682928e-02	4.780647e-02	
9004	8.683783e-02	4.780523e-02	
9005	8.684583e-02	4.780479e-02	
9006	8.685437e-02	4.780355e-02	
9007	8.686396e-02	4.780294e-02	
9008	8.687265e-02	4.780167e-02	
9009	8.688070e-02	4.780121e-02	
9010	8.688933e-02	4.779994e-02	
9011	8.689922e-02	4.779928e-02	
9012	8.690828e-02	4.779797e-02	
9013	8.691754e-02	4.779736e-02	
9014	8.692619e-02	4.779608e-02	
9015	8.693396e-02	4.779563e-02	
9016	8.694218e-02	4.779439e-02	
9017	8.695049e-02	4.779386e-02	
9018	8.695942e-02	4.779254e-02	
9019	8.696976e-02	4.779179e-02	
9020	8.697833e-02	4.779051e-02	
9021	8.698701e-02	4.778992e-02	
9022	8.699621e-02	4.778856e-02	
9023	8.700477e-02	4.778799e-02	
9024	8.701265e-02	4.778677e-02	
9025	8.702108e-02	4.778619e-02	
9026	8.703054e-02	4.778479e-02	
9027	8.703928e-02	4.778418e-02	
9028	8.704747e-02	4.778291e-02	
9029	8.705620e-02	4.778229e-02	
9030	8.706621e-02	4.778082e-02	
9031	8.707531e-02	4.778014e-02	
9032	8.708459e-02	4.777874e-02	
9033	8.709309e-02	4.777813e-02	
9034	8.710085e-02	4.777690e-02	
9035	8.710905e-02	4.777631e-02	
9036	8.711734e-02	4.777501e-02	
9037	8.712646e-02	4.777431e-02	
9038	8.713673e-02	4.777278e-02	
9039	8.714527e-02	4.777213e-02	
9040	8.715391e-02	4.777079e-02	
9041	8.716296e-02	4.777007e-02	
9042	8.717151e-02	4.776873e-02	
9043	8.717954e-02	4.776812e-02	
9044	8.718808e-02	4.776678e-02	

Index   time            v3#branch       
--------------------------------------------------------------------------------
9045	8.719770e-02	4.776598e-02	
9046	8.720637e-02	4.776462e-02	
9047	8.721440e-02	4.776399e-02	
9048	8.722302e-02	4.776263e-02	
9049	8.723292e-02	4.776177e-02	
9050	8.724199e-02	4.776035e-02	
9051	8.725124e-02	4.775957e-02	
9052	8.725991e-02	4.775819e-02	
9053	8.726769e-02	4.775757e-02	
9054	8.727591e-02	4.775624e-02	
9055	8.728421e-02	4.775555e-02	
9056	8.729314e-02	4.775414e-02	
9057	8.730345e-02	4.775319e-02	
9058	8.731201e-02	4.775181e-02	
9059	8.732068e-02	4.775106e-02	
9060	8.732990e-02	4.774959e-02	
9061	8.733848e-02	4.774884e-02	
9062	8.734636e-02	4.774754e-02	
9063	8.735478e-02	4.774680e-02	
9064	8.736422e-02	4.774530e-02	
9065	8.737295e-02	4.774451e-02	
9066	8.738117e-02	4.774316e-02	
9067	8.738990e-02	4.774237e-02	
9068	8.739996e-02	4.774078e-02	
9069	8.740906e-02	4.773992e-02	
9070	8.741834e-02	4.773843e-02	
9071	8.742683e-02	4.773764e-02	
9072	8.743460e-02	4.773634e-02	
9073	8.744279e-02	4.773558e-02	
9074	8.745107e-02	4.773421e-02	
9075	8.746022e-02	4.773332e-02	
9076	8.747045e-02	4.773169e-02	
9077	8.747897e-02	4.773087e-02	
9078	8.748760e-02	4.772944e-02	
9079	8.749664e-02	4.772856e-02	
9080	8.750520e-02	4.772713e-02	
9081	8.751325e-02	4.772636e-02	
9082	8.752182e-02	4.772493e-02	
9083	8.753047e-02	4.772408e-02	
9084	8.753941e-02	4.772259e-02	
9085	8.754747e-02	4.772181e-02	
9086	8.755603e-02	4.772037e-02	
9087	8.756557e-02	4.771938e-02	
9088	8.757466e-02	4.771786e-02	
9089	8.758397e-02	4.771690e-02	
9090	8.759256e-02	4.771544e-02	
9091	8.760018e-02	4.771470e-02	
9092	8.760849e-02	4.771328e-02	
9093	8.761690e-02	4.771242e-02	
9094	8.762562e-02	4.771094e-02	
9095	8.763646e-02	4.770974e-02	
9096	8.764526e-02	4.770824e-02	
9097	8.765418e-02	4.770730e-02	
9098	8.766325e-02	4.770576e-02	
9099	8.767168e-02	4.770487e-02	
9100	8.767959e-02	4.770349e-02	
9101	8.768786e-02	4.770262e-02	
9102	8.769730e-02	4.770102e-02	

Index   time            v3#branch       
--------------------------------------------------------------------------------
9103	8.770618e-02	4.770006e-02	
9104	8.771432e-02	4.769864e-02	
9105	8.772309e-02	4.769768e-02	
9106	8.773282e-02	4.769603e-02	
9107	8.774194e-02	4.769502e-02	
9108	8.775033e-02	4.769355e-02	
9109	8.775910e-02	4.769258e-02	
9110	8.776699e-02	4.769119e-02	
9111	8.777617e-02	4.769014e-02	
9112	8.778461e-02	4.768867e-02	
9113	8.779385e-02	4.768761e-02	
9114	8.780427e-02	4.768584e-02	
9115	8.781282e-02	4.768488e-02	
9116	8.782147e-02	4.768336e-02	
9117	8.783049e-02	4.768232e-02	
9118	8.783910e-02	4.768081e-02	
9119	8.784720e-02	4.767989e-02	
9120	8.785581e-02	4.767837e-02	
9121	8.786435e-02	4.767738e-02	
9122	8.787324e-02	4.767582e-02	
9123	8.788133e-02	4.767489e-02	
9124	8.788988e-02	4.767338e-02	
9125	8.789950e-02	4.767222e-02	
9126	8.790857e-02	4.767062e-02	
9127	8.791785e-02	4.766950e-02	
9128	8.792649e-02	4.766796e-02	
9129	8.793415e-02	4.766707e-02	
9130	8.794244e-02	4.766559e-02	
9131	8.795082e-02	4.766459e-02	
9132	8.795958e-02	4.766303e-02	
9133	8.797027e-02	4.766167e-02	
9134	8.797901e-02	4.766011e-02	
9135	8.798786e-02	4.765902e-02	
9136	8.799699e-02	4.765740e-02	
9137	8.800547e-02	4.765636e-02	
9138	8.801336e-02	4.765492e-02	
9139	8.802165e-02	4.765390e-02	
9140	8.803108e-02	4.765222e-02	
9141	8.803992e-02	4.765111e-02	
9142	8.804811e-02	4.764962e-02	
9143	8.805688e-02	4.764852e-02	
9144	8.806672e-02	4.764677e-02	
9145	8.807584e-02	4.764560e-02	
9146	8.808515e-02	4.764393e-02	
9147	8.809355e-02	4.764287e-02	
9148	8.810121e-02	4.764145e-02	
9149	8.810946e-02	4.764041e-02	
9150	8.811779e-02	4.763888e-02	
9151	8.812687e-02	4.763770e-02	
9152	8.813739e-02	4.763583e-02	
9153	8.814605e-02	4.763470e-02	
9154	8.815482e-02	4.763310e-02	
9155	8.816372e-02	4.763193e-02	
9156	8.817218e-02	4.763037e-02	
9157	8.818022e-02	4.762934e-02	
9158	8.818875e-02	4.762776e-02	
9159	8.819839e-02	4.762647e-02	
9160	8.820716e-02	4.762485e-02	

Index   time            v3#branch       
--------------------------------------------------------------------------------
9161	8.821511e-02	4.762382e-02	
9162	8.822370e-02	4.762223e-02	
9163	8.823334e-02	4.762092e-02	
9164	8.824240e-02	4.761925e-02	
9165	8.825167e-02	4.761799e-02	
9166	8.826034e-02	4.761638e-02	
9167	8.826803e-02	4.761537e-02	
9168	8.827631e-02	4.761382e-02	
9169	8.828468e-02	4.761269e-02	
9170	8.829344e-02	4.761107e-02	
9171	8.830405e-02	4.760957e-02	
9172	8.831275e-02	4.760795e-02	
9173	8.832157e-02	4.760673e-02	
9174	8.833075e-02	4.760503e-02	
9175	8.833924e-02	4.760386e-02	
9176	8.834714e-02	4.760236e-02	
9177	8.835542e-02	4.760122e-02	
9178	8.836483e-02	4.759947e-02	
9179	8.837365e-02	4.759824e-02	
9180	8.838188e-02	4.759668e-02	
9181	8.839066e-02	4.759545e-02	
9182	8.840059e-02	4.759361e-02	
9183	8.840971e-02	4.759231e-02	
9184	8.841902e-02	4.759057e-02	
9185	8.842740e-02	4.758939e-02	
9186	8.843510e-02	4.758792e-02	
9187	8.844332e-02	4.758675e-02	
9188	8.845164e-02	4.758517e-02	
9189	8.846077e-02	4.758385e-02	
9190	8.847120e-02	4.758192e-02	
9191	8.847982e-02	4.758068e-02	
9192	8.848854e-02	4.757902e-02	
9193	8.849744e-02	4.757773e-02	
9194	8.850593e-02	4.757611e-02	
9195	8.851400e-02	4.757495e-02	
9196	8.852257e-02	4.757332e-02	
9197	8.853224e-02	4.757189e-02	
9198	8.854097e-02	4.757022e-02	
9199	8.854890e-02	4.756908e-02	
9200	8.855747e-02	4.756744e-02	
9201	8.856716e-02	4.756599e-02	
9202	8.857621e-02	4.756426e-02	
9203	8.858547e-02	4.756288e-02	
9204	8.859418e-02	4.756121e-02	
9205	8.860190e-02	4.756008e-02	
9206	8.861017e-02	4.755849e-02	
9207	8.861852e-02	4.755725e-02	
9208	8.862728e-02	4.755557e-02	
9209	8.863782e-02	4.755395e-02	
9210	8.864649e-02	4.755228e-02	
9211	8.865526e-02	4.755095e-02	
9212	8.866450e-02	4.754918e-02	
9213	8.867302e-02	4.754790e-02	
9214	8.868091e-02	4.754636e-02	
9215	8.868919e-02	4.754511e-02	
9216	8.869858e-02	4.754331e-02	
9217	8.870738e-02	4.754197e-02	
9218	8.871565e-02	4.754036e-02	

Index   time            v3#branch       
--------------------------------------------------------------------------------
9219	8.872444e-02	4.753901e-02	
9220	8.873446e-02	4.753709e-02	
9221	8.874357e-02	4.753568e-02	
9222	8.875195e-02	4.753405e-02	
9223	8.876071e-02	4.753270e-02	
9224	8.876857e-02	4.753115e-02	
9225	8.877690e-02	4.752987e-02	
9226	8.878533e-02	4.752822e-02	
9227	8.879444e-02	4.752680e-02	
9228	8.880492e-02	4.752479e-02	
9229	8.881354e-02	4.752344e-02	
9230	8.882227e-02	4.752174e-02	
9231	8.883114e-02	4.752035e-02	
9232	8.883963e-02	4.751868e-02	
9233	8.884774e-02	4.751742e-02	
9234	8.885634e-02	4.751574e-02	
9235	8.886503e-02	4.751436e-02	
9236	8.887401e-02	4.751261e-02	
9237	8.888194e-02	4.751137e-02	
9238	8.889044e-02	4.750970e-02	
9239	8.889980e-02	4.750819e-02	
9240	8.890891e-02	4.750641e-02	
9241	8.891824e-02	4.750491e-02	
9242	8.892693e-02	4.750320e-02	
9243	8.893457e-02	4.750199e-02	
9244	8.894379e-02	4.750018e-02	
9245	8.895215e-02	4.749884e-02	
9246	8.896093e-02	4.749711e-02	
9247	8.897159e-02	4.749534e-02	
9248	8.898028e-02	4.749361e-02	
9249	8.898930e-02	4.749213e-02	
9250	8.899865e-02	4.749027e-02	
9251	8.900735e-02	4.748884e-02	
9252	8.901518e-02	4.748724e-02	
9253	8.902337e-02	4.748588e-02	
9254	8.903262e-02	4.748401e-02	
9255	8.904129e-02	4.748254e-02	
9256	8.905081e-02	4.748059e-02	
9257	8.905941e-02	4.747909e-02	
9258	8.907089e-02	4.747671e-02	
9259	8.907998e-02	4.747506e-02	
9260	8.908806e-02	4.747328e-02	
9261	8.909668e-02	4.747165e-02	
9262	8.910505e-02	4.746973e-02	
9263	8.911355e-02	4.746801e-02	
9264	8.912235e-02	4.746587e-02	
9265	8.913245e-02	4.746361e-02	
9266	8.914155e-02	4.746124e-02	
9267	8.914928e-02	4.746021e-02	
9268	8.915702e-02	4.745986e-02	
9269	8.916381e-02	4.745865e-02	
9270	8.917093e-02	4.745732e-02	
9271	8.918081e-02	4.745523e-02	
9272	8.918982e-02	4.745312e-02	
9273	8.919805e-02	4.745042e-02	
9274	8.920741e-02	4.744557e-02	
9275	8.921482e-02	4.744018e-02	
9276	8.922001e-02	4.743537e-02	

Index   time            v3#branch       
--------------------------------------------------------------------------------
9277	8.922495e-02	4.743081e-02	
9278	8.923347e-02	4.742158e-02	
9279	8.924231e-02	4.741019e-02	
9280	8.925531e-02	4.738890e-02	
9281	8.926490e-02	4.736901e-02	
9282	8.927553e-02	4.734148e-02	
9283	8.928564e-02	4.730876e-02	
9284	8.929807e-02	4.725717e-02	
9285	8.930970e-02	4.719428e-02	
9286	8.932129e-02	4.711354e-02	
9287	8.932927e-02	4.704465e-02	
9288	8.933925e-02	4.694017e-02	
9289	8.934896e-02	4.681429e-02	
9290	8.936184e-02	4.660118e-02	
9291	8.937423e-02	4.633114e-02	
9292	8.938786e-02	4.593194e-02	
9293	8.940178e-02	4.537101e-02	
9294	8.941431e-02	4.467250e-02	
9295	8.942641e-02	4.374578e-02	
9296	8.943503e-02	4.289855e-02	
9297	8.944677e-02	4.148448e-02	
9298	8.945744e-02	4.000715e-02	
9299	8.946616e-02	3.872499e-02	
9300	8.947680e-02	3.712715e-02	
9301	8.948718e-02	3.555655e-02	
9302	8.949990e-02	3.363740e-02	
9303	8.951108e-02	3.195682e-02	
9304	8.952213e-02	3.030588e-02	
9305	8.953429e-02	2.850306e-02	
9306	8.954547e-02	2.686073e-02	
9307	8.955645e-02	2.526415e-02	
9308	8.956790e-02	2.361508e-02	
9309	8.957904e-02	2.203111e-02	
9310	8.958994e-02	2.050129e-02	
9311	8.960150e-02	1.890504e-02	
9312	8.961285e-02	1.737136e-02	
9313	8.962391e-02	1.590845e-02	
9314	8.962924e-02	1.519783e-02	
9315	8.963464e-02	1.449337e-02	
9316	8.964096e-02	1.367783e-02	
9317	8.964973e-02	1.257455e-02	
9318	8.966013e-02	1.130917e-02	
9319	8.966939e-02	1.022721e-02	
9320	8.967984e-02	9.064154e-03	
9321	8.969014e-02	7.987682e-03	
9322	8.970219e-02	6.824956e-03	
9323	8.971373e-02	5.825528e-03	
9324	8.972503e-02	4.960877e-03	
9325	8.973540e-02	4.278962e-03	
9326	8.974696e-02	3.643483e-03	
9327	8.975803e-02	3.157781e-03	
9328	8.976819e-02	2.806222e-03	
9329	8.977988e-02	2.500353e-03	
9330	8.978904e-02	2.319534e-03	
9331	8.979885e-02	2.173528e-03	
9332	8.981045e-02	2.046137e-03	
9333	8.981871e-02	1.979763e-03	
9334	8.982857e-02	1.917360e-03	

Index   time            v3#branch       
--------------------------------------------------------------------------------
9335	8.984080e-02	1.861445e-03	
9336	8.984869e-02	1.832400e-03	
9337	8.985856e-02	1.804094e-03	
9338	8.986957e-02	1.776875e-03	
9339	8.987743e-02	1.761427e-03	
9340	8.988826e-02	1.740940e-03	
9341	8.989809e-02	1.725605e-03	
9342	8.990836e-02	1.709351e-03	
9343	8.991909e-02	1.694846e-03	
9344	8.992965e-02	1.679799e-03	
9345	8.994137e-02	1.665221e-03	
9346	8.995283e-02	1.650052e-03	
9347	8.996403e-02	1.637135e-03	
9348	8.997459e-02	1.624256e-03	
9349	8.998616e-02	1.612787e-03	
9350	8.999726e-02	1.602889e-03	
9351	9.000742e-02	1.597700e-03	
9352	9.001914e-02	1.593517e-03	
9353	9.002848e-02	1.592232e-03	
9354	9.003841e-02	1.590636e-03	
9355	9.005008e-02	1.590044e-03	
9356	9.005834e-02	1.589162e-03	
9357	9.006823e-02	1.589030e-03	
9358	9.008034e-02	1.588158e-03	
9359	9.008826e-02	1.588244e-03	
9360	9.009813e-02	1.587564e-03	
9361	9.010952e-02	1.587608e-03	
9362	9.011743e-02	1.587039e-03	
9363	9.012812e-02	1.587146e-03	
9364	9.013795e-02	1.586563e-03	
9365	9.014788e-02	1.586717e-03	
9366	9.015853e-02	1.586140e-03	
9367	9.016903e-02	1.586304e-03	
9368	9.018113e-02	1.585721e-03	
9369	9.019266e-02	1.585882e-03	
9370	9.020396e-02	1.585329e-03	
9371	9.021481e-02	1.585513e-03	
9372	9.022632e-02	1.584967e-03	
9373	9.023742e-02	1.585157e-03	
9374	9.024801e-02	1.584634e-03	
9375	9.025977e-02	1.584820e-03	
9376	9.026975e-02	1.584311e-03	
9377	9.028005e-02	1.584524e-03	
9378	9.029185e-02	1.583994e-03	
9379	9.030065e-02	1.584232e-03	
9380	9.031040e-02	1.583735e-03	
9381	9.032215e-02	1.583935e-03	
9382	9.033029e-02	1.583463e-03	
9383	9.034015e-02	1.583692e-03	
9384	9.035311e-02	1.583156e-03	
9385	9.036101e-02	1.583414e-03	
9386	9.037106e-02	1.582919e-03	
9387	9.038176e-02	1.583142e-03	
9388	9.038963e-02	1.582678e-03	
9389	9.039964e-02	1.582911e-03	
9390	9.040951e-02	1.582422e-03	
9391	9.042143e-02	1.582633e-03	
9392	9.043269e-02	1.582128e-03	

Index   time            v3#branch       
--------------------------------------------------------------------------------
9393	9.044382e-02	1.582350e-03	
9394	9.045534e-02	1.581844e-03	
9395	9.046676e-02	1.582065e-03	
9396	9.047790e-02	1.581565e-03	
9397	9.048913e-02	1.581789e-03	
9398	9.050066e-02	1.581285e-03	
9399	9.051184e-02	1.581512e-03	
9400	9.052266e-02	1.581018e-03	
9401	9.053433e-02	1.581240e-03	
9402	9.054554e-02	1.580742e-03	
9403	9.055590e-02	1.580981e-03	
9404	9.056776e-02	1.580476e-03	
9405	9.057756e-02	1.580723e-03	
9406	9.058776e-02	1.580239e-03	
9407	9.059958e-02	1.580462e-03	
9408	9.060808e-02	1.579999e-03	
9409	9.061798e-02	1.580246e-03	
9410	9.062988e-02	1.579743e-03	
9411	9.063793e-02	1.580012e-03	
9412	9.064782e-02	1.579534e-03	
9413	9.066155e-02	1.579738e-03	
9414	9.066954e-02	1.579282e-03	
9415	9.067977e-02	1.579527e-03	
9416	9.069053e-02	1.579040e-03	
9417	9.069836e-02	1.579313e-03	
9418	9.070839e-02	1.578834e-03	
9419	9.071829e-02	1.579085e-03	
9420	9.072995e-02	1.578588e-03	
9421	9.074118e-02	1.578824e-03	
9422	9.075227e-02	1.578334e-03	
9423	9.076385e-02	1.578567e-03	
9424	9.077533e-02	1.578073e-03	
9425	9.078653e-02	1.578311e-03	
9426	9.079776e-02	1.577821e-03	
9427	9.080932e-02	1.578055e-03	
9428	9.082052e-02	1.577566e-03	
9429	9.083143e-02	1.577808e-03	
9430	9.084311e-02	1.577313e-03	
9431	9.085435e-02	1.577553e-03	
9432	9.086482e-02	1.577072e-03	
9433	9.087673e-02	1.577305e-03	
9434	9.088673e-02	1.576830e-03	
9435	9.089707e-02	1.577081e-03	
9436	9.090895e-02	1.576585e-03	
9437	9.091781e-02	1.576853e-03	
9438	9.092754e-02	1.576381e-03	
9439	9.093935e-02	1.576618e-03	
9440	9.094749e-02	1.576164e-03	
9441	9.095738e-02	1.576421e-03	
9442	9.097026e-02	1.575916e-03	
9443	9.097815e-02	1.576195e-03	
9444	9.098820e-02	1.575721e-03	
9445	9.099912e-02	1.575968e-03	
9446	9.100709e-02	1.575517e-03	
9447	9.101822e-02	1.575763e-03	
9448	9.102829e-02	1.575289e-03	
9449	9.103864e-02	1.575543e-03	
9450	9.104955e-02	1.575060e-03	

Index   time            v3#branch       
--------------------------------------------------------------------------------
9451	9.106027e-02	1.575312e-03	
9452	9.107241e-02	1.574816e-03	
9453	9.108401e-02	1.575059e-03	
9454	9.109536e-02	1.574572e-03	
9455	9.110661e-02	1.574819e-03	
9456	9.111814e-02	1.574331e-03	
9457	9.112932e-02	1.574579e-03	
9458	9.114050e-02	1.574095e-03	
9459	9.115214e-02	1.574339e-03	
9460	9.116340e-02	1.573854e-03	
9461	9.117418e-02	1.574107e-03	
9462	9.118595e-02	1.573618e-03	
9463	9.119722e-02	1.573867e-03	
9464	9.120761e-02	1.573392e-03	
9465	9.121955e-02	1.573635e-03	
9466	9.122947e-02	1.573165e-03	
9467	9.123975e-02	1.573425e-03	
9468	9.125165e-02	1.572936e-03	
9469	9.126036e-02	1.573213e-03	
9470	9.127017e-02	1.572745e-03	
9471	9.128205e-02	1.572990e-03	
9472	9.129015e-02	1.572540e-03	
9473	9.130006e-02	1.572805e-03	
9474	9.131320e-02	1.572304e-03	
9475	9.132110e-02	1.572590e-03	
9476	9.133121e-02	1.572120e-03	
9477	9.134208e-02	1.572377e-03	
9478	9.135004e-02	1.571929e-03	
9479	9.136125e-02	1.572183e-03	
9480	9.137136e-02	1.571713e-03	
9481	9.138175e-02	1.571976e-03	
9482	9.139270e-02	1.571498e-03	
9483	9.140346e-02	1.571757e-03	
9484	9.141565e-02	1.571268e-03	
9485	9.142727e-02	1.571519e-03	
9486	9.143864e-02	1.571038e-03	
9487	9.145000e-02	1.571292e-03	
9488	9.146153e-02	1.570810e-03	
9489	9.147273e-02	1.571067e-03	
9490	9.148410e-02	1.570587e-03	
9491	9.149571e-02	1.570840e-03	
9492	9.150698e-02	1.570361e-03	
9493	9.151803e-02	1.570620e-03	
9494	9.152972e-02	1.570138e-03	
9495	9.154099e-02	1.570395e-03	
9496	9.155172e-02	1.569923e-03	
9497	9.156355e-02	1.570175e-03	
9498	9.157487e-02	1.569697e-03	
9499	9.158520e-02	1.569965e-03	
9500	9.159715e-02	1.569481e-03	
9501	9.160701e-02	1.569754e-03	
9502	9.161727e-02	1.569287e-03	
9503	9.162919e-02	1.569541e-03	
9504	9.163782e-02	1.569090e-03	
9505	9.164767e-02	1.569364e-03	
9506	9.165961e-02	1.568881e-03	
9507	9.166769e-02	1.569173e-03	
9508	9.167760e-02	1.568710e-03	

Index   time            v3#branch       
--------------------------------------------------------------------------------
9509	9.169206e-02	1.568941e-03	
9510	9.170025e-02	1.568495e-03	
9511	9.171064e-02	1.568766e-03	
9512	9.172244e-02	1.568286e-03	
9513	9.173019e-02	1.568581e-03	
9514	9.174078e-02	1.568113e-03	
9515	9.175073e-02	1.568389e-03	
9516	9.176025e-02	1.567931e-03	
9517	9.177091e-02	1.568201e-03	
9518	9.178142e-02	1.567734e-03	
9519	9.179438e-02	1.567982e-03	
9520	9.180609e-02	1.567505e-03	
9521	9.181761e-02	1.567768e-03	
9522	9.182932e-02	1.567291e-03	
9523	9.184075e-02	1.567555e-03	
9524	9.185190e-02	1.567084e-03	
9525	9.186412e-02	1.567341e-03	
9526	9.187562e-02	1.566867e-03	
9527	9.188688e-02	1.567134e-03	
9528	9.189908e-02	1.566654e-03	
9529	9.191053e-02	1.566920e-03	
9530	9.192175e-02	1.566450e-03	
9531	9.193418e-02	1.566707e-03	
9532	9.194563e-02	1.566235e-03	
9533	9.195686e-02	1.566504e-03	
9534	9.196962e-02	1.566021e-03	
9535	9.198102e-02	1.566290e-03	
9536	9.199224e-02	1.565820e-03	
9537	9.200606e-02	1.566068e-03	
9538	9.201863e-02	1.565588e-03	
9539	9.203002e-02	1.565857e-03	
9540	9.203945e-02	1.565405e-03	
9541	9.205004e-02	1.565682e-03	
9542	9.206040e-02	1.565222e-03	
9543	9.207280e-02	1.565484e-03	
9544	9.208420e-02	1.565016e-03	
9545	9.209545e-02	1.565288e-03	
9546	9.210790e-02	1.564812e-03	
9547	9.211933e-02	1.565083e-03	
9548	9.213056e-02	1.564617e-03	
9549	9.214355e-02	1.564876e-03	
9550	9.215497e-02	1.564409e-03	
9551	9.216622e-02	1.564684e-03	
9552	9.217833e-02	1.564212e-03	
9553	9.218949e-02	1.564488e-03	
9554	9.220049e-02	1.564025e-03	
9555	9.221260e-02	1.564294e-03	
9556	9.222381e-02	1.563830e-03	
9557	9.223486e-02	1.564109e-03	
9558	9.224882e-02	1.563623e-03	
9559	9.226139e-02	1.563889e-03	
9560	9.227285e-02	1.563425e-03	
9561	9.228247e-02	1.563716e-03	
9562	9.229311e-02	1.563259e-03	
9563	9.230352e-02	1.563544e-03	
9564	9.231576e-02	1.563075e-03	
9565	9.232712e-02	1.563353e-03	
9566	9.233834e-02	1.562892e-03	

Index   time            v3#branch       
--------------------------------------------------------------------------------
9567	9.235090e-02	1.563161e-03	
9568	9.236235e-02	1.562699e-03	
9569	9.237360e-02	1.562980e-03	
9570	9.238680e-02	1.562504e-03	
9571	9.239823e-02	1.562784e-03	
9572	9.240950e-02	1.562324e-03	
9573	9.242117e-02	1.562603e-03	
9574	9.243224e-02	1.562146e-03	
9575	9.244315e-02	1.562431e-03	
9576	9.245536e-02	1.561965e-03	
9577	9.246662e-02	1.562249e-03	
9578	9.247773e-02	1.561792e-03	
9579	9.249151e-02	1.562056e-03	
9580	9.250423e-02	1.561588e-03	
9581	9.251569e-02	1.561871e-03	
9582	9.252539e-02	1.561427e-03	
9583	9.253605e-02	1.561717e-03	
9584	9.254649e-02	1.561267e-03	
9585	9.255869e-02	1.561546e-03	
9586	9.257005e-02	1.561090e-03	
9587	9.258125e-02	1.561377e-03	
9588	9.259388e-02	1.560912e-03	
9589	9.260534e-02	1.561198e-03	
9590	9.261661e-02	1.560744e-03	
9591	9.262999e-02	1.561016e-03	
9592	9.264142e-02	1.560562e-03	
9593	9.265272e-02	1.560850e-03	
9594	9.266403e-02	1.560397e-03	
9595	9.267503e-02	1.560689e-03	
9596	9.268586e-02	1.560240e-03	
9597	9.269814e-02	1.560523e-03	
9598	9.270944e-02	1.560071e-03	
9599	9.272059e-02	1.560363e-03	
9600	9.273424e-02	1.559895e-03	
9601	9.274570e-02	1.560185e-03	
9602	9.275705e-02	1.559735e-03	
9603	9.276812e-02	1.560028e-03	
9604	9.277907e-02	1.559581e-03	
9605	9.278985e-02	1.559877e-03	
9606	9.280210e-02	1.559422e-03	
9607	9.281341e-02	1.559715e-03	
9608	9.282457e-02	1.559268e-03	
9609	9.283807e-02	1.559547e-03	
9610	9.284954e-02	1.559098e-03	
9611	9.286088e-02	1.559393e-03	
9612	9.287220e-02	1.558946e-03	
9613	9.288321e-02	1.559244e-03	
9614	9.289404e-02	1.558800e-03	
9615	9.290623e-02	1.559091e-03	
9616	9.291752e-02	1.558645e-03	
9617	9.292865e-02	1.558943e-03	
9618	9.294230e-02	1.558483e-03	
9619	9.295379e-02	1.558780e-03	
9620	9.296515e-02	1.558335e-03	
9621	9.297625e-02	1.558635e-03	
9622	9.298722e-02	1.558194e-03	
9623	9.299800e-02	1.558496e-03	
9624	9.301021e-02	1.558048e-03	

Index   time            v3#branch       
--------------------------------------------------------------------------------
9625	9.302152e-02	1.558348e-03	
9626	9.303267e-02	1.557907e-03	
9627	9.304622e-02	1.558194e-03	
9628	9.305771e-02	1.557751e-03	
9629	9.306906e-02	1.558052e-03	
9630	9.308032e-02	1.557612e-03	
9631	9.309132e-02	1.557916e-03	
9632	9.310215e-02	1.557479e-03	
9633	9.311432e-02	1.557777e-03	
9634	9.312561e-02	1.557338e-03	
9635	9.313675e-02	1.557643e-03	
9636	9.315040e-02	1.557190e-03	
9637	9.316190e-02	1.557494e-03	
9638	9.317327e-02	1.557056e-03	
9639	9.318437e-02	1.557362e-03	
9640	9.319534e-02	1.556927e-03	
9641	9.320613e-02	1.557236e-03	
9642	9.321832e-02	1.556795e-03	
9643	9.322963e-02	1.557102e-03	
9644	9.324078e-02	1.556667e-03	
9645	9.325437e-02	1.556962e-03	
9646	9.326586e-02	1.556526e-03	
9647	9.327723e-02	1.556834e-03	
9648	9.328843e-02	1.556401e-03	
9649	9.329943e-02	1.556712e-03	
9650	9.331025e-02	1.556281e-03	
9651	9.332241e-02	1.556587e-03	
9652	9.333371e-02	1.556154e-03	
9653	9.334485e-02	1.556466e-03	
9654	9.335852e-02	1.556022e-03	
9655	9.337002e-02	1.556332e-03	
9656	9.338140e-02	1.555901e-03	
9657	9.339249e-02	1.556214e-03	
9658	9.340347e-02	1.555786e-03	
9659	9.341426e-02	1.556102e-03	
9660	9.342643e-02	1.555668e-03	
9661	9.343774e-02	1.555982e-03	
9662	9.344889e-02	1.555554e-03	
9663	9.346251e-02	1.555857e-03	
9664	9.347402e-02	1.555428e-03	
9665	9.348540e-02	1.555743e-03	
9666	9.349656e-02	1.555317e-03	
9667	9.350755e-02	1.555635e-03	
9668	9.351836e-02	1.555211e-03	
9669	9.353051e-02	1.555524e-03	
9670	9.354181e-02	1.555098e-03	
9671	9.355296e-02	1.555417e-03	
9672	9.356663e-02	1.554981e-03	
9673	9.357815e-02	1.555299e-03	
9674	9.358954e-02	1.554875e-03	
9675	9.360061e-02	1.555195e-03	
9676	9.361159e-02	1.554774e-03	
9677	9.362239e-02	1.555096e-03	
9678	9.363454e-02	1.554671e-03	
9679	9.364585e-02	1.554992e-03	
9680	9.365701e-02	1.554571e-03	
9681	9.367065e-02	1.554882e-03	
9682	9.368217e-02	1.554461e-03	

Index   time            v3#branch       
--------------------------------------------------------------------------------
9683	9.369356e-02	1.554783e-03	
9684	9.370468e-02	1.554364e-03	
9685	9.371567e-02	1.554689e-03	
9686	9.372648e-02	1.554272e-03	
9687	9.373861e-02	1.554593e-03	
9688	9.374992e-02	1.554175e-03	
9689	9.376107e-02	1.554501e-03	
9690	9.377476e-02	1.554074e-03	
9691	9.378628e-02	1.554399e-03	
9692	9.379769e-02	1.553982e-03	
9693	9.380874e-02	1.554310e-03	
9694	9.381972e-02	1.553895e-03	
9695	9.383052e-02	1.554225e-03	
9696	9.384265e-02	1.553807e-03	
9697	9.385396e-02	1.554135e-03	
9698	9.386512e-02	1.553722e-03	
9699	9.387879e-02	1.554042e-03	
9700	9.389032e-02	1.553628e-03	
9701	9.390172e-02	1.553958e-03	
9702	9.391281e-02	1.553547e-03	
9703	9.392380e-02	1.553879e-03	
9704	9.393461e-02	1.553469e-03	
9705	9.394672e-02	1.553798e-03	
9706	9.395803e-02	1.553387e-03	
9707	9.396919e-02	1.553720e-03	
9708	9.398289e-02	1.553302e-03	
9709	9.399443e-02	1.553635e-03	
9710	9.400584e-02	1.553226e-03	
9711	9.401687e-02	1.553561e-03	
9712	9.402785e-02	1.553154e-03	
9713	9.403865e-02	1.553490e-03	
9714	9.405076e-02	1.553081e-03	
9715	9.406208e-02	1.553416e-03	
9716	9.407324e-02	1.553011e-03	
9717	9.408693e-02	1.553340e-03	
9718	9.409847e-02	1.552934e-03	
9719	9.410989e-02	1.553271e-03	
9720	9.412094e-02	1.552867e-03	
9721	9.413193e-02	1.553206e-03	
9722	9.414273e-02	1.552804e-03	
9723	9.415483e-02	1.553141e-03	
9724	9.416615e-02	1.552738e-03	
9725	9.417731e-02	1.553078e-03	
9726	9.419103e-02	1.552670e-03	
9727	9.420257e-02	1.553010e-03	
9728	9.421400e-02	1.552609e-03	
9729	9.422500e-02	1.552951e-03	
9730	9.423599e-02	1.552552e-03	
9731	9.424679e-02	1.552895e-03	
9732	9.425888e-02	1.552494e-03	
9733	9.427020e-02	1.552838e-03	
9734	9.428137e-02	1.552439e-03	
9735	9.429508e-02	1.552778e-03	
9736	9.430663e-02	1.552380e-03	
9737	9.431806e-02	1.552724e-03	
9738	9.432907e-02	1.552329e-03	
9739	9.434006e-02	1.552675e-03	
9740	9.435087e-02	1.552280e-03	

Index   time            v3#branch       
--------------------------------------------------------------------------------
9741	9.436294e-02	1.552625e-03	
9742	9.437427e-02	1.552230e-03	
9743	9.438543e-02	1.552578e-03	
9744	9.439917e-02	1.552179e-03	
9745	9.441073e-02	1.552527e-03	
9746	9.442216e-02	1.552134e-03	
9747	9.443314e-02	1.552483e-03	
9748	9.444413e-02	1.552092e-03	
9749	9.445493e-02	1.552443e-03	
9750	9.446700e-02	1.552050e-03	
9751	9.447832e-02	1.552401e-03	
9752	9.448949e-02	1.552011e-03	
9753	9.450323e-02	1.552358e-03	
9754	9.451479e-02	1.551969e-03	
9755	9.452623e-02	1.552321e-03	
9756	9.453721e-02	1.551933e-03	
9757	9.454820e-02	1.552287e-03	
9758	9.455901e-02	1.551900e-03	
9759	9.457106e-02	1.552253e-03	
9760	9.458239e-02	1.551866e-03	
9761	9.459356e-02	1.552221e-03	
9762	9.460732e-02	1.551832e-03	
9763	9.461888e-02	1.552188e-03	
9764	9.463033e-02	1.551803e-03	
9765	9.464128e-02	1.552160e-03	
9766	9.465227e-02	1.551776e-03	
9767	9.466307e-02	1.552134e-03	
9768	9.467512e-02	1.551750e-03	
9769	9.468645e-02	1.552109e-03	
9770	9.469762e-02	1.551727e-03	
9771	9.471138e-02	1.552083e-03	
9772	9.472296e-02	1.551702e-03	
9773	9.473441e-02	1.552062e-03	
9774	9.474536e-02	1.551682e-03	
9775	9.475635e-02	1.552043e-03	
9776	9.476715e-02	1.551664e-03	
9777	9.477919e-02	1.552025e-03	
9778	9.479052e-02	1.551647e-03	
9779	9.480169e-02	1.552009e-03	
9780	9.481547e-02	1.551630e-03	
9781	9.482705e-02	1.551993e-03	
9782	9.483851e-02	1.551617e-03	
9783	9.484943e-02	1.551981e-03	
9784	9.486042e-02	1.551606e-03	
9785	9.487122e-02	1.551971e-03	
9786	9.488325e-02	1.551596e-03	
9787	9.489458e-02	1.551962e-03	
9788	9.490576e-02	1.551588e-03	
9789	9.491954e-02	1.551954e-03	
9790	9.493113e-02	1.551581e-03	
9791	9.494259e-02	1.551948e-03	
9792	9.495350e-02	1.551577e-03	
9793	9.496450e-02	1.551945e-03	
9794	9.497530e-02	1.551574e-03	
9795	9.498731e-02	1.551943e-03	
9796	9.499865e-02	1.551573e-03	
9797	9.500983e-02	1.551943e-03	
9798	9.502363e-02	1.551574e-03	

Index   time            v3#branch       
--------------------------------------------------------------------------------
9799	9.503522e-02	1.551945e-03	
9800	9.504669e-02	1.551577e-03	
9801	9.505758e-02	1.551948e-03	
9802	9.506857e-02	1.551581e-03	
9803	9.507937e-02	1.551953e-03	
9804	9.509138e-02	1.551587e-03	
9805	9.510272e-02	1.551960e-03	
9806	9.511390e-02	1.551595e-03	
9807	9.512770e-02	1.551970e-03	
9808	9.513930e-02	1.551606e-03	
9809	9.515078e-02	1.551981e-03	
9810	9.516166e-02	1.551617e-03	
9811	9.517265e-02	1.551993e-03	
9812	9.518345e-02	1.551630e-03	
9813	9.519545e-02	1.552007e-03	
9814	9.520679e-02	1.551645e-03	
9815	9.521797e-02	1.552022e-03	
9816	9.523179e-02	1.551664e-03	
9817	9.524340e-02	1.552042e-03	
9818	9.525488e-02	1.551683e-03	
9819	9.526574e-02	1.552061e-03	
9820	9.527673e-02	1.551702e-03	
9821	9.528753e-02	1.552081e-03	
9822	9.529951e-02	1.551725e-03	
9823	9.531086e-02	1.552105e-03	
9824	9.532204e-02	1.551748e-03	
9825	9.533587e-02	1.552132e-03	
9826	9.534749e-02	1.551777e-03	
9827	9.535898e-02	1.552159e-03	
9828	9.536982e-02	1.551804e-03	
9829	9.538081e-02	1.552186e-03	
9830	9.539161e-02	1.551832e-03	
9831	9.540359e-02	1.552216e-03	
9832	9.541493e-02	1.551863e-03	
9833	9.542612e-02	1.552248e-03	
9834	9.543996e-02	1.551900e-03	
9835	9.545158e-02	1.552285e-03	
9836	9.546308e-02	1.551935e-03	
9837	9.547390e-02	1.552320e-03	
9838	9.548490e-02	1.551969e-03	
9839	9.549570e-02	1.552355e-03	
9840	9.550766e-02	1.552007e-03	
9841	9.551901e-02	1.552395e-03	
9842	9.553020e-02	1.552047e-03	
9843	9.554405e-02	1.552440e-03	
9844	9.555568e-02	1.552093e-03	
9845	9.556718e-02	1.552483e-03	
9846	9.557799e-02	1.552136e-03	
9847	9.558898e-02	1.552525e-03	
9848	9.559978e-02	1.552179e-03	
9849	9.561173e-02	1.552571e-03	
9850	9.562308e-02	1.552226e-03	
9851	9.563427e-02	1.552618e-03	
9852	9.564814e-02	1.552280e-03	
9853	9.565978e-02	1.552673e-03	
9854	9.567129e-02	1.552331e-03	
9855	9.568207e-02	1.552723e-03	
9856	9.569307e-02	1.552381e-03	

Index   time            v3#branch       
--------------------------------------------------------------------------------
9857	9.570387e-02	1.552774e-03	
9858	9.571580e-02	1.552435e-03	
9859	9.572716e-02	1.552830e-03	
9860	9.573835e-02	1.552490e-03	
9861	9.575223e-02	1.552891e-03	
9862	9.576387e-02	1.552553e-03	
9863	9.577539e-02	1.552950e-03	
9864	9.578616e-02	1.552611e-03	
9865	9.579716e-02	1.553008e-03	
9866	9.580796e-02	1.552669e-03	
9867	9.581988e-02	1.553069e-03	
9868	9.583124e-02	1.552733e-03	
9869	9.584243e-02	1.553131e-03	
9870	9.585633e-02	1.552804e-03	
9871	9.586798e-02	1.553204e-03	
9872	9.587950e-02	1.552871e-03	
9873	9.589025e-02	1.553269e-03	
9874	9.590125e-02	1.552935e-03	
9875	9.591205e-02	1.553335e-03	
9876	9.592396e-02	1.553004e-03	
9877	9.593532e-02	1.553406e-03	
9878	9.594652e-02	1.553075e-03	
9879	9.596042e-02	1.553485e-03	
9880	9.597208e-02	1.553156e-03	
9881	9.598361e-02	1.553560e-03	
9882	9.599434e-02	1.553229e-03	
9883	9.600534e-02	1.553632e-03	
9884	9.601614e-02	1.553302e-03	
9885	9.602804e-02	1.553708e-03	
9886	9.603940e-02	1.553381e-03	
9887	9.605060e-02	1.553786e-03	
9888	9.606452e-02	1.553469e-03	
9889	9.607619e-02	1.553876e-03	
9890	9.608773e-02	1.553552e-03	
9891	9.609844e-02	1.553956e-03	
9892	9.610944e-02	1.553630e-03	
9893	9.612024e-02	1.554036e-03	
9894	9.613212e-02	1.553715e-03	
9895	9.614349e-02	1.554123e-03	
9896	9.615469e-02	1.553800e-03	
9897	9.616862e-02	1.554219e-03	
9898	9.618030e-02	1.553899e-03	
9899	9.619185e-02	1.554310e-03	
9900	9.620254e-02	1.553986e-03	
9901	9.621353e-02	1.554396e-03	
9902	9.622433e-02	1.554073e-03	
9903	9.623620e-02	1.554487e-03	
9904	9.624757e-02	1.554168e-03	
9905	9.625877e-02	1.554580e-03	
9906	9.627273e-02	1.554272e-03	
9907	9.628441e-02	1.554687e-03	
9908	9.629596e-02	1.554371e-03	
9909	9.630663e-02	1.554781e-03	
9910	9.631763e-02	1.554464e-03	
9911	9.632843e-02	1.554876e-03	
9912	9.634029e-02	1.554563e-03	
9913	9.635166e-02	1.554978e-03	
9914	9.636286e-02	1.554663e-03	

Index   time            v3#branch       
--------------------------------------------------------------------------------
9915	9.637683e-02	1.555090e-03	
9916	9.638852e-02	1.554778e-03	
9917	9.640009e-02	1.555196e-03	
9918	9.641074e-02	1.554880e-03	
9919	9.642174e-02	1.555296e-03	
9920	9.643253e-02	1.554981e-03	
9921	9.644437e-02	1.555402e-03	
9922	9.645575e-02	1.555091e-03	
9923	9.646696e-02	1.555509e-03	
9924	9.648094e-02	1.555212e-03	
9925	9.649264e-02	1.555633e-03	
9926	9.650421e-02	1.555325e-03	
9927	9.651484e-02	1.555741e-03	
9928	9.652584e-02	1.555431e-03	
9929	9.653664e-02	1.555849e-03	
9930	9.654846e-02	1.555545e-03	
9931	9.655984e-02	1.555966e-03	
9932	9.657105e-02	1.555659e-03	
9933	9.658505e-02	1.556095e-03	
9934	9.659806e-02	1.555798e-03	
9935	9.660976e-02	1.556223e-03	
9936	9.661912e-02	1.555908e-03	
9937	9.662989e-02	1.556328e-03	
9938	9.664040e-02	1.556020e-03	
9939	9.665213e-02	1.556446e-03	
9940	9.666355e-02	1.556144e-03	
9941	9.667480e-02	1.556568e-03	
9942	9.668796e-02	1.556276e-03	
9943	9.669966e-02	1.556704e-03	
9944	9.671118e-02	1.556403e-03	
9945	9.672326e-02	1.556834e-03	
9946	9.673459e-02	1.556533e-03	
9947	9.674575e-02	1.556959e-03	
9948	9.675724e-02	1.556661e-03	
9949	9.676851e-02	1.557088e-03	
9950	9.677958e-02	1.556788e-03	
9951	9.679193e-02	1.557222e-03	
9952	9.680341e-02	1.556925e-03	
9953	9.681471e-02	1.557353e-03	
9954	9.682691e-02	1.557062e-03	
9955	9.683832e-02	1.557492e-03	
9956	9.684955e-02	1.557195e-03	
9957	9.686138e-02	1.557628e-03	
9958	9.687271e-02	1.557333e-03	
9959	9.688387e-02	1.557762e-03	
9960	9.689596e-02	1.557473e-03	
9961	9.690737e-02	1.557905e-03	
9962	9.691860e-02	1.557611e-03	
9963	9.693074e-02	1.558047e-03	
9964	9.694215e-02	1.557755e-03	
9965	9.695339e-02	1.558187e-03	
9966	9.696536e-02	1.557900e-03	
9967	9.697674e-02	1.558333e-03	
9968	9.698793e-02	1.558041e-03	
9969	9.699996e-02	1.558479e-03	
9970	9.701135e-02	1.558190e-03	
9971	9.702257e-02	1.558624e-03	
9972	9.703465e-02	1.558339e-03	

Index   time            v3#branch       
--------------------------------------------------------------------------------
9973	9.704606e-02	1.558775e-03	
9974	9.705729e-02	1.558486e-03	
9975	9.706931e-02	1.558926e-03	
9976	9.708070e-02	1.558639e-03	
9977	9.709192e-02	1.559074e-03	
9978	9.710394e-02	1.558792e-03	
9979	9.711533e-02	1.559230e-03	
9980	9.712655e-02	1.558943e-03	
9981	9.713860e-02	1.559385e-03	
9982	9.715000e-02	1.559100e-03	
9983	9.716123e-02	1.559538e-03	
9984	9.717325e-02	1.559259e-03	
9985	9.718466e-02	1.559698e-03	
9986	9.719588e-02	1.559413e-03	
9987	9.720790e-02	1.559857e-03	
9988	9.721930e-02	1.559575e-03	
9989	9.723052e-02	1.560014e-03	
9990	9.724255e-02	1.559738e-03	
9991	9.725395e-02	1.560178e-03	
9992	9.726518e-02	1.559897e-03	
9993	9.727720e-02	1.560342e-03	
9994	9.728861e-02	1.560063e-03	
9995	9.729984e-02	1.560504e-03	
9996	9.731185e-02	1.560229e-03	
9997	9.732326e-02	1.560672e-03	
9998	9.733449e-02	1.560393e-03	
9999	9.734650e-02	1.560840e-03	
10000	9.735791e-02	1.560563e-03	
10001	9.736914e-02	1.561005e-03	
10002	9.738115e-02	1.560734e-03	
10003	9.739256e-02	1.561178e-03	
10004	9.740380e-02	1.560901e-03	
10005	9.741580e-02	1.561350e-03	
10006	9.742721e-02	1.561075e-03	
10007	9.743845e-02	1.561520e-03	
10008	9.745045e-02	1.561250e-03	
10009	9.746186e-02	1.561696e-03	
10010	9.747310e-02	1.561422e-03	
10011	9.748510e-02	1.561872e-03	
10012	9.749652e-02	1.561600e-03	
10013	9.750775e-02	1.562046e-03	
10014	9.751975e-02	1.561779e-03	
10015	9.753117e-02	1.562227e-03	
10016	9.754241e-02	1.561954e-03	
10017	9.755440e-02	1.562407e-03	
10018	9.756582e-02	1.562137e-03	
10019	9.757706e-02	1.562584e-03	
10020	9.758905e-02	1.562320e-03	
10021	9.760047e-02	1.562769e-03	
10022	9.761171e-02	1.562499e-03	
10023	9.762370e-02	1.562953e-03	
10024	9.763512e-02	1.562685e-03	
10025	9.764637e-02	1.563134e-03	
10026	9.765835e-02	1.562872e-03	
10027	9.766977e-02	1.563323e-03	
10028	9.768102e-02	1.563055e-03	
10029	9.769300e-02	1.563511e-03	
10030	9.770442e-02	1.563245e-03	

Index   time            v3#branch       
--------------------------------------------------------------------------------
10031	9.771567e-02	1.563696e-03	
10032	9.772764e-02	1.563436e-03	
10033	9.773908e-02	1.563888e-03	
10034	9.775032e-02	1.563623e-03	
10035	9.776229e-02	1.564080e-03	
10036	9.777373e-02	1.563817e-03	
10037	9.778498e-02	1.564269e-03	
10038	9.779694e-02	1.564011e-03	
10039	9.780838e-02	1.564465e-03	
10040	9.781963e-02	1.564201e-03	
10041	9.783159e-02	1.564660e-03	
10042	9.784303e-02	1.564399e-03	
10043	9.785428e-02	1.564853e-03	
10044	9.786624e-02	1.564597e-03	
10045	9.787768e-02	1.565052e-03	
10046	9.788893e-02	1.564791e-03	
10047	9.790089e-02	1.565251e-03	
10048	9.791233e-02	1.564993e-03	
10049	9.792359e-02	1.565447e-03	
10050	9.793554e-02	1.565194e-03	
10051	9.794698e-02	1.565651e-03	
10052	9.795824e-02	1.565392e-03	
10053	9.797019e-02	1.565853e-03	
10054	9.798163e-02	1.565597e-03	
10055	9.799289e-02	1.566053e-03	
10056	9.800483e-02	1.565802e-03	
10057	9.801628e-02	1.566260e-03	
10058	9.802754e-02	1.566003e-03	
10059	9.803948e-02	1.566466e-03	
10060	9.805093e-02	1.566212e-03	
10061	9.806219e-02	1.566669e-03	
10062	9.807413e-02	1.566420e-03	
10063	9.808558e-02	1.566879e-03	
10064	9.809685e-02	1.566625e-03	
10065	9.810878e-02	1.567089e-03	
10066	9.812023e-02	1.566837e-03	
10067	9.813150e-02	1.567295e-03	
10068	9.814343e-02	1.567049e-03	
10069	9.815488e-02	1.567509e-03	
10070	9.816615e-02	1.567257e-03	
10071	9.817808e-02	1.567722e-03	
10072	9.818953e-02	1.567472e-03	
10073	9.820080e-02	1.567932e-03	
10074	9.821272e-02	1.567687e-03	
10075	9.822418e-02	1.568149e-03	
10076	9.823545e-02	1.567899e-03	
10077	9.824737e-02	1.568365e-03	
10078	9.825883e-02	1.568117e-03	
10079	9.827010e-02	1.568578e-03	
10080	9.828202e-02	1.568335e-03	
10081	9.829348e-02	1.568799e-03	
10082	9.830476e-02	1.568550e-03	
10083	9.831667e-02	1.569018e-03	
10084	9.832813e-02	1.568772e-03	
10085	9.833941e-02	1.569234e-03	
10086	9.835131e-02	1.568994e-03	
10087	9.836278e-02	1.569458e-03	
10088	9.837406e-02	1.569212e-03	

Index   time            v3#branch       
--------------------------------------------------------------------------------
10089	9.838596e-02	1.569681e-03	
10090	9.839743e-02	1.569437e-03	
10091	9.840871e-02	1.569900e-03	
10092	9.842061e-02	1.569661e-03	
10093	9.843208e-02	1.570127e-03	
10094	9.844336e-02	1.569882e-03	
10095	9.845526e-02	1.570353e-03	
10096	9.846673e-02	1.570111e-03	
10097	9.847801e-02	1.570575e-03	
10098	9.848990e-02	1.570338e-03	
10099	9.850138e-02	1.570805e-03	
10100	9.851266e-02	1.570563e-03	
10101	9.852455e-02	1.571034e-03	
10102	9.853603e-02	1.570794e-03	
10103	9.854732e-02	1.571260e-03	
10104	9.855920e-02	1.571024e-03	
10105	9.857068e-02	1.571492e-03	
10106	9.858197e-02	1.571252e-03	
10107	9.859385e-02	1.571724e-03	
10108	9.860533e-02	1.571486e-03	
10109	9.861662e-02	1.571953e-03	
10110	9.862849e-02	1.571720e-03	
10111	9.863998e-02	1.572189e-03	
10112	9.865127e-02	1.571950e-03	
10113	9.866314e-02	1.572424e-03	
10114	9.867463e-02	1.572188e-03	
10115	9.868592e-02	1.572656e-03	
10116	9.869779e-02	1.572424e-03	
10117	9.870927e-02	1.572895e-03	
10118	9.872057e-02	1.572658e-03	
10119	9.873243e-02	1.573132e-03	
10120	9.874392e-02	1.572898e-03	
10121	9.875522e-02	1.573367e-03	
10122	9.876708e-02	1.573138e-03	
10123	9.877857e-02	1.573609e-03	
10124	9.878987e-02	1.573374e-03	
10125	9.880173e-02	1.573850e-03	
10126	9.881322e-02	1.573617e-03	
10127	9.882452e-02	1.574088e-03	
10128	9.883637e-02	1.573860e-03	
10129	9.884787e-02	1.574333e-03	
10130	9.885918e-02	1.574100e-03	
10131	9.887102e-02	1.574576e-03	
10132	9.888252e-02	1.574346e-03	
10133	9.889383e-02	1.574817e-03	
10134	9.890567e-02	1.574591e-03	
10135	9.891717e-02	1.575065e-03	
10136	9.892848e-02	1.574834e-03	
10137	9.894031e-02	1.575312e-03	
10138	9.895182e-02	1.575083e-03	
10139	9.896313e-02	1.575556e-03	
10140	9.897496e-02	1.575332e-03	
10141	9.898647e-02	1.575807e-03	
10142	9.899778e-02	1.575578e-03	
10143	9.900961e-02	1.576056e-03	
10144	9.902111e-02	1.575830e-03	
10145	9.903243e-02	1.576304e-03	
10146	9.904425e-02	1.576082e-03	

Index   time            v3#branch       
--------------------------------------------------------------------------------
10147	9.905576e-02	1.576558e-03	
10148	9.906708e-02	1.576331e-03	
10149	9.907890e-02	1.576811e-03	
10150	9.909041e-02	1.576587e-03	
10151	9.910173e-02	1.577061e-03	
10152	9.911354e-02	1.576841e-03	
10153	9.912506e-02	1.577319e-03	
10154	9.913638e-02	1.577094e-03	
10155	9.914819e-02	1.577575e-03	
10156	9.915971e-02	1.577353e-03	
10157	9.917103e-02	1.577829e-03	
10158	9.918284e-02	1.577611e-03	
10159	9.919436e-02	1.578090e-03	
10160	9.920568e-02	1.577868e-03	
10161	9.921748e-02	1.578350e-03	
10162	9.922900e-02	1.578130e-03	
10163	9.924033e-02	1.578608e-03	
10164	9.925213e-02	1.578392e-03	
10165	9.926365e-02	1.578873e-03	
10166	9.927498e-02	1.578653e-03	
10167	9.928677e-02	1.579137e-03	
10168	9.929830e-02	1.578919e-03	
10169	9.930963e-02	1.579399e-03	
10170	9.932142e-02	1.579186e-03	
10171	9.933295e-02	1.579668e-03	
10172	9.934428e-02	1.579450e-03	
10173	9.935606e-02	1.579936e-03	
10174	9.936760e-02	1.579722e-03	
10175	9.937893e-02	1.580203e-03	
10176	9.939071e-02	1.579993e-03	
10177	9.940225e-02	1.580478e-03	
10178	9.941358e-02	1.580263e-03	
10179	9.942536e-02	1.580751e-03	
10180	9.943689e-02	1.580540e-03	
10181	9.944824e-02	1.581024e-03	
10182	9.946000e-02	1.580817e-03	
10183	9.947154e-02	1.581305e-03	
10184	9.948289e-02	1.581093e-03	
10185	9.949465e-02	1.581585e-03	
10186	9.950619e-02	1.581377e-03	
10187	9.951754e-02	1.581865e-03	
10188	9.952929e-02	1.581661e-03	
10189	9.954084e-02	1.582153e-03	
10190	9.955219e-02	1.581946e-03	
10191	9.956394e-02	1.582442e-03	
10192	9.957549e-02	1.582239e-03	
10193	9.958684e-02	1.582732e-03	
10194	9.959858e-02	1.582534e-03	
10195	9.961014e-02	1.583031e-03	
10196	9.962149e-02	1.582830e-03	
10197	9.963323e-02	1.583332e-03	
10198	9.964478e-02	1.583136e-03	
10199	9.965614e-02	1.583636e-03	
10200	9.966787e-02	1.583445e-03	
10201	9.967943e-02	1.583951e-03	
10202	9.969079e-02	1.583759e-03	
10203	9.970252e-02	1.584271e-03	
10204	9.971408e-02	1.584086e-03	

Index   time            v3#branch       
--------------------------------------------------------------------------------
10205	9.972544e-02	1.584598e-03	
10206	9.973716e-02	1.584420e-03	
10207	9.974873e-02	1.584941e-03	
10208	9.976009e-02	1.584764e-03	
10209	9.977181e-02	1.585295e-03	
10210	9.978338e-02	1.585129e-03	
10211	9.979474e-02	1.585664e-03	
10212	9.980645e-02	1.585511e-03	
10213	9.981802e-02	1.586063e-03	
10214	9.982939e-02	1.585918e-03	
10215	9.984110e-02	1.586491e-03	
10216	9.985267e-02	1.586371e-03	
10217	9.986404e-02	1.586965e-03	
10218	9.987575e-02	1.586878e-03	
10219	9.988732e-02	1.587519e-03	
10220	9.989869e-02	1.587476e-03	
10221	9.991039e-02	1.588193e-03	
10222	9.992197e-02	1.588249e-03	
10223	9.993335e-02	1.589096e-03	
10224	9.994504e-02	1.589358e-03	
10225	9.995662e-02	1.590548e-03	
10226	9.996799e-02	1.591331e-03	
10227	9.997969e-02	1.593593e-03	
10228	9.999129e-02	1.596565e-03	
10229	1.000000e-01	1.601315e-03	
